Name,List,Image,Animation,Video,Table,Github,Links,Project,Inline,Code,repository_ID,fullname_x,URL,created_date_x,language,description,number_of_stars,num_of_forks,num_of_watchers,open_issue_count,repo_id,repository,community,downloads,releases,assets,commits,open_issues,closed_issues,total_issues,open_prs,closed_prs,total_prs,readme_issues,readme_commits,fullname_y,created_date_y,days,download_score,community_score,assets_score,releases_score,commits_score,avg_assets_release,Label
microsoft/PowerToys,48,3,1,0,0,23,32,0,3,1.0,184456251,microsoft/PowerToys,https://github.com/microsoft/PowerToys,2019-05-01 17:44:02,C#,,64333,3556,64333,2140,0,microsoft/PowerToys,313.0,7165238.0,30.0,55.0,5768.0,2339.0,11105.0,13444.0,20.0,3429.0,3449.0,2.0,180.0,microsoft/PowerToys,2019-05-01 17:44:02,1073,6677.761416589003,0.2917054986020503,0.0512581547064305,0.0279589934762348,5.375582479030755,1.8333333333333333,1
shadowsocks/shadowsocks-windows,19,3,0,0,0,4,5,0,5,2.0,7600409,shadowsocks/shadowsocks-windows,https://github.com/shadowsocks/shadowsocks-windows,2013-01-14 07:54:16,C#,,53513,16188,53513,62,1,shadowsocks/shadowsocks-windows,91.0,113682379.0,30.0,43.0,1718.0,71.0,2686.0,2757.0,4.0,458.0,462.0,2.0,81.0,shadowsocks/shadowsocks-windows,2013-01-14 07:54:16,3371,33723.636606348264,0.0269949569860575,0.0127558587956096,0.0088994363690299,0.5096410560664492,1.4333333333333331,1
PowerShell/PowerShell,6,0,0,0,0,6,15,0,0,1.0,49609581,PowerShell/PowerShell,https://github.com/PowerShell/PowerShell,2016-01-13 23:41:35,C#,,31124,4908,31124,3170,2,PowerShell/PowerShell,466.0,107417.0,30.0,681.0,9258.0,3123.0,6795.0,9918.0,93.0,6375.0,6468.0,0.0,316.0,PowerShell/PowerShell,2016-01-13 23:41:35,2277,47.1747913921827,0.204655248133509,0.2990777338603425,0.0131752305665349,4.065876152832675,22.7,1
dotnet/aspnetcore,7,3,0,0,0,5,11,0,0,0.0,17620347,dotnet/aspnetcore,https://github.com/dotnet/aspnetcore,2014-03-11 06:09:42,C#,,26646,7147,26646,2197,3,dotnet/aspnetcore,1195.0,0.0,2.0,0.0,48991.0,2271.0,22893.0,25164.0,50.0,12218.0,12268.0,10.0,41.0,dotnet/aspnetcore,2014-03-11 06:09:42,2950,0.0,0.4050847457627118,0.0,0.0006779661016949,16.607118644067796,0.0,1
2dust/v2rayN,5,0,0,0,0,1,2,0,0,0.0,199570071,2dust/v2rayN,https://github.com/2dust/v2rayN,2019-07-30 03:47:24,C#,,24225,5121,24225,44,4,2dust/v2rayN,18.0,1214738.0,30.0,60.0,413.0,24.0,1843.0,1867.0,1.0,104.0,105.0,0.0,4.0,2dust/v2rayN,2019-07-30 03:47:24,983,1235.7456765005086,0.0183112919633774,0.0610376398779247,0.0305188199389623,0.4201424211597152,2.0,1
CodeHubApp/CodeHub,9,3,0,0,0,5,12,0,3,0.0,11620669,CodeHubApp/CodeHub,https://github.com/CodeHubApp/CodeHub,2013-07-23 22:19:57,C#,,23312,642,23312,235,5,CodeHubApp/CodeHub,10.0,0.0,2.0,0.0,593.0,234.0,407.0,641.0,1.0,20.0,21.0,2.0,15.0,CodeHubApp/CodeHub,2013-07-23 22:19:57,3181,0.0,0.0031436655139893,0.0,0.0006287331027978,0.1864193649795661,0.0,0
Wox-launcher/Wox,32,6,1,0,0,6,10,0,6,0.0,15315789,Wox-launcher/Wox,https://github.com/Wox-launcher/Wox,2013-12-19 15:49:32,C#,,21061,2257,21061,766,6,Wox-launcher/Wox,130.0,756437.0,30.0,105.0,2749.0,798.0,2397.0,3195.0,10.0,437.0,447.0,7.0,151.0,Wox-launcher/Wox,2013-12-19 15:49:32,3032,249.4844986807388,0.0428759894459102,0.0346306068601583,0.0098944591029023,0.9066622691292876,3.5,1
dnSpy/dnSpy,49,2,2,0,0,8,9,0,0,1.0,38380854,dnSpy/dnSpy,https://github.com/dnSpy/dnSpy,2015-07-01 16:05:10,C#,,19582,3658,19582,185,7,dnSpy/dnSpy,31.0,164878.0,1.0,3.0,3932.0,0.0,0.0,0.0,0.0,83.0,83.0,0.0,41.0,dnSpy/dnSpy,2015-07-01 16:05:10,2473,66.67124949454104,0.0125353821269712,0.0012131014961585,0.0004043671653861,1.589971694298423,3.0,1
dotnet-architecture/eShopOnContainers,7,11,0,0,0,18,23,0,4,2.0,70104825,dotnet-architecture/eShopOnContainers,https://github.com/dotnet-architecture/eShopOnContainers,2016-10-05 22:35:23,C#,,19281,8186,19281,47,8,dotnet-architecture/eShopOnContainers,200.0,0.0,2.0,0.0,3967.0,34.0,1076.0,1110.0,15.0,695.0,710.0,0.0,180.0,dotnet-architecture/eShopOnContainers,2016-10-05 22:35:23,2011,0.0,0.0994530084535057,0.0,0.000994530084535,1.972650422675286,0.0,1
ShareX/ShareX,0,8,0,0,0,1,9,0,0,0.0,13428264,ShareX/ShareX,https://github.com/ShareX/ShareX,2013-10-08 23:32:10,C#,,17970,2334,17970,384,9,ShareX/ShareX,255.0,11601087.0,30.0,62.0,7100.0,350.0,4824.0,5174.0,7.0,923.0,930.0,1.0,50.0,ShareX/ShareX,2013-10-08 23:32:10,3104,3737.463595360825,0.0821520618556701,0.0199742268041237,0.0096649484536082,2.2873711340206184,2.066666666666667,1
mxgmn/WaveFunctionCollapse,80,15,7,2,0,55,82,0,0,1.0,69662720,mxgmn/WaveFunctionCollapse,https://github.com/mxgmn/WaveFunctionCollapse,2016-09-30 11:53:17,C#,,17092,885,17092,0,10,mxgmn/WaveFunctionCollapse,17.0,0.0,2.0,0.0,135.0,0.0,40.0,40.0,0.0,29.0,29.0,0.0,97.0,mxgmn/WaveFunctionCollapse,2016-09-30 11:53:17,2016,0.0,0.0084325396825396,0.0,0.0009920634920634,0.0669642857142857,0.0,0
NickeManarin/ScreenToGif,13,19,3,0,0,9,26,0,0,0.0,64713769,NickeManarin/ScreenToGif,https://github.com/NickeManarin/ScreenToGif,2016-08-02 01:28:59,C#,,15963,1707,15963,170,11,NickeManarin/ScreenToGif,90.0,575666.0,30.0,93.0,1144.0,172.0,647.0,819.0,10.0,243.0,253.0,0.0,74.0,NickeManarin/ScreenToGif,2016-08-02 01:28:59,2075,277.4293975903614,0.0433734939759036,0.0448192771084337,0.0144578313253012,0.5513253012048193,3.1,1
thangchung/awesome-dotnet-core,821,2,0,5,0,670,748,26,7,0.0,54086969,thangchung/awesome-dotnet-core,https://github.com/thangchung/awesome-dotnet-core,2016-03-17 03:52:09,C#,,15409,2426,15409,126,12,thangchung/awesome-dotnet-core,255.0,0.0,2.0,0.0,1251.0,19.0,51.0,70.0,112.0,601.0,713.0,0.0,1125.0,thangchung/awesome-dotnet-core,2016-03-17 03:52:09,2213,0.0,0.1152281970176231,0.0,0.0009037505648441,0.5652959783099865,0.0,1
dotnet/roslyn,12,12,0,0,0,10,30,2,3,0.0,29078997,dotnet/roslyn,https://github.com/dotnet/roslyn,2015-01-11 02:39:03,C#,,15254,3471,15254,8967,13,dotnet/roslyn,710.0,21246.0,30.0,2.0,83370.0,8634.0,19269.0,27903.0,407.0,30810.0,31217.0,1.0,117.0,dotnet/roslyn,2015-01-11 02:39:03,2644,8.03555219364599,0.2685325264750378,0.0007564296520423,0.0113464447806354,31.53177004538578,0.0666666666666666,1
files-community/Files,5,4,0,0,0,2,6,0,2,0.0,164140756,files-community/Files,https://github.com/files-community/Files,2019-01-04 18:19:14,C#,,14988,839,14988,755,14,files-community/Files,217.0,51021.0,30.0,18.0,3342.0,801.0,4899.0,5700.0,16.0,2843.0,2859.0,0.0,62.0,files-community/Files,2019-01-04 18:19:14,1190,42.87478991596639,0.1823529411764705,0.015126050420168,0.0252100840336134,2.8084033613445376,0.6,1
DapperLib/Dapper,0,7,0,0,0,3,15,1,14,23.0,1613345,DapperLib/Dapper,https://github.com/DapperLib/Dapper,2011-04-14 08:42:59,C#,,14287,3432,14287,325,15,DapperLib/Dapper,218.0,0.0,2.0,0.0,1512.0,293.0,793.0,1086.0,39.0,521.0,560.0,10.0,80.0,DapperLib/Dapper,2011-04-14 08:42:59,4012,0.0,0.0543369890329012,0.0,0.0004985044865403,0.3768693918245264,0.0,1
dotnet/maui,7,3,0,0,0,4,11,0,0,0.0,262395224,dotnet/maui,https://github.com/dotnet/maui,2020-05-08 18:11:05,C#,,12966,628,12966,769,17,dotnet/maui,472.0,43.0,20.0,59.0,9066.0,932.0,1531.0,2463.0,69.0,1994.0,2063.0,0.0,112.0,dotnet/maui,2020-05-08 18:11:05,700,0.0614285714285714,0.6742857142857143,0.0842857142857142,0.0285714285714285,12.951428571428572,2.95,1
jellyfin/jellyfin,8,14,0,0,0,10,34,1,11,3.0,161012019,jellyfin/jellyfin,https://github.com/jellyfin/jellyfin,2018-12-09 06:36:45,C#,,12501,1283,12501,577,18,jellyfin/jellyfin,861.0,644.0,30.0,138.0,22654.0,606.0,3083.0,3689.0,65.0,3216.0,3281.0,1.0,172.0,jellyfin/jellyfin,2018-12-09 06:36:45,1216,0.5296052631578947,0.7080592105263158,0.1134868421052631,0.0246710526315789,18.629934210526315,4.6,1
AvaloniaUI/Avalonia,0,20,0,0,0,9,30,1,1,1.0,14964475,AvaloniaUI/Avalonia,https://github.com/AvaloniaUI/Avalonia,2013-12-05 20:13:21,C#,,12499,1121,12499,1244,19,AvaloniaUI/Avalonia,288.0,0.0,2.0,0.0,18349.0,1202.0,2659.0,3861.0,29.0,3056.0,3085.0,0.0,127.0,AvaloniaUI/Avalonia,2013-12-05 20:13:21,3046,0.0,0.0945502298095863,0.0,0.0006565988181221,6.023965856861458,0.0,1
huiyadanli/RevokeMsgPatcher,5,3,0,0,0,10,14,0,0,0.0,198071756,huiyadanli/RevokeMsgPatcher,https://github.com/huiyadanli/RevokeMsgPatcher,2019-07-21 15:12:52,C#,,12325,1677,12325,33,20,huiyadanli/RevokeMsgPatcher,2.0,234548.0,12.0,12.0,169.0,27.0,233.0,260.0,0.0,5.0,5.0,0.0,52.0,huiyadanli/RevokeMsgPatcher,2019-07-21 15:12:52,992,236.43951612903223,0.002016129032258,0.0120967741935483,0.0120967741935483,0.1703629032258064,1.0,0
Unity-Technologies/ml-agents,42,3,0,1,0,16,52,8,3,0.0,102904613,Unity-Technologies/ml-agents,https://github.com/Unity-Technologies/ml-agents,2017-09-08 21:09:04,C#,,12058,3216,12058,197,21,Unity-Technologies/ml-agents,157.0,0.0,2.0,0.0,3382.0,185.0,2441.0,2626.0,15.0,3063.0,3078.0,2.0,125.0,Unity-Technologies/ml-agents,2017-09-08 21:09:04,1673,0.0,0.0938433950986252,0.0,0.0011954572624028,2.0215182307232515,0.0,1
MaterialDesignInXAML/MaterialDesignInXamlToolkit,31,48,0,1,0,14,43,1,1,0.0,30474266,MaterialDesignInXAML/MaterialDesignInXamlToolkit,https://github.com/MaterialDesignInXAML/MaterialDesignInXamlToolkit,2015-02-07 23:30:48,C#,,11547,2836,11547,241,22,MaterialDesignInXAML/MaterialDesignInXamlToolkit,183.0,86419.0,30.0,68.0,2462.0,217.0,1294.0,1511.0,5.0,1070.0,1075.0,5.0,84.0,MaterialDesignInXAML/MaterialDesignInXamlToolkit,2015-02-07 23:30:48,2617,33.02216278181123,0.0699273977837218,0.0259839510890332,0.011463507833397,0.9407718761941154,2.2666666666666666,1
dotnet/efcore,9,3,0,0,0,4,17,3,3,4.0,16157746,dotnet/efcore,https://github.com/dotnet/efcore,2014-01-23 00:52:01,C#,,10809,2675,10809,1490,23,dotnet/efcore,341.0,0.0,2.0,0.0,12699.0,1528.0,15917.0,17445.0,18.0,9838.0,9856.0,5.0,52.0,dotnet/efcore,2014-01-23 00:52:01,2997,0.0,0.1137804471137804,0.0,0.0006673340006673,4.237237237237237,0.0,1
Ryujinx/Ryujinx,7,0,0,0,0,3,13,0,3,0.0,120231691,Ryujinx/Ryujinx,https://github.com/Ryujinx/Ryujinx,2018-02-04 23:07:54,C#,,10415,1261,10415,362,24,Ryujinx/Ryujinx,110.0,0.0,2.0,0.0,2032.0,302.0,810.0,1112.0,66.0,1945.0,2011.0,0.0,55.0,Ryujinx/Ryujinx,2018-02-04 23:07:54,1524,0.0,0.0721784776902887,0.0,0.0013123359580052,1.3333333333333333,0.0,1
netchx/netch,16,6,0,0,0,3,14,0,13,0.0,193681686,netchx/netch,https://github.com/netchx/netch,2019-06-25 09:55:30,C#,,10220,1617,10220,7,25,netchx/netch,6.0,428998.0,30.0,30.0,291.0,7.0,603.0,610.0,0.0,184.0,184.0,0.0,10.0,netchx/netch,2019-06-25 09:55:30,1018,421.4125736738703,0.005893909626719,0.0294695481335952,0.0294695481335952,0.2858546168958742,1.0,0
QL-Win/QuickLook,28,8,0,0,0,15,21,2,3,0.0,88064357,QL-Win/QuickLook,https://github.com/QL-Win/QuickLook,2017-04-12 14:57:38,C#,,10213,788,10213,329,26,QL-Win/QuickLook,56.0,495104.0,30.0,60.0,818.0,330.0,678.0,1008.0,2.0,89.0,91.0,0.0,76.0,QL-Win/QuickLook,2017-04-12 14:57:38,1822,271.7365532381998,0.0307354555433589,0.0329308452250274,0.0164654226125137,0.4489571899012075,2.0,1
OpenRA/OpenRA,20,2,0,0,0,15,22,0,0,0.0,959908,OpenRA/OpenRA,https://github.com/OpenRA/OpenRA,2010-10-04 07:38:05,C#,,10163,2316,10163,1617,27,OpenRA/OpenRA,410.0,45967.0,30.0,261.0,28593.0,1515.0,7119.0,8634.0,91.0,9078.0,9169.0,1.0,38.0,OpenRA/OpenRA,2010-10-04 07:38:05,4204,10.934110371075166,0.0975261655566127,0.0620837297811608,0.0071360608943862,6.801379638439581,8.7,1
aspnetboilerplate/aspnetboilerplate,16,48,0,0,0,0,69,0,0,0.0,12201538,aspnetboilerplate/aspnetboilerplate,https://github.com/aspnetboilerplate/aspnetboilerplate,2013-08-18 20:45:08,C#,,10020,3522,10020,188,28,aspnetboilerplate/aspnetboilerplate,219.0,0.0,2.0,0.0,7062.0,191.0,5011.0,5202.0,5.0,1180.0,1185.0,1.0,49.0,aspnetboilerplate/aspnetboilerplate,2013-08-18 20:45:08,3155,0.0,0.0694136291600634,0.0,0.000633914421553,2.238351822503962,0.0,1
dotnet/AspNetCore.Docs,0,0,0,0,0,3,3,0,1,0.0,28239455,dotnet/AspNetCore.Docs,https://github.com/dotnet/AspNetCore.Docs,2014-12-19 17:38:02,C#,,9899,23160,9899,587,29,dotnet/AspNetCore.Docs,1694.0,4540.0,30.0,30.0,13809.0,543.0,11214.0,11757.0,9.0,13409.0,13418.0,1.0,25.0,dotnet/AspNetCore.Docs,2014-12-19 17:38:02,2667,1.7022872140982377,0.6351706036745407,0.0112485939257592,0.0112485939257592,5.177727784026996,1.0,1
App-vNext/Polly,155,3,0,4,0,131,177,10,57,27.0,9864166,App-vNext/Polly,https://github.com/App-vNext/Polly,2013-05-05 04:40:04,C#,,9894,929,9894,73,30,App-vNext/Polly,72.0,518.0,27.0,42.0,1000.0,69.0,469.0,538.0,5.0,385.0,390.0,2.0,203.0,App-vNext/Polly,2013-05-05 04:40:04,3260,0.1588957055214724,0.0220858895705521,0.012883435582822,0.008282208588957,0.3067484662576687,1.5555555555555556,1
lionsoul2014/ip2region,11,0,0,0,0,1,4,0,0,9.0,45363955,lionsoul2014/ip2region,https://github.com/lionsoul2014/ip2region,2015-11-02 00:43:13,C#,,9786,1784,9786,27,31,lionsoul2014/ip2region,36.0,0.0,2.0,0.0,311.0,24.0,129.0,153.0,5.0,47.0,52.0,0.0,43.0,lionsoul2014/ip2region,2015-11-02 00:43:13,2349,0.0,0.0153256704980842,0.0,0.0008514261387824,0.1323967645806726,0.0,1
mono/mono,111,2,0,0,0,1,13,0,82,0.0,791611,mono/mono,https://github.com/mono/mono,2010-07-22 18:06:36,C#,,9593,3620,9593,2134,32,mono/mono,1325.0,0.0,2.0,0.0,122541.0,2063.0,2750.0,4813.0,93.0,16428.0,16521.0,0.0,55.0,mono/mono,2010-07-22 18:06:36,4278,0.0,0.309724170172978,0.0,0.0004675081813931,28.64446002805049,0.0,1
JamesNK/Newtonsoft.Json,7,3,0,0,0,1,7,0,0,0.0,3476845,JamesNK/Newtonsoft.Json,https://github.com/JamesNK/Newtonsoft.Json,2012-02-18 07:30:28,C#,,8964,2944,8964,606,33,JamesNK/Newtonsoft.Json,125.0,664636.0,30.0,30.0,1853.0,558.0,1473.0,2031.0,67.0,529.0,596.0,0.0,14.0,JamesNK/Newtonsoft.Json,2012-02-18 07:30:28,3702,179.5343057806591,0.0337655321447866,0.0081037277147487,0.0081037277147487,0.5005402485143166,1.0,1
ardalis/CleanArchitecture,53,7,0,0,0,13,36,0,8,2.0,69673033,ardalis/CleanArchitecture,https://github.com/ardalis/CleanArchitecture,2016-09-30 14:19:20,C#,,8728,1595,8728,16,34,ardalis/CleanArchitecture,41.0,0.0,2.0,0.0,312.0,14.0,129.0,143.0,14.0,183.0,197.0,1.0,40.0,ardalis/CleanArchitecture,2016-09-30 14:19:20,2016,0.0,0.0203373015873015,0.0,0.0009920634920634,0.1547619047619047,0.0,1
bitwarden/server,6,1,0,0,0,3,14,0,2,4.0,46755185,bitwarden/server,https://github.com/bitwarden/server,2015-11-23 23:45:33,C#,,8726,737,8726,166,35,bitwarden/server,99.0,4962.0,30.0,56.0,3315.0,97.0,769.0,866.0,16.0,1007.0,1023.0,0.0,56.0,bitwarden/server,2015-11-23 23:45:33,2328,2.131443298969072,0.0425257731958762,0.0240549828178694,0.0128865979381443,1.4239690721649485,1.8666666666666667,1
Unity-Technologies/UnityCsReference,0,0,0,0,0,0,0,0,0,0.0,126486701,Unity-Technologies/UnityCsReference,https://github.com/Unity-Technologies/UnityCsReference,2018-03-23 13:08:32,C#,,8524,1863,8524,3,36,Unity-Technologies/UnityCsReference,1.0,0.0,2.0,0.0,145.0,0.0,0.0,0.0,2.0,14.0,16.0,0.0,145.0,Unity-Technologies/UnityCsReference,2018-03-23 13:08:32,1477,0.0,0.0006770480704129,0.0,0.0013540961408259,0.0981719702098849,0.0,0
SignalR/SignalR,2,0,0,0,0,3,6,1,1,1.0,2087064,SignalR/SignalR,https://github.com/SignalR/SignalR,2011-07-22 03:52:19,C#,,8508,2283,8508,22,37,SignalR/SignalR,111.0,0.0,2.0,0.0,4723.0,27.0,3563.0,3590.0,1.0,1025.0,1026.0,0.0,45.0,SignalR/SignalR,2011-07-22 03:52:19,3913,0.0,0.0283669818553539,0.0,0.0005111167901865,1.207002300025556,0.0,1
ppy/osu,9,5,0,0,0,9,20,2,8,3.0,22456440,ppy/osu,https://github.com/ppy/osu,2014-07-31 04:26:30,C#,,8485,1423,8485,878,38,ppy/osu,370.0,143536.0,30.0,329.0,49559.0,764.0,5911.0,6675.0,51.0,8468.0,8519.0,0.0,110.0,ppy/osu,2014-07-31 04:26:30,2808,51.11680911680912,0.1317663817663817,0.1171652421652421,0.0106837606837606,17.649216524216524,10.966666666666669,1
cefsharp/CefSharp,36,20,0,0,0,53,86,2,9,0.0,1135454,cefsharp/CefSharp,https://github.com/cefsharp/CefSharp,2010-12-03 15:23:23,C#,,8410,2719,8410,38,39,cefsharp/CefSharp,205.0,0.0,2.0,0.0,6049.0,36.0,2545.0,2581.0,2.0,818.0,820.0,2.0,175.0,cefsharp/CefSharp,2010-12-03 15:23:23,4144,0.0,0.0494691119691119,0.0,0.0004826254826254,1.4597007722007722,0.0,1
IdentityServer/IdentityServer4,12,3,0,0,0,11,30,0,1,0.0,46652227,IdentityServer/IdentityServer4,https://github.com/IdentityServer/IdentityServer4,2015-11-22 08:21:58,C#,,8405,3256,8405,58,40,IdentityServer/IdentityServer4,292.0,0.0,2.0,0.0,3270.0,49.0,4445.0,4494.0,7.0,917.0,924.0,0.0,78.0,IdentityServer/IdentityServer4,2015-11-22 08:21:58,2329,0.0,0.1253756977243452,0.0,0.0008587376556462,1.404036066981537,0.0,1
AutoMapper/AutoMapper,6,4,0,0,0,7,16,0,0,3.0,505380,AutoMapper/AutoMapper,https://github.com/AutoMapper/AutoMapper,2010-02-06 15:17:58,C#,,8384,1642,8384,2,41,AutoMapper/AutoMapper,193.0,0.0,2.0,0.0,3904.0,0.0,2750.0,2750.0,3.0,984.0,987.0,0.0,37.0,AutoMapper/AutoMapper,2010-02-06 15:17:58,4444,0.0,0.0434293429342934,0.0,0.0004500450045004,0.8784878487848785,0.0,1
restsharp/RestSharp,0,18,0,0,0,2,17,0,0,0.0,374228,restsharp/RestSharp,https://github.com/restsharp/RestSharp,2009-11-16 02:01:45,C#,,8134,2175,8134,19,42,restsharp/RestSharp,300.0,0.0,2.0,0.0,2004.0,18.0,1151.0,1169.0,8.0,599.0,607.0,3.0,20.0,restsharp/RestSharp,2009-11-16 02:01:45,4526,0.0,0.066283694211224,0.0,0.0004418912947414,0.4427750773309766,0.0,1
felixse/FluentTerminal,44,10,0,0,0,6,13,0,2,1.0,118322286,felixse/FluentTerminal,https://github.com/felixse/FluentTerminal,2018-01-21 09:45:11,C#,,8112,418,8112,227,43,felixse/FluentTerminal,63.0,135108.0,30.0,39.0,650.0,233.0,460.0,693.0,1.0,288.0,289.0,1.0,50.0,felixse/FluentTerminal,2018-01-21 09:45:11,1538,87.84655396618986,0.0409622886866059,0.0253576072821846,0.0195058517555266,0.4226267880364109,1.3,1
dotnet/csharplang,16,1,0,0,0,14,16,1,0,0.0,75990888,dotnet/csharplang,https://github.com/dotnet/csharplang,2016-12-09 01:45:27,C#,,8056,852,8056,443,44,dotnet/csharplang,142.0,0.0,2.0,0.0,1826.0,424.0,1559.0,1983.0,23.0,729.0,752.0,1.0,15.0,dotnet/csharplang,2016-12-09 01:45:27,1946,0.0,0.0729701952723535,0.0,0.001027749229188,0.9383350462487152,0.0,1
dotnet/orleans,13,6,0,0,0,5,31,2,7,6.0,28232663,dotnet/orleans,https://github.com/dotnet/orleans,2014-12-19 14:32:50,C#,,8054,1760,8054,534,45,dotnet/orleans,335.0,0.0,2.0,0.0,5203.0,305.0,2914.0,3219.0,22.0,4319.0,4341.0,5.0,89.0,dotnet/orleans,2014-12-19 14:32:50,2667,0.0,0.1256092988376453,0.0,0.0007499062617172,1.9508811398575177,0.0,1
MahApps/MahApps.Metro,34,12,1,0,0,39,61,3,0,0.0,2584777,MahApps/MahApps.Metro,https://github.com/MahApps/MahApps.Metro,2011-10-16 04:16:10,C#,,7996,2356,7996,82,46,MahApps/MahApps.Metro,216.0,5892.0,30.0,85.0,6122.0,65.0,2713.0,2778.0,7.0,1369.0,1376.0,3.0,95.0,MahApps/MahApps.Metro,2011-10-16 04:16:10,3827,1.5395871439770057,0.0564410765612751,0.0222106088319832,0.0078390384112882,1.5996864384635483,2.833333333333333,1
MonoGame/MonoGame,41,5,0,0,0,3,19,0,2,0.0,1579990,MonoGame/MonoGame,https://github.com/MonoGame/MonoGame,2011-04-07 00:23:40,C#,,7982,2518,7982,770,47,MonoGame/MonoGame,430.0,21049.0,17.0,55.0,12883.0,685.0,2707.0,3392.0,104.0,4091.0,4195.0,2.0,69.0,MonoGame/MonoGame,2011-04-07 00:23:40,4019,5.237372480716596,0.1069917890022393,0.0136849962677282,0.0042299079372978,3.205523762129883,3.235294117647059,1
chocolatey/choco,55,11,4,0,0,9,28,1,13,3.0,28647218,chocolatey/choco,https://github.com/chocolatey/choco,2014-12-30 22:12:11,C#,,7874,785,7874,800,48,chocolatey/choco,116.0,147.0,2.0,4.0,3416.0,759.0,1355.0,2114.0,65.0,361.0,426.0,37.0,68.0,chocolatey/choco,2014-12-30 22:12:11,2656,0.0553463855421686,0.0436746987951807,0.0015060240963855,0.0007530120481927,1.286144578313253,2.0,1
dotnet/machinelearning,9,9,0,1,0,4,28,1,0,4.0,132021166,dotnet/machinelearning,https://github.com/dotnet/machinelearning,2018-05-03 16:20:42,C#,,7734,1697,7734,605,49,dotnet/machinelearning,198.0,0.0,2.0,0.0,2543.0,640.0,2570.0,3210.0,9.0,2840.0,2849.0,3.0,63.0,dotnet/machinelearning,2018-05-03 16:20:42,1436,0.0,0.1378830083565459,0.0,0.0013927576601671,1.7708913649025069,0.0,1
dotnet/runtime,19,4,0,0,0,9,24,1,2,0.0,210716005,dotnet/runtime,https://github.com/dotnet/runtime,2019-09-24 23:36:39,C#,,7646,2556,7646,7576,50,dotnet/runtime,2529.0,0.0,2.0,0.0,116183.0,7841.0,38541.0,46382.0,219.0,18636.0,18855.0,2.0,25.0,dotnet/runtime,2019-09-24 23:36:39,927,0.0,2.7281553398058254,0.0,0.0021574973031283,125.33225458468176,0.0,1
JustArchiNET/ArchiSteamFarm,13,25,0,0,0,18,30,0,0,0.0,44897462,JustArchiNET/ArchiSteamFarm,https://github.com/JustArchiNET/ArchiSteamFarm,2015-10-25 05:12:33,C#,,7172,854,7172,2,51,JustArchiNET/ArchiSteamFarm,47.0,2941.0,30.0,298.0,9862.0,0.0,1101.0,1101.0,0.0,1327.0,1327.0,1.0,115.0,JustArchiNET/ArchiSteamFarm,2015-10-25 05:12:33,2357,1.2477725922783198,0.0199406024607551,0.1264319049639372,0.0127280441238862,4.1841323716588885,9.933333333333334,1
jbogard/MediatR,0,4,0,0,0,1,5,0,0,0.0,17369361,jbogard/MediatR,https://github.com/jbogard/MediatR,2014-03-03 15:01:22,C#,,7164,891,7164,72,52,jbogard/MediatR,67.0,0.0,2.0,0.0,502.0,70.0,469.0,539.0,8.0,163.0,171.0,0.0,13.0,jbogard/MediatR,2014-03-03 15:01:22,2958,0.0,0.0226504394861392,0.0,0.0006761325219743,0.169709263015551,0.0,1
NancyFx/Nancy,21,3,0,0,0,2,16,0,3,1.0,738250,NancyFx/Nancy,https://github.com/NancyFx/Nancy,2010-06-24 19:35:22,C#,,7155,1518,7155,222,53,NancyFx/Nancy,338.0,0.0,2.0,0.0,5476.0,196.0,1136.0,1332.0,26.0,1646.0,1672.0,0.0,17.0,NancyFx/Nancy,2010-06-24 19:35:22,4306,0.0,0.0784951230840687,0.0,0.0004644681839294,1.2717138875986995,0.0,1
jasontaylordev/CleanArchitecture,19,7,0,0,0,3,19,0,17,1.0,213460285,jasontaylordev/CleanArchitecture,https://github.com/jasontaylordev/CleanArchitecture,2019-10-07 18:44:32,C#,,7125,1596,7125,66,54,jasontaylordev/CleanArchitecture,55.0,0.0,2.0,0.0,354.0,73.0,258.0,331.0,19.0,120.0,139.0,1.0,58.0,jasontaylordev/CleanArchitecture,2019-10-07 18:44:32,914,0.0,0.0601750547045951,0.0,0.0021881838074398,0.387308533916849,0.0,1
dotnet/BenchmarkDotNet,0,13,0,0,0,40,70,1,4,3.0,12191244,dotnet/BenchmarkDotNet,https://github.com/dotnet/BenchmarkDotNet,2013-08-18 06:17:48,C#,,7110,728,7110,178,55,dotnet/BenchmarkDotNet,190.0,0.0,2.0,0.0,2214.0,167.0,1098.0,1265.0,29.0,648.0,677.0,7.0,115.0,dotnet/BenchmarkDotNet,2013-08-18 06:17:48,3155,0.0,0.0602218700475435,0.0,0.000633914421553,0.701743264659271,0.0,1
abpframework/abp,16,9,0,0,0,0,33,0,0,2.0,75505125,abpframework/abp,https://github.com/abpframework/abp,2016-12-03 22:56:24,C#,,7104,2241,7104,547,56,abpframework/abp,307.0,0.0,2.0,0.0,23180.0,542.0,6065.0,6607.0,51.0,5005.0,5056.0,1.0,43.0,abpframework/abp,2016-12-03 22:56:24,1952,0.0,0.1572745901639344,0.0,0.0010245901639344,11.875,0.0,1
Perfare/AssetStudio,20,1,0,0,0,4,6,0,1,0.0,64753043,Perfare/AssetStudio,https://github.com/Perfare/AssetStudio,2016-08-02 11:59:11,C#,,7102,1294,7102,54,57,Perfare/AssetStudio,24.0,208861.0,22.0,29.0,556.0,68.0,803.0,871.0,4.0,58.0,62.0,0.0,36.0,Perfare/AssetStudio,2016-08-02 11:59:11,2075,100.65590361445784,0.0115662650602409,0.0139759036144578,0.0106024096385542,0.2679518072289156,1.318181818181818,1
HangfireIO/Hangfire,15,4,0,0,0,3,18,2,8,11.0,11920542,HangfireIO/Hangfire,https://github.com/HangfireIO/Hangfire,2013-08-06 09:43:04,C#,,7098,1471,7098,661,58,HangfireIO/Hangfire,154.0,614.0,30.0,30.0,3536.0,630.0,931.0,1561.0,53.0,397.0,450.0,1.0,124.0,HangfireIO/Hangfire,2013-08-06 09:43:04,3167,0.1938743290179981,0.0486264603725923,0.0094726870855699,0.0094726870855699,1.1165140511525102,1.0,1
JeffreySu/WeiXinMPSDK,97,12,0,1,0,24,38,1,13,7.0,7560589,JeffreySu/WeiXinMPSDK,https://github.com/JeffreySu/WeiXinMPSDK,2013-01-11 13:52:44,C#,,7076,4146,7076,152,59,JeffreySu/WeiXinMPSDK,153.0,0.0,2.0,0.0,9388.0,159.0,707.0,866.0,3.0,1723.0,1726.0,0.0,581.0,JeffreySu/WeiXinMPSDK,2013-01-11 13:52:44,3374,0.0,0.0453467694131594,0.0,0.0005927682276229,2.782454060462359,0.0,1
carlospolop/PEASS-ng,4,4,1,0,0,3,8,1,0,0.0,165548191,carlospolop/PEASS-ng,https://github.com/carlospolop/PEASS-ng,2019-01-13 19:58:24,C#,,7039,1755,7039,3,60,carlospolop/PEASS-ng,61.0,53984.0,29.0,396.0,1313.0,4.0,115.0,119.0,0.0,157.0,157.0,0.0,89.0,carlospolop/PEASS-ng,2019-01-13 19:58:24,1181,45.7104149026249,0.0516511430990685,0.3353090601185436,0.0245554614733276,1.1117696867061813,13.655172413793103,1
dotnet-architecture/eShopOnWeb,16,3,0,0,0,5,10,0,6,5.0,83380995,dotnet-architecture/eShopOnWeb,https://github.com/dotnet-architecture/eShopOnWeb,2017-02-28 02:39:37,C#,,6879,3348,6879,2,61,dotnet-architecture/eShopOnWeb,69.0,0.0,2.0,0.0,533.0,2.0,286.0,288.0,7.0,392.0,399.0,0.0,48.0,dotnet-architecture/eShopOnWeb,2017-02-28 02:39:37,1865,0.0,0.0369973190348525,0.0,0.0010723860589812,0.2857908847184987,0.0,1
duplicati/duplicati,9,20,0,0,0,7,30,0,0,0.0,22636263,duplicati/duplicati,https://github.com/duplicati/duplicati,2014-08-05 08:28:16,C#,,6872,699,6872,818,62,duplicati/duplicati,196.0,6638.0,30.0,269.0,8117.0,815.0,2812.0,3627.0,14.0,1040.0,1054.0,3.0,43.0,duplicati/duplicati,2014-08-05 08:28:16,2803,2.3681769532643595,0.069925080271138,0.0959686050660007,0.0107028184088476,2.8958259008205496,8.966666666666667,1
microsoft/ailab,10,1,0,0,0,0,13,0,0,0.0,142076747,microsoft/ailab,https://github.com/microsoft/ailab,2018-07-23 22:40:54,C#,,6861,1281,6861,65,63,microsoft/ailab,48.0,254.0,1.0,3.0,134.0,24.0,24.0,48.0,40.0,52.0,92.0,0.0,14.0,microsoft/ailab,2018-07-23 22:40:54,1355,0.1874538745387453,0.0354243542435424,0.0022140221402214,0.0007380073800738,0.0988929889298893,3.0,1
Sonarr/Sonarr,27,9,0,0,0,3,21,0,0,0.0,2465723,Sonarr/Sonarr,https://github.com/Sonarr/Sonarr,2011-09-27 05:57:16,C#,,6824,963,6824,165,64,Sonarr/Sonarr,206.0,0.0,2.0,0.0,9150.0,147.0,3908.0,4055.0,18.0,846.0,864.0,0.0,13.0,Sonarr/Sonarr,2011-09-27 05:57:16,3846,0.0,0.0535621424856994,0.0,0.000520020800832,2.3790951638065523,0.0,1
nopSolutions/nopCommerce,8,4,0,0,0,0,22,0,0,0.0,18586705,nopSolutions/nopCommerce,https://github.com/nopSolutions/nopCommerce,2014-04-09 05:47:50,C#,,6791,3866,6791,223,66,nopSolutions/nopCommerce,163.0,28858.0,30.0,153.0,13555.0,194.0,5259.0,5453.0,49.0,662.0,711.0,0.0,37.0,nopSolutions/nopCommerce,2014-04-09 05:47:50,2921,9.87949332420404,0.0558028072577884,0.0523793221499486,0.0102704553235193,4.640534063676823,5.1,1
xupefei/Locale-Emulator,8,6,0,0,0,3,9,0,4,0.0,8835057,xupefei/Locale-Emulator,https://github.com/xupefei/Locale-Emulator,2013-03-17 13:51:51,C#,,6774,600,6774,213,67,xupefei/Locale-Emulator,33.0,4918775.0,30.0,28.0,386.0,0.0,0.0,0.0,2.0,50.0,52.0,0.0,27.0,xupefei/Locale-Emulator,2013-03-17 13:51:51,3309,1486.4838319734058,0.0099728014505893,0.0084617709277727,0.0090661831368993,0.1166515563614385,0.9333333333333332,1
reactiveui/ReactiveUI,3,5,0,1,0,15,25,0,0,0.0,715082,reactiveui/ReactiveUI,https://github.com/reactiveui/ReactiveUI,2010-06-11 05:24:29,C#,,6686,1055,6686,58,68,reactiveui/ReactiveUI,201.0,0.0,2.0,0.0,4827.0,66.0,1102.0,1168.0,11.0,1893.0,1904.0,1.0,91.0,reactiveui/ReactiveUI,2010-06-11 05:24:29,4319,0.0,0.0465385505904144,0.0,0.0004630701551285,1.1176198194026394,0.0,1
MathewSachin/Captura,10,8,0,0,0,0,12,0,0,1.0,41589439,MathewSachin/Captura,https://github.com/MathewSachin/Captura,2015-08-29 10:30:45,C#,,6653,1240,6653,114,69,MathewSachin/Captura,51.0,378582.0,27.0,43.0,1121.0,109.0,181.0,290.0,5.0,229.0,234.0,0.0,40.0,MathewSachin/Captura,2015-08-29 10:30:45,2414,156.82767191383596,0.0211267605633802,0.0178127589063794,0.0111847555923777,0.4643744821872411,1.5925925925925926,1
ThreeMammals/Ocelot,17,5,0,0,0,1,10,0,3,0.0,62256097,ThreeMammals/Ocelot,https://github.com/ThreeMammals/Ocelot,2016-06-29 20:35:24,C#,,6648,1398,6648,549,70,ThreeMammals/Ocelot,140.0,559.0,30.0,319.0,1276.0,486.0,527.0,1013.0,82.0,470.0,552.0,45.0,131.0,ThreeMammals/Ocelot,2016-06-29 20:35:24,2109,0.2650545282124229,0.0663821716453295,0.1512565196775723,0.0142247510668563,0.6050260787102892,10.633333333333333,1
Jackett/Jackett,620,9,0,0,0,18,28,1,52,4.0,45195614,Jackett/Jackett,https://github.com/Jackett/Jackett,2015-10-29 16:23:19,C#,,6634,858,6634,316,71,Jackett/Jackett,428.0,170608.0,30.0,240.0,9449.0,298.0,10172.0,10470.0,12.0,2352.0,2364.0,54.0,1412.0,Jackett/Jackett,2015-10-29 16:23:19,2353,72.50658733531662,0.1818954526136846,0.1019974500637484,0.0127496812579685,4.015724606884828,8.0,1
TGSAN/CMWTAT_Digital_Edition,26,0,0,0,0,0,0,0,20,1.0,135050219,TGSAN/CMWTAT_Digital_Edition,https://github.com/TGSAN/CMWTAT_Digital_Edition,2018-05-27 13:45:02,C#,,6619,1075,6619,7,72,TGSAN/CMWTAT_Digital_Edition,2.0,185370.0,7.0,10.0,31.0,8.0,24.0,32.0,1.0,1.0,2.0,0.0,10.0,TGSAN/CMWTAT_Digital_Edition,2018-05-27 13:45:02,1412,131.28186968838526,0.0014164305949008,0.0070821529745042,0.0049575070821529,0.0219546742209631,1.4285714285714286,0
nilaoda/N_m3u8DL-CLI,19,3,1,0,0,2,2,0,8,2.0,182095352,nilaoda/N_m3u8DL-CLI,https://github.com/nilaoda/N_m3u8DL-CLI,2019-04-18 13:43:49,C#,,6578,1224,6578,138,73,nilaoda/N_m3u8DL-CLI,7.0,114917.0,30.0,68.0,334.0,170.0,343.0,513.0,0.0,13.0,13.0,0.0,66.0,nilaoda/N_m3u8DL-CLI,2019-04-18 13:43:49,1086,105.81675874769796,0.0064456721915285,0.0626151012891344,0.0276243093922651,0.3075506445672191,2.2666666666666666,0
winsw/winsw,21,7,0,0,0,6,15,1,5,1.0,500093,winsw/winsw,https://github.com/winsw/winsw,2010-02-03 02:49:39,C#,,6500,1053,6500,129,74,winsw/winsw,53.0,46995.0,30.0,160.0,786.0,114.0,328.0,442.0,23.0,420.0,443.0,4.0,60.0,winsw/winsw,2010-02-03 02:49:39,4447,10.567798515853385,0.0119181470654373,0.03597931189566,0.0067461209804362,0.1767483696874297,5.333333333333333,1
dvf/blockchain,12,1,0,0,0,1,4,0,0,5.0,104670977,dvf/blockchain,https://github.com/dvf/blockchain,2017-09-24 19:36:36,C#,,6466,2439,6466,102,75,dvf/blockchain,16.0,0.0,2.0,0.0,71.0,61.0,61.0,122.0,47.0,47.0,94.0,0.0,12.0,dvf/blockchain,2017-09-24 19:36:36,1657,0.0,0.0096560048280024,0.0,0.0012070006035003,0.0428485214242607,0.0,1
Humanizr/Humanizer,47,5,0,0,0,16,30,2,113,98.0,4213474,Humanizr/Humanizer,https://github.com/Humanizr/Humanizer,2012-05-03 12:01:45,C#,,6450,817,6450,189,76,Humanizr/Humanizer,258.0,284.0,22.0,540.0,2309.0,178.0,343.0,521.0,20.0,642.0,662.0,10.0,192.0,Humanizr/Humanizer,2012-05-03 12:01:45,3627,0.0783016266887234,0.0711331679073614,0.1488833746898263,0.0060656189688447,0.6366142817755721,24.545454545454547,1
dodyg/practical-aspnetcore,24,0,0,0,0,5,9,0,16,2.0,64290739,dodyg/practical-aspnetcore,https://github.com/dodyg/practical-aspnetcore,2016-07-27 08:23:40,C#,,6178,812,6178,168,77,dodyg/practical-aspnetcore,27.0,0.0,2.0,0.0,2409.0,171.0,98.0,269.0,1.0,54.0,55.0,0.0,883.0,dodyg/practical-aspnetcore,2016-07-27 08:23:40,2081,0.0,0.0129745314752522,0.0,0.0009610764055742,1.157616530514176,0.0,1
kgrzybek/modular-monolith-with-ddd,245,33,0,0,0,27,142,2,42,32.0,203892454,kgrzybek/modular-monolith-with-ddd,https://github.com/kgrzybek/modular-monolith-with-ddd,2019-08-23 00:12:03,C#,,6132,893,6132,37,78,kgrzybek/modular-monolith-with-ddd,22.0,0.0,2.0,0.0,283.0,37.0,57.0,94.0,7.0,86.0,93.0,1.0,43.0,kgrzybek/modular-monolith-with-ddd,2019-08-23 00:12:03,959,0.0,0.0229405630865484,0.0,0.0020855057351407,0.2950990615224191,0.0,1
mbdavid/LiteDB,34,2,0,0,0,3,8,0,5,2.0,23315232,mbdavid/LiteDB,https://github.com/mbdavid/LiteDB,2014-08-25 13:49:30,C#,,6106,933,6106,489,79,mbdavid/LiteDB,94.0,22737.0,30.0,34.0,2329.0,464.0,1382.0,1846.0,43.0,244.0,287.0,0.0,120.0,mbdavid/LiteDB,2014-08-25 13:49:30,2783,8.1699604743083,0.0337765001796622,0.0122170319798778,0.0107797340998922,0.8368666906216313,1.1333333333333333,1
ElectronNET/Electron.NET,8,9,0,2,0,9,27,2,1,17.0,105649273,ElectronNET/Electron.NET,https://github.com/ElectronNET/Electron.NET,2017-10-03 12:30:29,C#,,6060,596,6060,116,80,ElectronNET/Electron.NET,75.0,0.0,2.0,0.0,718.0,131.0,379.0,510.0,15.0,141.0,156.0,4.0,74.0,ElectronNET/Electron.NET,2017-10-03 12:30:29,1648,0.0,0.045509708737864,0.0,0.0012135922330097,0.4356796116504854,0.0,1
gitextensions/gitextensions,15,19,0,0,0,27,61,2,0,0.0,85953,gitextensions/gitextensions,https://github.com/gitextensions/gitextensions,2008-12-06 09:18:59,C#,,5989,1789,5989,642,81,gitextensions/gitextensions,511.0,1497489.0,30.0,80.0,15143.0,610.0,5049.0,5659.0,33.0,3943.0,3976.0,5.0,86.0,gitextensions/gitextensions,2008-12-06 09:18:59,4871,307.4294805994662,0.1049065900225826,0.0164237322931636,0.0061588996099363,3.108807226442209,2.6666666666666665,1
unoplatform/uno,24,10,0,0,0,77,93,1,0,0.0,132453438,unoplatform/uno,https://github.com/unoplatform/uno,2018-05-07 11:52:27,C#,,5980,481,5980,1172,82,unoplatform/uno,280.0,855.0,30.0,492.0,15128.0,1007.0,2580.0,3587.0,96.0,4349.0,4445.0,0.0,129.0,unoplatform/uno,2018-05-07 11:52:27,1432,0.5970670391061452,0.1955307262569832,0.3435754189944134,0.020949720670391,10.564245810055866,16.4,1
mRemoteNG/mRemoteNG,28,6,0,0,0,9,26,3,11,0.0,460848,mRemoteNG/mRemoteNG,https://github.com/mRemoteNG/mRemoteNG,2010-01-06 15:53:17,C#,,5878,1095,5878,686,83,mRemoteNG/mRemoteNG,109.0,3608881.0,30.0,94.0,4829.0,663.0,1150.0,1813.0,1.0,366.0,367.0,0.0,9.0,mRemoteNG/mRemoteNG,2010-01-06 15:53:17,4475,806.4538547486034,0.0243575418994413,0.0210055865921787,0.0067039106145251,1.0791061452513966,3.1333333333333333,1
migueldeicaza/gui.cs,45,8,1,0,0,17,55,2,22,3.0,113807330,migueldeicaza/gui.cs,https://github.com/migueldeicaza/gui.cs,2017-12-11 03:23:45,C#,,5844,468,5844,81,84,migueldeicaza/gui.cs,88.0,0.0,2.0,0.0,2461.0,62.0,706.0,768.0,17.0,770.0,787.0,1.0,75.0,migueldeicaza/gui.cs,2017-12-11 03:23:45,1579,0.0,0.0557314756174794,0.0,0.0012666244458518,1.558581380620646,0.0,1
aspnet/Mvc,6,0,0,0,0,8,10,3,1,0.0,15126429,aspnet/Mvc,https://github.com/aspnet/Mvc,2013-12-12 03:54:00,C#,,5726,2228,5726,0,85,aspnet/Mvc,191.0,0.0,2.0,0.0,4596.0,0.0,5180.0,5180.0,0.0,3455.0,3455.0,2.0,27.0,aspnet/Mvc,2013-12-12 03:54:00,3039,0.0,0.062849621586048,0.0,0.0006581112207963,1.5123395853899309,0.0,1
Radarr/Radarr,25,20,0,2,0,2,24,0,0,0.0,77323220,Radarr/Radarr,https://github.com/Radarr/Radarr,2016-12-25 11:38:26,C#,,5666,702,5666,325,86,Radarr/Radarr,299.0,235667.0,30.0,298.0,10835.0,308.0,5266.0,5574.0,34.0,1430.0,1464.0,0.0,65.0,Radarr/Radarr,2016-12-25 11:38:26,1930,122.10725388601035,0.1549222797927461,0.1544041450777202,0.0155440414507772,5.6139896373057,9.933333333333334,1
rocksdanister/lively,55,18,11,0,0,17,23,0,1,0.0,201188122,rocksdanister/lively,https://github.com/rocksdanister/lively,2019-08-08 05:57:26,C#,,5647,474,5647,100,87,rocksdanister/lively,4.0,495317.0,30.0,71.0,490.0,141.0,564.0,705.0,1.0,42.0,43.0,16.0,85.0,rocksdanister/lively,2019-08-08 05:57:26,974,508.5390143737166,0.0041067761806981,0.0728952772073922,0.0308008213552361,0.5030800821355236,2.3666666666666667,0
QuantConnect/Lean,20,3,0,0,0,5,12,1,8,4.0,27251463,QuantConnect/Lean,https://github.com/QuantConnect/Lean,2014-11-28 04:20:19,C#,,5641,2392,5641,416,88,QuantConnect/Lean,194.0,0.0,2.0,0.0,11313.0,413.0,2018.0,2431.0,6.0,3795.0,3801.0,3.0,97.0,QuantConnect/Lean,2014-11-28 04:20:19,2688,0.0,0.072172619047619,0.0,0.0007440476190476,4.208705357142857,0.0,1
lambci/docker-lambda,108,1,0,0,0,1,12,0,130,17.0,59715467,lambci/docker-lambda,https://github.com/lambci/docker-lambda,2016-05-26 03:06:22,C#,,5617,424,5617,55,89,lambci/docker-lambda,37.0,0.0,2.0,0.0,440.0,52.0,229.0,281.0,7.0,69.0,76.0,7.0,49.0,lambci/docker-lambda,2016-05-26 03:06:22,2143,0.0,0.0172655156322911,0.0,0.0009332711152589,0.2053196453569762,0.0,1
microsoft/VFSForGit,21,2,0,0,0,3,8,0,15,1.0,80058269,microsoft/VFSForGit,https://github.com/microsoft/VFSForGit,2017-01-25 21:10:29,C#,,5570,447,5570,295,90,microsoft/VFSForGit,57.0,1420359.0,30.0,58.0,2494.0,295.0,472.0,767.0,5.0,989.0,994.0,0.0,54.0,microsoft/VFSForGit,2017-01-25 21:10:29,1899,747.9510268562401,0.0300157977883096,0.0305423907319641,0.0157977883096366,1.3133228014744602,1.933333333333333,1
OrchardCMS/OrchardCore,11,8,0,0,0,3,14,0,7,0.0,26884725,OrchardCMS/OrchardCore,https://github.com/OrchardCMS/OrchardCore,2014-11-19 22:29:26,C#,,5558,1884,5558,1135,91,OrchardCMS/OrchardCore,241.0,0.0,2.0,0.0,5875.0,1069.0,4320.0,5389.0,115.0,4862.0,4977.0,1.0,97.0,OrchardCMS/OrchardCore,2014-11-19 22:29:26,2697,0.0,0.089358546533185,0.0,0.0007415647015202,2.17834631071561,0.0,1
JasonStein/Notepads,43,8,1,0,0,13,22,0,1,1.0,189676777,JasonStein/Notepads,https://github.com/JasonStein/Notepads,2019-06-01 01:20:33,C#,,5524,326,5524,227,92,JasonStein/Notepads,61.0,43821.0,30.0,88.0,984.0,227.0,315.0,542.0,33.0,446.0,479.0,0.0,130.0,JasonStein/Notepads,2019-06-01 01:20:33,1042,42.05470249520153,0.0585412667946257,0.0844529750479846,0.0287907869481765,0.944337811900192,2.933333333333333,1
reactiveui/refit,57,4,0,0,0,1,12,0,93,58.0,11591313,reactiveui/refit,https://github.com/reactiveui/refit,2013-07-22 20:11:57,C#,,5520,587,5520,106,93,reactiveui/refit,131.0,282.0,30.0,79.0,1595.0,104.0,664.0,768.0,14.0,541.0,555.0,6.0,130.0,reactiveui/refit,2013-07-22 20:11:57,3182,0.0886235072281583,0.0411690760527969,0.0248271527341294,0.0094280326838466,0.5012570710245129,2.6333333333333333,1
neuecc/UniRx,19,9,0,1,0,14,29,0,36,44.0,17941520,neuecc/UniRx,https://github.com/neuecc/UniRx,2014-03-20 12:23:28,C#,,5477,756,5477,221,94,neuecc/UniRx,42.0,12734.0,25.0,33.0,1024.0,183.0,208.0,391.0,42.0,79.0,121.0,2.0,103.0,neuecc/UniRx,2014-03-20 12:23:28,2941,4.329819789187352,0.014280856851411,0.0112206732403944,0.0085005100306018,0.3481808908534512,1.32,1
xamarin/Xamarin.Forms,32,12,0,0,0,6,25,0,27,6.0,54213490,xamarin/Xamarin.Forms,https://github.com/xamarin/Xamarin.Forms,2016-03-18 15:52:03,C#,,5472,1905,5472,3110,95,xamarin/Xamarin.Forms,375.0,547.0,30.0,296.0,5725.0,2825.0,6694.0,9519.0,99.0,5217.0,5316.0,4.0,56.0,xamarin/Xamarin.Forms,2016-03-18 15:52:03,2212,0.2472875226039783,0.1695298372513562,0.1338155515370705,0.0135623869801084,2.588155515370705,9.866666666666667,1
dotnet/wpf,11,3,0,0,0,7,20,1,1,0.0,153711945,dotnet/wpf,https://github.com/dotnet/wpf,2018-10-19 01:55:23,C#,,5469,795,5469,973,96,dotnet/wpf,128.0,0.0,2.0,0.0,3917.0,913.0,951.0,1864.0,95.0,4209.0,4304.0,0.0,33.0,dotnet/wpf,2018-10-19 01:55:23,1267,0.0,0.1010260457774269,0.0,0.0015785319652722,3.091554853985793,0.0,1
de4dot/de4dot,36,1,0,0,0,2,2,0,17,0.0,2419727,de4dot/de4dot,https://github.com/de4dot/de4dot,2011-09-20 01:50:28,C#,,5442,2046,5442,9,97,de4dot/de4dot,26.0,0.0,2.0,0.0,2090.0,0.0,0.0,0.0,1.0,46.0,47.0,0.0,19.0,de4dot/de4dot,2011-09-20 01:50:28,3853,0.0,0.006747988580327,0.0,0.0005190760446405,0.5424344666493641,0.0,0
sschmid/Entitas-CSharp,19,0,0,0,0,17,26,0,0,2.0,17873382,sschmid/Entitas-CSharp,https://github.com/sschmid/Entitas-CSharp,2014-03-18 16:36:44,C#,,5374,983,5374,182,98,sschmid/Entitas-CSharp,28.0,14922.0,30.0,42.0,2066.0,174.0,698.0,872.0,11.0,108.0,119.0,1.0,124.0,sschmid/Entitas-CSharp,2014-03-18 16:36:44,2943,5.0703363914373085,0.0095141012572205,0.0142711518858307,0.0101936799184505,0.7020047570506286,1.4,1
HMBSbige/ShadowsocksR-Windows,1,4,0,0,0,2,5,0,0,0.0,130160795,HMBSbige/ShadowsocksR-Windows,https://github.com/HMBSbige/ShadowsocksR-Windows,2018-04-19 04:53:38,C#,,5308,971,5308,16,99,HMBSbige/ShadowsocksR-Windows,40.0,135175.0,30.0,105.0,1409.0,0.0,0.0,0.0,5.0,145.0,150.0,0.0,75.0,HMBSbige/ShadowsocksR-Windows,2018-04-19 04:53:38,1450,93.22413793103448,0.0275862068965517,0.0724137931034482,0.0206896551724137,0.9717241379310344,3.5,1
emersonsoares/cep-api,0,0,0,0,0,0,1,0,0,2.0,6186968,emersonsoares/cep-api,https://github.com/emersonsoares/cep-api,2012-10-12 07:52:50,C#,,99,46,99,3,198,emersonsoares/cep-api,5.0,0.0,2.0,0.0,54.0,3.0,6.0,9.0,0.0,4.0,4.0,0.0,9.0,emersonsoares/cep-api,2012-10-12 07:52:50,3465,0.0,0.0014430014430014,0.0,0.0005772005772005,0.0155844155844155,0.0,0
RiSearcher/GeometRi.CSharp,362,0,0,0,0,3,6,0,0,1.0,97986750,RiSearcher/GeometRi.CSharp,https://github.com/RiSearcher/GeometRi.CSharp,2017-07-21 21:09:35,C#,,98,13,98,0,197,RiSearcher/GeometRi.CSharp,2.0,0.0,2.0,0.0,194.0,1.0,15.0,16.0,1.0,6.0,7.0,0.0,31.0,RiSearcher/GeometRi.CSharp,2017-07-21 21:09:35,1722,0.0,0.0011614401858304,0.0,0.0011614401858304,0.1126596980255516,0.0,0
chsienki/Kittitas,0,3,0,0,0,1,3,0,6,5.0,292050564,chsienki/Kittitas,https://github.com/chsienki/Kittitas,2020-09-01 16:30:50,C#,,97,5,97,5,196,chsienki/Kittitas,1.0,0.0,2.0,0.0,15.0,4.0,1.0,5.0,1.0,0.0,1.0,0.0,6.0,chsienki/Kittitas,2020-09-01 16:30:50,584,0.0,0.0017123287671232,0.0,0.0034246575342465,0.0256849315068493,0.0,0
conan-roslyn/Conan,11,10,0,0,0,4,17,0,5,2.0,139003053,conan-roslyn/Conan,https://github.com/conan-roslyn/Conan,2018-06-28 10:25:02,C#,,96,3,96,2,195,conan-roslyn/Conan,1.0,0.0,2.0,0.0,14.0,2.0,1.0,3.0,0.0,0.0,0.0,0.0,5.0,conan-roslyn/Conan,2018-06-28 10:25:02,1380,0.0,0.0007246376811594,0.0,0.0014492753623188,0.0101449275362318,0.0,0
birkett/CloudFlare-DDNS-Updater,2,1,1,0,0,0,2,0,0,2.0,22152668,birkett/CloudFlare-DDNS-Updater,https://github.com/birkett/CloudFlare-DDNS-Updater,2014-07-23 14:20:05,C#,,95,48,95,16,194,birkett/CloudFlare-DDNS-Updater,4.0,5308.0,4.0,4.0,52.0,12.0,4.0,16.0,4.0,2.0,6.0,0.0,9.0,birkett/CloudFlare-DDNS-Updater,2014-07-23 14:20:05,2816,1.8849431818181817,0.0014204545454545,0.0014204545454545,0.0014204545454545,0.018465909090909,1.0,0
jonwagner/EventSourceProxy,20,0,0,0,0,2,5,0,0,0.0,8510438,jonwagner/EventSourceProxy,https://github.com/jonwagner/EventSourceProxy,2013-03-01 21:15:01,C#,,94,21,94,0,193,jonwagner/EventSourceProxy,9.0,0.0,2.0,0.0,104.0,0.0,48.0,48.0,0.0,12.0,12.0,1.0,7.0,jonwagner/EventSourceProxy,2013-03-01 21:15:01,3325,0.0,0.0027067669172932,0.0,0.0006015037593984,0.0312781954887218,0.0,0
continuoustests/OpenIDE,3,0,0,0,0,0,0,0,0,0.0,2120339,continuoustests/OpenIDE,https://github.com/continuoustests/OpenIDE,2011-07-28 19:49:12,C#,,93,18,93,3,192,continuoustests/OpenIDE,3.0,0.0,2.0,0.0,702.0,3.0,8.0,11.0,0.0,1.0,1.0,0.0,12.0,continuoustests/OpenIDE,2011-07-28 19:49:12,3907,0.0,0.0007678525723061,0.0,0.0005119017148707,0.1796775019196314,0.0,0
lowleveldesign/dotnet-netrace,0,0,0,0,0,2,3,0,0,4.0,189821243,lowleveldesign/dotnet-netrace,https://github.com/lowleveldesign/dotnet-netrace,2019-06-02 08:15:31,C#,,92,6,92,0,191,lowleveldesign/dotnet-netrace,2.0,40.0,3.0,7.0,18.0,0.0,1.0,1.0,0.0,0.0,0.0,0.0,8.0,lowleveldesign/dotnet-netrace,2019-06-02 08:15:31,1041,0.0384245917387127,0.0019212295869356,0.0067243035542747,0.0028818443804034,0.0172910662824207,2.333333333333333,0
snowl/LoLEnhancementSuite,0,0,0,0,0,0,0,1,0,0.0,18399944,snowl/LoLEnhancementSuite,https://github.com/snowl/LoLEnhancementSuite,2014-04-03 11:00:43,C#,,91,31,91,0,190,snowl/LoLEnhancementSuite,8.0,0.0,2.0,0.0,157.0,0.0,47.0,47.0,0.0,19.0,19.0,0.0,35.0,snowl/LoLEnhancementSuite,2014-04-03 11:00:43,2927,0.0,0.0027331738981892,0.0,0.0006832934745473,0.0536385377519644,0.0,0
ElectricNightOwl/ArmSwinger,80,0,0,3,0,2,12,1,1,0.0,62692273,ElectricNightOwl/ArmSwinger,https://github.com/ElectricNightOwl/ArmSwinger,2016-07-06 04:58:29,C#,,90,30,90,10,189,ElectricNightOwl/ArmSwinger,4.0,0.0,2.0,0.0,92.0,9.0,15.0,24.0,1.0,29.0,30.0,1.0,43.0,ElectricNightOwl/ArmSwinger,2016-07-06 04:58:29,2102,0.0,0.0019029495718363,0.0,0.0009514747859181,0.0437678401522359,0.0,0
IndieVisualLab/UnityGraphicsProgramming2,10,0,0,0,0,10,11,0,0,0.0,130425351,IndieVisualLab/UnityGraphicsProgramming2,https://github.com/IndieVisualLab/UnityGraphicsProgramming2,2018-04-21 00:20:10,C#,,89,11,89,0,188,IndieVisualLab/UnityGraphicsProgramming2,4.0,0.0,2.0,0.0,8.0,0.0,0.0,0.0,0.0,1.0,1.0,0.0,3.0,IndieVisualLab/UnityGraphicsProgramming2,2018-04-21 00:20:10,1448,0.0,0.0027624309392265,0.0,0.0013812154696132,0.005524861878453,0.0,0
alexandrebeato/bankflix,15,2,0,0,0,1,2,0,1,1.0,213929862,alexandrebeato/bankflix,https://github.com/alexandrebeato/bankflix,2019-10-09 13:44:06,C#,,88,14,88,14,187,alexandrebeato/bankflix,1.0,0.0,2.0,0.0,103.0,0.0,2.0,2.0,16.0,10.0,26.0,0.0,18.0,alexandrebeato/bankflix,2019-10-09 13:44:06,912,0.0,0.0010964912280701,0.0,0.0021929824561403,0.112938596491228,0.0,0
microsoftarchive/iot-journey,4,1,0,1,0,0,5,0,0,0.0,34227406,microsoftarchive/iot-journey,https://github.com/microsoftarchive/iot-journey,2015-04-19 22:49:18,C#,,87,38,87,23,186,microsoftarchive/iot-journey,16.0,0.0,2.0,0.0,500.0,23.0,172.0,195.0,0.0,142.0,142.0,0.0,29.0,microsoftarchive/iot-journey,2015-04-19 22:49:18,2546,0.0,0.0062843676355066,0.0,0.0007855459544383,0.1963864886095836,0.0,0
brockallen/BrockAllen.IdentityReboot,0,0,0,0,0,0,0,0,0,0.0,16648821,brockallen/BrockAllen.IdentityReboot,https://github.com/brockallen/BrockAllen.IdentityReboot,2014-02-08 17:40:57,C#,,85,14,85,0,184,brockallen/BrockAllen.IdentityReboot,2.0,0.0,2.0,0.0,65.0,0.0,13.0,13.0,0.0,1.0,1.0,0.0,2.0,brockallen/BrockAllen.IdentityReboot,2014-02-08 17:40:57,2981,0.0,0.000670915800067,0.0,0.000670915800067,0.0218047635021804,0.0,0
mewlist/MassiveGrass,15,0,0,0,0,0,0,0,0,0.0,202632030,mewlist/MassiveGrass,https://github.com/mewlist/MassiveGrass,2019-08-16 00:49:19,C#,,84,12,84,0,183,mewlist/MassiveGrass,2.0,0.0,2.0,0.0,27.0,0.0,0.0,0.0,0.0,0.0,0.0,0.0,4.0,mewlist/MassiveGrass,2019-08-16 00:49:19,966,0.0,0.0020703933747412,0.0,0.0020703933747412,0.0279503105590062,0.0,0
regaw-leinad/AndroidLib,0,0,0,0,0,0,0,0,0,0.0,4022824,regaw-leinad/AndroidLib,https://github.com/regaw-leinad/AndroidLib,2012-04-14 05:19:42,C#,,83,62,83,0,182,regaw-leinad/AndroidLib,6.0,0.0,2.0,0.0,78.0,0.0,11.0,11.0,0.0,22.0,22.0,0.0,3.0,regaw-leinad/AndroidLib,2012-04-14 05:19:42,3646,0.0,0.0016456390565002,0.0,0.0005485463521667,0.0213933077345035,0.0,0
Azure/azure-iot-predictive-maintenance,10,0,0,0,0,1,8,0,0,0.0,39550478,Azure/azure-iot-predictive-maintenance,https://github.com/Azure/azure-iot-predictive-maintenance,2015-07-23 06:44:53,C#,,82,64,82,0,181,Azure/azure-iot-predictive-maintenance,23.0,0.0,2.0,0.0,231.0,0.0,11.0,11.0,0.0,44.0,44.0,0.0,9.0,Azure/azure-iot-predictive-maintenance,2015-07-23 06:44:53,2451,0.0,0.0093839249286005,0.0,0.0008159934720522,0.0942472460220318,0.0,1
seven1986/oauthapp,14,1,0,0,0,6,6,0,0,0.0,116626165,seven1986/oauthapp,https://github.com/seven1986/oauthapp,2018-01-08 03:44:42,C#,,81,22,81,2,180,seven1986/oauthapp,4.0,0.0,2.0,0.0,413.0,0.0,8.0,8.0,0.0,94.0,94.0,0.0,16.0,seven1986/oauthapp,2018-01-08 03:44:42,1551,0.0,0.0025789813023855,0.0,0.0012894906511927,0.2662798194713088,0.0,0
chrishonselaar/ProtoPad,57,2,0,1,0,4,10,0,6,1.0,9601324,chrishonselaar/ProtoPad,https://github.com/chrishonselaar/ProtoPad,2013-04-22 14:51:52,C#,,80,20,80,1,179,chrishonselaar/ProtoPad,1.0,0.0,2.0,0.0,40.0,1.0,1.0,2.0,0.0,0.0,0.0,0.0,13.0,chrishonselaar/ProtoPad,2013-04-22 14:51:52,3273,0.0,0.0003055300947143,0.0,0.0006110601894286,0.0122212037885731,0.0,0
jglim/CCManager,9,3,1,0,0,3,5,0,1,0.0,15388404,jglim/CCManager,https://github.com/jglim/CCManager,2013-12-23 05:33:55,C#,,79,19,79,4,178,jglim/CCManager,1.0,0.0,2.0,0.0,9.0,4.0,4.0,8.0,0.0,1.0,1.0,1.0,3.0,jglim/CCManager,2013-12-23 05:33:55,3028,0.0,0.0003302509907529,0.0,0.0006605019815059,0.0029722589167767,0.0,0
saguiitay/CardinalityEstimation,2,0,0,0,0,0,2,0,1,2.0,30201635,saguiitay/CardinalityEstimation,https://github.com/saguiitay/CardinalityEstimation,2015-02-02 18:31:43,C#,,78,31,78,2,177,saguiitay/CardinalityEstimation,13.0,0.0,2.0,0.0,59.0,1.0,13.0,14.0,1.0,17.0,18.0,0.0,5.0,saguiitay/CardinalityEstimation,2015-02-02 18:31:43,2622,0.0,0.0049580472921434,0.0,0.0007627765064836,0.0225019069412662,0.0,0
W3D3/SteamAccountSwitcher,9,2,0,0,0,2,6,0,0,0.0,21001871,W3D3/SteamAccountSwitcher,https://github.com/W3D3/SteamAccountSwitcher,2014-06-19 13:48:14,C#,,77,21,77,2,176,W3D3/SteamAccountSwitcher,4.0,8392.0,1.0,1.0,38.0,2.0,8.0,10.0,0.0,4.0,4.0,0.0,15.0,W3D3/SteamAccountSwitcher,2014-06-19 13:48:14,2850,2.944561403508772,0.0014035087719298,0.0003508771929824,0.0003508771929824,0.0133333333333333,1.0,0
personball/abplus-zero-template,11,1,0,0,0,6,9,0,2,0.0,162661955,personball/abplus-zero-template,https://github.com/personball/abplus-zero-template,2018-12-21 03:39:48,C#,,76,27,76,30,175,personball/abplus-zero-template,3.0,0.0,2.0,0.0,187.0,0.0,7.0,7.0,35.0,14.0,49.0,0.0,7.0,personball/abplus-zero-template,2018-12-21 03:39:48,1204,0.0,0.0024916943521594,0.0,0.0016611295681063,0.1553156146179402,0.0,0
johnnyreilly/jQuery.Validation.Unobtrusive.Native,19,1,0,0,0,5,12,1,2,0.0,11634902,johnnyreilly/jQuery.Validation.Unobtrusive.Native,https://github.com/johnnyreilly/jQuery.Validation.Unobtrusive.Native,2013-07-24 13:04:25,C#,,75,28,75,11,174,johnnyreilly/jQuery.Validation.Unobtrusive.Native,4.0,0.0,2.0,0.0,271.0,11.0,13.0,24.0,0.0,6.0,6.0,1.0,32.0,johnnyreilly/jQuery.Validation.Unobtrusive.Native,2013-07-24 13:04:25,3180,0.0,0.0012578616352201,0.0,0.00062893081761,0.0852201257861635,0.0,0
webapibook/issuetracker,3,0,0,0,0,0,21,0,4,13.0,8400239,webapibook/issuetracker,https://github.com/webapibook/issuetracker,2013-02-25 01:45:56,C#,,73,47,73,4,172,webapibook/issuetracker,6.0,0.0,2.0,0.0,108.0,2.0,8.0,10.0,2.0,42.0,44.0,0.0,6.0,webapibook/issuetracker,2013-02-25 01:45:56,3329,0.0,0.0018023430459597,0.0,0.0006007810153199,0.0324421748272754,0.0,0
jamesmontemagno/MonoDroidToolkit,13,3,0,0,0,3,5,0,0,0.0,9858360,jamesmontemagno/MonoDroidToolkit,https://github.com/jamesmontemagno/MonoDroidToolkit,2013-05-04 18:32:39,C#,,72,25,72,3,171,jamesmontemagno/MonoDroidToolkit,4.0,0.0,2.0,0.0,62.0,3.0,10.0,13.0,0.0,4.0,4.0,0.0,16.0,jamesmontemagno/MonoDroidToolkit,2013-05-04 18:32:39,3261,0.0,0.0012266176019625,0.0,0.0006133088009812,0.0190125728304201,0.0,0
mikebluestein/FindTheMonkey,0,0,0,0,0,0,0,0,0,0.0,13065511,mikebluestein/FindTheMonkey,https://github.com/mikebluestein/FindTheMonkey,2013-09-24 13:43:06,C#,,71,49,71,0,170,mikebluestein/FindTheMonkey,1.0,0.0,2.0,0.0,11.0,0.0,2.0,2.0,0.0,0.0,0.0,0.0,3.0,mikebluestein/FindTheMonkey,2013-09-24 13:43:06,3118,0.0,0.0003207184092366,0.0,0.0006414368184733,0.0035279025016035,0.0,0
chrfalch/NControl.Controls,0,0,0,0,0,1,2,0,1,0.5,33243045,chrfalch/NControl.Controls,https://github.com/chrfalch/NControl.Controls,2015-04-01 11:06:23,C#,,70,36,70,17,169,chrfalch/NControl.Controls,4.0,0.0,2.0,0.0,191.0,14.0,37.0,51.0,3.0,4.0,7.0,0.0,5.0,chrfalch/NControl.Controls,2015-04-01 11:06:23,2564,0.0,0.0015600624024961,0.0,0.000780031201248,0.0744929797191887,0.0,0
pboechat/roadgen,25,4,0,0,0,1,1,0,0,0.0,64960560,pboechat/roadgen,https://github.com/pboechat/roadgen,2016-08-04 19:10:44,C#,,69,18,69,1,168,pboechat/roadgen,2.0,0.0,2.0,0.0,12.0,1.0,1.0,2.0,0.0,0.0,0.0,0.0,10.0,pboechat/roadgen,2016-08-04 19:10:44,2073,0.0,0.0009647853352629,0.0,0.0009647853352629,0.0057887120115774,0.0,0
Unity-Technologies/UIElementsUniteLATurretDemo,0,0,0,0,0,0,0,0,2,0.0,159577720,Unity-Technologies/UIElementsUniteLATurretDemo,https://github.com/Unity-Technologies/UIElementsUniteLATurretDemo,2018-11-28 23:14:05,C#,,68,21,68,1,167,Unity-Technologies/UIElementsUniteLATurretDemo,1.0,0.0,2.0,0.0,7.0,1.0,0.0,1.0,0.0,0.0,0.0,0.0,5.0,Unity-Technologies/UIElementsUniteLATurretDemo,2018-11-28 23:14:05,1227,0.0,0.0008149959250203,0.0,0.0016299918500407,0.0057049714751426,0.0,0
xabikos/aspnet-webpack,9,0,0,0,0,0,5,0,6,4.0,47356041,xabikos/aspnet-webpack,https://github.com/xabikos/aspnet-webpack,2015-12-03 19:46:18,C#,,67,13,67,8,166,xabikos/aspnet-webpack,4.0,0.0,2.0,0.0,96.0,8.0,25.0,33.0,0.0,4.0,4.0,0.0,10.0,xabikos/aspnet-webpack,2015-12-03 19:46:18,2318,0.0,0.0017256255392579,0.0,0.0008628127696289,0.0414150129421915,0.0,0
madskristensen/WebExtensionPack,27,2,0,0,0,1,32,0,0,0.0,45489562,madskristensen/WebExtensionPack,https://github.com/madskristensen/WebExtensionPack,2015-11-03 19:15:01,C#,,66,10,66,4,165,madskristensen/WebExtensionPack,2.0,0.0,2.0,0.0,67.0,4.0,16.0,20.0,0.0,1.0,1.0,0.0,26.0,madskristensen/WebExtensionPack,2015-11-03 19:15:01,2348,0.0,0.0008517887563884,0.0,0.0008517887563884,0.0285349233390119,0.0,0
MoshiMoshi0/TTController,0,7,0,0,0,2,8,0,0,0.0,163593689,MoshiMoshi0/TTController,https://github.com/MoshiMoshi0/TTController,2018-12-30 14:33:17,C#,,65,14,65,9,164,MoshiMoshi0/TTController,4.0,5147.0,28.0,28.0,647.0,9.0,51.0,60.0,0.0,1.0,1.0,0.0,64.0,MoshiMoshi0/TTController,2018-12-30 14:33:17,1195,4.307112970711297,0.003347280334728,0.0234309623430962,0.0234309623430962,0.5414225941422595,1.0,0
obviousjim/OpenTSPS_Unity3d_Extension,0,0,0,0,0,0,0,0,0,0.0,1110581,obviousjim/OpenTSPS_Unity3d_Extension,https://github.com/obviousjim/OpenTSPS_Unity3d_Extension,2010-11-24 22:27:13,C#,,64,14,64,1,163,obviousjim/OpenTSPS_Unity3d_Extension,3.0,0.0,2.0,0.0,16.0,1.0,0.0,1.0,0.0,1.0,1.0,0.0,5.0,obviousjim/OpenTSPS_Unity3d_Extension,2010-11-24 22:27:13,4153,0.0,0.0007223693715386,0.0,0.0004815795810257,0.0038526366482061,0.0,0
amarmesic/windows-phone-navigation-drawer,14,1,1,0,0,0,4,0,0,3.0,25404426,amarmesic/windows-phone-navigation-drawer,https://github.com/amarmesic/windows-phone-navigation-drawer,2014-10-18 17:27:48,C#,,63,21,63,5,162,amarmesic/windows-phone-navigation-drawer,3.0,0.0,2.0,0.0,26.0,5.0,5.0,10.0,0.0,2.0,2.0,0.0,13.0,amarmesic/windows-phone-navigation-drawer,2014-10-18 17:27:48,2729,0.0,0.0010993037742762,0.0,0.0007328691828508,0.0095272993770611,0.0,0
pavelkouril/unity-marching-cubes-gpu,3,0,0,0,0,1,3,0,2,0.0,87396721,pavelkouril/unity-marching-cubes-gpu,https://github.com/pavelkouril/unity-marching-cubes-gpu,2017-04-06 06:57:58,C#,,62,5,62,0,161,pavelkouril/unity-marching-cubes-gpu,2.0,0.0,2.0,0.0,5.0,0.0,0.0,0.0,0.0,2.0,2.0,0.0,4.0,pavelkouril/unity-marching-cubes-gpu,2017-04-06 06:57:58,1828,0.0,0.0010940919037199,0.0,0.0010940919037199,0.0027352297592997,0.0,0
ScutGame/Scut-samples,0,11,0,0,0,1,2,0,0,0.0,22455771,ScutGame/Scut-samples,https://github.com/ScutGame/Scut-samples,2014-07-31 03:55:26,C#,,61,91,61,0,160,ScutGame/Scut-samples,1.0,0.0,2.0,0.0,49.0,0.0,0.0,0.0,0.0,1.0,1.0,0.0,8.0,ScutGame/Scut-samples,2014-07-31 03:55:26,2808,0.0,0.0003561253561253,0.0,0.0007122507122507,0.0174501424501424,0.0,0
libla/TinyJSON,3,0,0,0,0,0,0,0,0,0.0,41684238,libla/TinyJSON,https://github.com/libla/TinyJSON,2015-08-31 15:37:54,C#,,60,25,60,0,159,libla/TinyJSON,2.0,0.0,2.0,0.0,15.0,0.0,1.0,1.0,0.0,0.0,0.0,0.0,8.0,libla/TinyJSON,2015-08-31 15:37:54,2412,0.0,0.0008291873963515,0.0,0.0008291873963515,0.0062189054726368,0.0,0
NetMQ/NetMQ.ReactiveExtensions,23,2,0,0,0,4,12,0,11,5.0,51267731,NetMQ/NetMQ.ReactiveExtensions,https://github.com/NetMQ/NetMQ.ReactiveExtensions,2016-02-07 21:42:35,C#,,58,15,58,9,157,NetMQ/NetMQ.ReactiveExtensions,9.0,0.0,2.0,0.0,196.0,9.0,18.0,27.0,0.0,23.0,23.0,1.0,87.0,NetMQ/NetMQ.ReactiveExtensions,2016-02-07 21:42:35,2252,0.0,0.0039964476021314,0.0,0.0008880994671403,0.0870337477797513,0.0,0
aspnetde/MvvmNano,26,1,0,0,0,2,11,0,35,23.0,48808621,aspnetde/MvvmNano,https://github.com/aspnetde/MvvmNano,2015-12-30 16:11:10,C#,,56,10,56,2,155,aspnetde/MvvmNano,4.0,0.0,2.0,0.0,161.0,0.0,19.0,19.0,2.0,3.0,5.0,0.0,26.0,aspnetde/MvvmNano,2015-12-30 16:11:10,2291,0.0,0.001745962461807,0.0,0.0008729812309035,0.0702749890877346,0.0,0
hdinsight/hdinsight-storm-examples,34,1,0,0,0,0,4,0,8,4.0,29636287,hdinsight/hdinsight-storm-examples,https://github.com/hdinsight/hdinsight-storm-examples,2015-01-22 01:02:34,C#,,55,51,55,7,154,hdinsight/hdinsight-storm-examples,8.0,0.0,2.0,0.0,90.0,6.0,10.0,16.0,1.0,4.0,5.0,0.0,16.0,hdinsight/hdinsight-storm-examples,2015-01-22 01:02:34,2633,0.0,0.0030383592859855,0.0,0.0007595898214963,0.0341815419673376,0.0,0
ElectroGryphon/EGGA,0,0,0,0,0,1,1,0,0,0.0,61115774,ElectroGryphon/EGGA,https://github.com/ElectroGryphon/EGGA,2016-06-14 11:01:38,C#,,54,36,54,5,153,ElectroGryphon/EGGA,4.0,0.0,2.0,0.0,44.0,5.0,8.0,13.0,0.0,2.0,2.0,0.0,8.0,ElectroGryphon/EGGA,2016-06-14 11:01:38,2124,0.0,0.0018832391713747,0.0,0.0009416195856873,0.0207156308851224,0.0,0
vmohan7/Bow-ArrowLiveStream,0,0,0,0,0,0,0,0,0,0.0,59391084,vmohan7/Bow-ArrowLiveStream,https://github.com/vmohan7/Bow-ArrowLiveStream,2016-05-22 02:27:19,C#,,53,11,53,0,152,vmohan7/Bow-ArrowLiveStream,2.0,0.0,2.0,0.0,4.0,0.0,0.0,0.0,0.0,0.0,0.0,0.0,3.0,vmohan7/Bow-ArrowLiveStream,2016-05-22 02:27:19,2147,0.0,0.0009315323707498,0.0,0.0009315323707498,0.0018630647414997,0.0,0
reubeno/NClap,3,4,0,0,0,1,7,0,0,0.0,39486511,reubeno/NClap,https://github.com/reubeno/NClap,2015-07-22 05:02:18,C#,,52,9,52,6,151,reubeno/NClap,6.0,0.0,2.0,0.0,134.0,6.0,30.0,36.0,0.0,47.0,47.0,0.0,21.0,reubeno/NClap,2015-07-22 05:02:18,2452,0.0,0.0024469820554649,0.0,0.0008156606851549,0.0546492659053833,0.0,0
mesta1/AForge-examples,0,0,0,0,0,0,0,0,0,0.0,59855356,mesta1/AForge-examples,https://github.com/mesta1/AForge-examples,2016-05-27 18:31:31,C#,,51,33,51,1,150,mesta1/AForge-examples,3.0,0.0,2.0,0.0,7.0,1.0,0.0,1.0,0.0,1.0,1.0,0.0,2.0,mesta1/AForge-examples,2016-05-27 18:31:31,2142,0.0,0.0014005602240896,0.0,0.0009337068160597,0.0032679738562091,0.0,0
SergeyTeplyakov/ExceptionAnalyzer,0,6,4,0,0,0,0,0,12,0.0,31480589,SergeyTeplyakov/ExceptionAnalyzer,https://github.com/SergeyTeplyakov/ExceptionAnalyzer,2015-02-28 23:31:48,C#,,50,8,50,13,149,SergeyTeplyakov/ExceptionAnalyzer,4.0,0.0,2.0,0.0,40.0,13.0,10.0,23.0,0.0,4.0,4.0,0.0,4.0,SergeyTeplyakov/ExceptionAnalyzer,2015-02-28 23:31:48,2596,0.0,0.0015408320493066,0.0,0.0007704160246533,0.0154083204930662,0.0,0
uFrame/uFrame.ECS,2,1,0,0,0,2,3,1,4,0.0,63026838,uFrame/uFrame.ECS,https://github.com/uFrame/uFrame.ECS,2016-07-11 01:22:35,C#,,49,11,49,6,148,uFrame/uFrame.ECS,4.0,0.0,2.0,0.0,96.0,6.0,3.0,9.0,0.0,1.0,1.0,0.0,3.0,uFrame/uFrame.ECS,2016-07-11 01:22:35,2097,0.0,0.0019074868860276,0.0,0.0009537434430138,0.0457796852646638,0.0,0
nachmore/unBand,0,0,0,0,0,0,0,0,0,0.0,26334549,nachmore/unBand,https://github.com/nachmore/unBand,2014-11-07 19:30:44,C#,,48,18,48,66,147,nachmore/unBand,6.0,0.0,2.0,0.0,167.0,61.0,56.0,117.0,5.0,4.0,9.0,0.0,2.0,nachmore/unBand,2014-11-07 19:30:44,2709,0.0,0.0022148394241417,0.0,0.0007382798080472,0.0616463639719453,0.0,0
kimsama/Unity-NGUIExtension,7,3,1,0,0,6,6,0,0,1.0,27859108,kimsama/Unity-NGUIExtension,https://github.com/kimsama/Unity-NGUIExtension,2014-12-11 07:21:41,C#,,47,14,47,1,146,kimsama/Unity-NGUIExtension,1.0,0.0,2.0,0.0,41.0,1.0,0.0,1.0,0.0,0.0,0.0,0.0,32.0,kimsama/Unity-NGUIExtension,2014-12-11 07:21:41,2675,0.0,0.0003738317757009,0.0,0.0007476635514018,0.0153271028037383,0.0,0
edoreshef/ground-control,10,1,0,0,0,0,2,0,0,0.0,34499320,edoreshef/ground-control,https://github.com/edoreshef/ground-control,2015-04-24 05:15:03,C#,,46,3,46,4,145,edoreshef/ground-control,5.0,0.0,2.0,0.0,28.0,4.0,7.0,11.0,0.0,2.0,2.0,0.0,10.0,edoreshef/ground-control,2015-04-24 05:15:03,2541,0.0,0.0019677292404565,0.0,0.0007870916961826,0.0110192837465564,0.0,0
amirjalilifard/FreeFilesProject,0,0,0,0,0,0,0,0,0,0.0,11842742,amirjalilifard/FreeFilesProject,https://github.com/amirjalilifard/FreeFilesProject,2013-08-02 12:24:50,C#,,45,29,45,4,144,amirjalilifard/FreeFilesProject,1.0,0.0,2.0,0.0,2.0,4.0,0.0,4.0,0.0,0.0,0.0,0.0,1.0,amirjalilifard/FreeFilesProject,2013-08-02 12:24:50,3171,0.0,0.0003153579312519,0.0,0.0006307158625039,0.0006307158625039,0.0,0
GrayKernel/GrayStorm,7,0,0,0,0,1,3,0,0,0.0,40420407,GrayKernel/GrayStorm,https://github.com/GrayKernel/GrayStorm,2015-08-09 00:29:14,C#,,44,7,44,0,143,GrayKernel/GrayStorm,1.0,0.0,2.0,0.0,15.0,0.0,0.0,0.0,0.0,0.0,0.0,0.0,2.0,GrayKernel/GrayStorm,2015-08-09 00:29:14,2434,0.0,0.0004108463434675,0.0,0.000821692686935,0.0061626951520131,0.0,0
tpeczek/Lib.Web.Mvc,13,2,0,0,0,4,22,0,0,1.0,23629120,tpeczek/Lib.Web.Mvc,https://github.com/tpeczek/Lib.Web.Mvc,2014-09-03 16:56:26,C#,,43,27,43,0,142,tpeczek/Lib.Web.Mvc,4.0,266.0,30.0,60.0,170.0,0.0,103.0,103.0,1.0,9.0,10.0,1.0,18.0,tpeczek/Lib.Web.Mvc,2014-09-03 16:56:26,2774,0.0958904109589041,0.0014419610670511,0.0216294160057678,0.0108147080028839,0.0612833453496755,2.0,0
castle-it/sharp2Js,33,1,0,0,0,2,3,0,17,4.0,44651340,castle-it/sharp2Js,https://github.com/castle-it/sharp2Js,2015-10-21 03:51:28,C#,,42,5,42,3,141,castle-it/sharp2Js,3.0,0.0,2.0,0.0,74.0,3.0,3.0,6.0,0.0,20.0,20.0,0.0,16.0,castle-it/sharp2Js,2015-10-21 03:51:28,2361,0.0,0.0012706480304955,0.0,0.000847098686997,0.0313426514188903,0.0,0
evolutional/flatbuffers-net,13,1,0,0,0,2,3,0,40,13.0,48294482,evolutional/flatbuffers-net,https://github.com/evolutional/flatbuffers-net,2015-12-19 19:27:20,C#,,41,7,41,23,140,evolutional/flatbuffers-net,2.0,0.0,2.0,0.0,66.0,23.0,32.0,55.0,0.0,4.0,4.0,0.0,10.0,evolutional/flatbuffers-net,2015-12-19 19:27:20,2302,0.0,0.0008688097306689,0.0,0.0008688097306689,0.0286707211120764,0.0,0
jacek-gorgon/NJsonApi,0,0,0,0,0,0,1,0,0,5.0,38883440,jacek-gorgon/NJsonApi,https://github.com/jacek-gorgon/NJsonApi,2015-07-10 14:09:52,C#,,40,17,40,11,139,jacek-gorgon/NJsonApi,2.0,0.0,2.0,0.0,35.0,10.0,9.0,19.0,1.0,11.0,12.0,0.0,8.0,jacek-gorgon/NJsonApi,2015-07-10 14:09:52,2464,0.0,0.0008116883116883,0.0,0.0008116883116883,0.0142045454545454,0.0,0
reddog-io/RedDog.Search,0,0,0,0,0,0,0,0,0,16.0,23006253,reddog-io/RedDog.Search,https://github.com/reddog-io/RedDog.Search,2014-08-15 23:38:16,C#,,39,24,39,5,138,reddog-io/RedDog.Search,6.0,0.0,2.0,0.0,64.0,2.0,10.0,12.0,3.0,9.0,12.0,0.0,27.0,reddog-io/RedDog.Search,2014-08-15 23:38:16,2793,0.0,0.0021482277121374,0.0,0.0007160759040458,0.0229144289294665,0.0,0
aliessmael/Unity-Contacts-List,0,0,0,0,0,0,1,0,0,0.0,36983753,aliessmael/Unity-Contacts-List,https://github.com/aliessmael/Unity-Contacts-List,2015-06-06 14:53:35,C#,,38,19,38,20,137,aliessmael/Unity-Contacts-List,3.0,0.0,2.0,0.0,20.0,19.0,10.0,29.0,1.0,1.0,2.0,0.0,5.0,aliessmael/Unity-Contacts-List,2015-06-06 14:53:35,2498,0.0,0.0012009607686148,0.0,0.0008006405124099,0.0080064051240992,0.0,0
TerribleDev/TurboLinks.Net,0,1,0,0,0,1,3,0,2,0.0,44463455,TerribleDev/TurboLinks.Net,https://github.com/TerribleDev/TurboLinks.Net,2015-10-18 02:57:46,C#,,37,8,37,2,136,TerribleDev/TurboLinks.Net,2.0,0.0,2.0,0.0,29.0,1.0,2.0,3.0,1.0,4.0,5.0,0.0,8.0,TerribleDev/TurboLinks.Net,2015-10-18 02:57:46,2364,0.0,0.0008460236886632,0.0,0.0008460236886632,0.0122673434856175,0.0,0
kant2002/ncrawler,0,0,0,0,0,0,0,0,0,0.0,28695792,kant2002/ncrawler,https://github.com/kant2002/ncrawler,2015-01-01 21:12:26,C#,,36,12,36,0,135,kant2002/ncrawler,1.0,0.0,2.0,0.0,65.0,0.0,0.0,0.0,0.0,0.0,0.0,0.0,3.0,kant2002/ncrawler,2015-01-01 21:12:26,2654,0.0,0.0003767897513187,0.0,0.0007535795026375,0.0244913338357196,0.0,0
microsoft/FMLab,0,0,0,0,0,0,0,0,0,0.0,58164126,microsoft/FMLab,https://github.com/microsoft/FMLab,2016-05-05 22:19:15,C#,,35,53,35,15,134,microsoft/FMLab,7.0,0.0,2.0,0.0,13.0,13.0,2.0,15.0,3.0,6.0,9.0,0.0,3.0,microsoft/FMLab,2016-05-05 22:19:15,2164,0.0,0.0032347504621072,0.0,0.0009242144177449,0.0060073937153419,0.0,0
AzureADQuickStarts/AppModelv2-NativeClient-DotNet,65,0,0,0,0,0,10,0,16,3.0,40277576,AzureADQuickStarts/AppModelv2-NativeClient-DotNet,https://github.com/AzureADQuickStarts/AppModelv2-NativeClient-DotNet,2015-08-06 01:30:30,C#,,34,25,34,6,133,AzureADQuickStarts/AppModelv2-NativeClient-DotNet,9.0,0.0,2.0,0.0,54.0,6.0,5.0,11.0,0.0,18.0,18.0,0.0,13.0,AzureADQuickStarts/AppModelv2-NativeClient-DotNet,2015-08-06 01:30:30,2437,0.0,0.0036930652441526,0.0,0.0008206811653672,0.0221583914649158,0.0,0
kernys/Kernys.Bson,0,0,0,0,0,0,0,0,0,2.0,11275903,kernys/Kernys.Bson,https://github.com/kernys/Kernys.Bson,2013-07-09 07:31:29,C#,,33,16,33,1,132,kernys/Kernys.Bson,4.0,0.0,2.0,0.0,20.0,1.0,1.0,2.0,0.0,4.0,4.0,0.0,8.0,kernys/Kernys.Bson,2013-07-09 07:31:29,3195,0.0,0.0012519561815336,0.0,0.0006259780907668,0.0062597809076682,0.0,0
SaladLab/UniGet,2,3,0,0,0,1,5,0,0,1.0,55737156,SaladLab/UniGet,https://github.com/SaladLab/UniGet,2016-04-08 00:26:09,C#,,32,7,32,0,131,SaladLab/UniGet,1.0,70.0,2.0,2.0,73.0,0.0,2.0,2.0,0.0,1.0,1.0,0.0,6.0,SaladLab/UniGet,2016-04-08 00:26:09,2191,0.0319488817891373,0.0004564125969876,0.0009128251939753,0.0009128251939753,0.0333181195801004,1.0,0
Bekwnn/UnityJsonHelper,0,0,0,0,0,0,0,0,0,2.0,47940208,Bekwnn/UnityJsonHelper,https://github.com/Bekwnn/UnityJsonHelper,2015-12-13 23:05:59,C#,,31,9,31,3,130,Bekwnn/UnityJsonHelper,2.0,0.0,2.0,0.0,9.0,1.0,0.0,1.0,2.0,1.0,3.0,0.0,2.0,Bekwnn/UnityJsonHelper,2015-12-13 23:05:59,2308,0.0,0.0008665511265164,0.0,0.0008665511265164,0.003899480069324,0.0,0
scheshan/DoubanGroup.UWP,0,0,0,0,0,0,0,0,0,0.0,45082043,scheshan/DoubanGroup.UWP,https://github.com/scheshan/DoubanGroup.UWP,2015-10-28 01:52:43,C#,,30,13,30,0,129,scheshan/DoubanGroup.UWP,2.0,0.0,2.0,0.0,104.0,0.0,0.0,0.0,0.0,0.0,0.0,0.0,1.0,scheshan/DoubanGroup.UWP,2015-10-28 01:52:43,2354,0.0,0.0008496176720475,0.0,0.0008496176720475,0.044180118946474,0.0,0
Pryaxis/orion-core,0,1,0,0,0,1,2,0,0,0.0,35076420,Pryaxis/orion-core,https://github.com/Pryaxis/orion-core,2015-05-05 03:45:54,C#,,29,11,29,10,128,Pryaxis/orion-core,16.0,0.0,2.0,0.0,976.0,10.0,43.0,53.0,0.0,24.0,24.0,0.0,13.0,Pryaxis/orion-core,2015-05-05 03:45:54,2530,0.0,0.0063241106719367,0.0,0.000790513833992,0.3857707509881423,0.0,0
wwwlicious/servicestack-authentication-identityserver,18,5,0,0,0,1,10,1,0,6.5,61019528,wwwlicious/servicestack-authentication-identityserver,https://github.com/wwwlicious/servicestack-authentication-identityserver,2016-06-13 08:17:10,C#,,28,15,28,12,127,wwwlicious/servicestack-authentication-identityserver,6.0,9.0,2.0,6.0,74.0,12.0,8.0,20.0,0.0,4.0,4.0,0.0,8.0,wwwlicious/servicestack-authentication-identityserver,2016-06-13 08:17:10,2125,0.004235294117647,0.0028235294117647,0.0028235294117647,0.0009411764705882,0.0348235294117647,3.0,0
ahdung/FormDraggerDemo,0,1,0,0,0,0,0,0,0,0.0,86794438,ahdung/FormDraggerDemo,https://github.com/ahdung/FormDraggerDemo,2017-03-31 08:07:58,C#,,27,9,27,0,126,ahdung/FormDraggerDemo,1.0,0.0,2.0,0.0,7.0,0.0,0.0,0.0,0.0,0.0,0.0,0.0,2.0,ahdung/FormDraggerDemo,2017-03-31 08:07:58,1834,0.0,0.0005452562704471,0.0,0.0010905125408942,0.0038167938931297,0.0,0
Tangoyzx/PaintModel,0,0,0,0,0,0,0,0,0,0.0,45171893,Tangoyzx/PaintModel,https://github.com/Tangoyzx/PaintModel,2015-10-29 09:05:06,C#,,26,10,26,1,125,Tangoyzx/PaintModel,1.0,0.0,2.0,0.0,6.0,1.0,0.0,1.0,0.0,0.0,0.0,0.0,4.0,Tangoyzx/PaintModel,2015-10-29 09:05:06,2353,0.0,0.0004249893752656,0.0,0.0008499787505312,0.0025499362515937,0.0,0
liamca/azure-search-recommendations,18,1,0,2,0,1,9,0,0,0.0,45642082,liamca/azure-search-recommendations,https://github.com/liamca/azure-search-recommendations,2015-11-05 21:58:33,C#,,25,11,25,0,124,liamca/azure-search-recommendations,4.0,0.0,2.0,0.0,55.0,0.0,0.0,0.0,0.0,1.0,1.0,0.0,29.0,liamca/azure-search-recommendations,2015-11-05 21:58:33,2346,0.0,0.0017050298380221,0.0,0.000852514919011,0.0234441602728047,0.0,0
radistmorse/KSPPreciseManeuver,16,1,0,0,0,0,0,0,0,1.0,48331216,radistmorse/KSPPreciseManeuver,https://github.com/radistmorse/KSPPreciseManeuver,2015-12-20 17:49:27,C#,,24,21,24,4,123,radistmorse/KSPPreciseManeuver,6.0,142302.0,19.0,19.0,63.0,4.0,13.0,17.0,0.0,9.0,9.0,0.0,8.0,radistmorse/KSPPreciseManeuver,2015-12-20 17:49:27,2301,61.84354628422425,0.0026075619295958,0.0082572794437201,0.0082572794437201,0.0273794002607561,1.0,0
bucknellu/Nyan,22,1,0,0,0,4,11,0,13,3.0,44409743,bucknellu/Nyan,https://github.com/bucknellu/Nyan,2015-10-16 20:47:08,C#,,23,2,23,3,122,bucknellu/Nyan,3.0,7.0,1.0,1.0,805.0,1.0,10.0,11.0,2.0,8.0,10.0,0.0,37.0,bucknellu/Nyan,2015-10-16 20:47:08,2366,0.0029585798816568,0.0012679628064243,0.0004226542688081,0.0004226542688081,0.3402366863905325,1.0,0
mkremins/TracerySharp,0,0,0,0,0,1,6,0,9,5.0,59685203,mkremins/TracerySharp,https://github.com/mkremins/TracerySharp,2016-05-25 17:50:52,C#,,22,2,22,2,121,mkremins/TracerySharp,1.0,0.0,2.0,0.0,12.0,1.0,2.0,3.0,1.0,0.0,1.0,1.0,4.0,mkremins/TracerySharp,2016-05-25 17:50:52,2144,0.0,0.0004664179104477,0.0,0.0009328358208955,0.0055970149253731,0.0,0
TORISOUP/GTAV_InfernoScripts,1,0,0,0,0,2,4,0,0,0.0,34913171,TORISOUP/GTAV_InfernoScripts,https://github.com/TORISOUP/GTAV_InfernoScripts,2015-05-01 16:56:39,C#,,21,6,21,5,120,TORISOUP/GTAV_InfernoScripts,5.0,6485.0,12.0,12.0,555.0,1.0,11.0,12.0,4.0,52.0,56.0,0.0,8.0,TORISOUP/GTAV_InfernoScripts,2015-05-01 16:56:39,2534,2.5591949486977112,0.0019731649565903,0.0047355958958168,0.0047355958958168,0.2190213101815311,1.0,0
DmitrySikorsky/AspNet5ModularApp,8,0,0,0,0,2,2,1,0,0.0,45976873,DmitrySikorsky/AspNet5ModularApp,https://github.com/DmitrySikorsky/AspNet5ModularApp,2015-11-11 11:07:22,C#,,20,4,20,0,119,DmitrySikorsky/AspNet5ModularApp,1.0,0.0,2.0,0.0,6.0,0.0,1.0,1.0,0.0,0.0,0.0,0.0,4.0,DmitrySikorsky/AspNet5ModularApp,2015-11-11 11:07:22,2340,0.0,0.0004273504273504,0.0,0.0008547008547008,0.0025641025641025,0.0,0
lindexi/Markdown,0,0,0,0,0,0,0,0,9,0.0,49310212,lindexi/Markdown,https://github.com/lindexi/Markdown,2016-01-09 04:07:27,C#,,18,1,18,1,117,lindexi/Markdown,2.0,0.0,2.0,0.0,53.0,0.0,0.0,0.0,1.0,0.0,1.0,0.0,3.0,lindexi/Markdown,2016-01-09 04:07:27,2281,0.0,0.0008768084173608,0.0,0.0008768084173608,0.0232354230600613,0.0,0
claresudbery/ClaresPancakes,3,0,0,0,0,0,0,0,0,0.0,40650813,claresudbery/ClaresPancakes,https://github.com/claresudbery/ClaresPancakes,2015-08-13 09:36:19,C#,,17,2,17,0,116,claresudbery/ClaresPancakes,4.0,0.0,2.0,0.0,8.0,0.0,0.0,0.0,0.0,1.0,1.0,0.0,6.0,claresudbery/ClaresPancakes,2015-08-13 09:36:19,2430,0.0,0.0016460905349794,0.0,0.0008230452674897,0.0032921810699588,0.0,0
rygo6/VisualizationFramework-Unity,13,0,0,1,0,0,0,0,0,0.0,43733972,rygo6/VisualizationFramework-Unity,https://github.com/rygo6/VisualizationFramework-Unity,2015-10-06 06:36:46,C#,,16,3,16,6,115,rygo6/VisualizationFramework-Unity,1.0,0.0,2.0,0.0,19.0,6.0,9.0,15.0,0.0,0.0,0.0,0.0,6.0,rygo6/VisualizationFramework-Unity,2015-10-06 06:36:46,2376,0.0,0.0004208754208754,0.0,0.0008417508417508,0.0079966329966329,0.0,0
Joshsora/LibSOE,0,1,0,0,0,0,1,0,0,0.0,42509999,Joshsora/LibSOE,https://github.com/Joshsora/LibSOE,2015-09-15 10:00:09,C#,,14,11,14,6,113,Joshsora/LibSOE,2.0,0.0,2.0,0.0,13.0,6.0,1.0,7.0,0.0,0.0,0.0,0.0,4.0,Joshsora/LibSOE,2015-09-15 10:00:09,2397,0.0,0.0008343763037129,0.0,0.0008343763037129,0.0054234459741343,0.0,0
cra0kalo/CETRAINER_DECRYPT,0,0,0,0,0,0,0,0,0,0.0,45588905,cra0kalo/CETRAINER_DECRYPT,https://github.com/cra0kalo/CETRAINER_DECRYPT,2015-11-05 05:03:57,C#,,13,6,13,0,112,cra0kalo/CETRAINER_DECRYPT,1.0,0.0,2.0,0.0,3.0,0.0,0.0,0.0,0.0,0.0,0.0,0.0,2.0,cra0kalo/CETRAINER_DECRYPT,2015-11-05 05:03:57,2346,0.0,0.0004262574595055,0.0,0.000852514919011,0.0012787723785166,0.0,0
Waynext/ChartControls,0,0,0,0,0,0,0,0,0,0.0,44532196,Waynext/ChartControls,https://github.com/Waynext/ChartControls,2015-10-19 12:13:42,C#,,12,7,12,1,111,Waynext/ChartControls,1.0,0.0,2.0,0.0,13.0,1.0,0.0,1.0,0.0,0.0,0.0,0.0,8.0,Waynext/ChartControls,2015-10-19 12:13:42,2363,0.0,0.0004231908590774,0.0,0.0008463817181548,0.0055014811680067,0.0,0
enBask/Asgard,0,0,0,0,0,0,0,0,0,0.0,46292069,enBask/Asgard,https://github.com/enBask/Asgard,2015-11-16 17:55:31,C#,,11,1,11,1,110,enBask/Asgard,1.0,0.0,2.0,0.0,49.0,1.0,0.0,1.0,0.0,0.0,0.0,0.0,1.0,enBask/Asgard,2015-11-16 17:55:31,2335,0.0,0.0004282655246252,0.0,0.0008565310492505,0.0209850107066381,0.0,0
Particular/HashBus,21,0,0,0,0,1,4,0,13,1.0,44618219,Particular/HashBus,https://github.com/Particular/HashBus,2015-10-20 16:06:04,C#,,10,4,10,23,109,Particular/HashBus,9.0,0.0,2.0,0.0,251.0,22.0,58.0,80.0,1.0,109.0,110.0,0.0,6.0,Particular/HashBus,2015-10-20 16:06:04,2362,0.0,0.0038103302286198,0.0,0.0008467400508044,0.1062658763759525,0.0,0
BeranekCZ/NETMF-Utils,10,0,0,1,0,0,0,0,0,0.0,34910949,BeranekCZ/NETMF-Utils,https://github.com/BeranekCZ/NETMF-Utils,2015-05-01 16:04:27,C#,,9,2,9,1,108,BeranekCZ/NETMF-Utils,2.0,0.0,2.0,0.0,16.0,1.0,0.0,1.0,0.0,0.0,0.0,0.0,8.0,BeranekCZ/NETMF-Utils,2015-05-01 16:04:27,2534,0.0,0.0007892659826361,0.0,0.0007892659826361,0.0063141278610891,0.0,0
jsauve/XamaGram,22,1,0,0,0,0,0,1,0,0.0,35568908,jsauve/XamaGram,https://github.com/jsauve/XamaGram,2015-05-13 19:06:35,C#,,6,6,6,0,105,jsauve/XamaGram,2.0,0.0,2.0,0.0,40.0,0.0,1.0,1.0,0.0,0.0,0.0,0.0,29.0,jsauve/XamaGram,2015-05-13 19:06:35,2522,0.0,0.0007930214115781,0.0,0.0007930214115781,0.0158604282315622,0.0,0
jmalarcon/FileEncodingConverter,8,0,0,0,0,0,3,0,1,4.0,43213307,jmalarcon/FileEncodingConverter,https://github.com/jmalarcon/FileEncodingConverter,2015-09-26 16:33:39,C#,,5,2,5,0,104,jmalarcon/FileEncodingConverter,3.0,973.0,3.0,2.0,8.0,0.0,2.0,2.0,0.0,0.0,0.0,0.0,5.0,jmalarcon/FileEncodingConverter,2015-09-26 16:33:39,2386,0.4077954735959765,0.0012573344509639,0.0008382229673093,0.0012573344509639,0.0033528918692372,0.6666666666666666,0
damianh/StaticFilesMiddleware,3,0,0,0,0,0,1,0,2,0.0,43071433,damianh/StaticFilesMiddleware,https://github.com/damianh/StaticFilesMiddleware,2015-09-24 14:20:36,C#,,4,7,4,0,103,damianh/StaticFilesMiddleware,1.0,0.0,2.0,0.0,9.0,0.0,0.0,0.0,0.0,0.0,0.0,0.0,2.0,damianh/StaticFilesMiddleware,2015-09-24 14:20:36,2388,0.0,0.0004187604690117,0.0,0.0008375209380234,0.0037688442211055,0.0,0
AdamKinney/WinGraphics,0,0,0,0,0,0,0,0,0,0.0,35009938,AdamKinney/WinGraphics,https://github.com/AdamKinney/WinGraphics,2015-05-04 02:29:20,C#,,3,2,3,0,102,AdamKinney/WinGraphics,1.0,0.0,2.0,0.0,3.0,0.0,0.0,0.0,0.0,0.0,0.0,0.0,1.0,AdamKinney/WinGraphics,2015-05-04 02:29:20,2531,0.0,0.0003951007506914,0.0,0.0007902015013828,0.0011853022520742,0.0,0
Insality/RAO,0,0,0,0,0,0,0,0,0,0.0,34921524,Insality/RAO,https://github.com/Insality/RAO,2015-05-01 20:03:29,C#,,2,0,2,0,101,Insality/RAO,2.0,0.0,2.0,0.0,58.0,0.0,0.0,0.0,0.0,0.0,0.0,0.0,2.0,Insality/RAO,2015-05-01 20:03:29,2534,0.0,0.0007892659826361,0.0,0.0007892659826361,0.0228887134964483,0.0,0
SpaceMadness/unity-tutorial-space-shooter,1,0,0,0,0,4,7,0,8,0.0,35000884,SpaceMadness/unity-tutorial-space-shooter,https://github.com/SpaceMadness/unity-tutorial-space-shooter,2015-05-03 21:09:38,C#,,1,0,1,0,100,SpaceMadness/unity-tutorial-space-shooter,1.0,0.0,2.0,0.0,6.0,0.0,0.0,0.0,0.0,0.0,0.0,0.0,1.0,SpaceMadness/unity-tutorial-space-shooter,2015-05-03 21:09:38,2532,0.0,0.0003949447077409,0.0,0.0007898894154818,0.0023696682464454,0.0,0
