Name,List,Image,Animation,Video,Table,Github,Links,Project,Inline,Code,repository_ID,fullname_x,URL,created_date_x,language,description,number_of_stars,num_of_forks,num_of_watchers,open_issue_count,repo_id,repository,fullname_y,open_prs,closed_prs,total_prs,community,downloads,releases,assets,commits,open_issues,closed_issues,total_issues,readme_issues,readme_commits,created_date_y,days,download_score,community_score,assets_score,releases_score,commits_score,avg_assets_release,Label
Genymobile/scrcpy,54,3,0,1,0,1,2,0,63,65.0,111583593,Genymobile/scrcpy,https://github.com/Genymobile/scrcpy,2017-11-21 18:00:27,C,,58323,6082,58323,861,3,Genymobile/scrcpy,Genymobile/scrcpy,26,264,290,110,370808,27,138,1762,921,1854,2775,7,263,2017-11-21 18:00:27,1565,236.93801916932907,0.0702875399361022,0.0881789137380191,0.0172523961661341,1.1258785942492011,5.111111111111111,0
netdata/netdata,37,20,1,0,0,6,41,1,5,2.0,10744183,netdata/netdata,https://github.com/netdata/netdata,2013-06-17 18:39:10,C,,56950,5120,56950,267,4,netdata/netdata,netdata/netdata,91,5584,5675,575,435971,30,131,13491,183,6364,6547,0,290,2013-06-17 18:39:10,3183,136.96858309770656,0.1806471881872447,0.0411561420043983,0.0094250706880301,4.238454288407163,4.366666666666666,0
redis/redis,52,0,0,0,0,0,1,0,89,1.0,156018,redis/redis,https://github.com/redis/redis,2009-03-21 22:32:25,C,,52099,20373,52099,2094,1,redis/redis,redis/redis,452,4509,4961,671,0,28,0,11000,1606,3676,5282,6,53,2009-03-21 22:32:25,4732,0.0,0.1418005071851225,0.0,0.0059171597633136,2.3245984784446323,0.0,0
obsproject/obs-studio,12,0,0,0,0,0,4,6,3,0.0,13233158,obsproject/obs-studio,https://github.com/obsproject/obs-studio,2013-10-01 02:40:31,C,,33638,5385,33638,610,7,obsproject/obs-studio,obsproject/obs-studio,151,3741,3892,555,362213,30,83,10536,483,1501,1984,0,20,2013-10-01 02:40:31,3077,117.71628209294768,0.1803704907377315,0.0269743256418589,0.0097497562560935,3.424114397140072,2.7666666666666666,0
ventoy/Ventoy,28,6,0,0,0,1,31,0,2,0.0,246335987,ventoy/Ventoy,https://github.com/ventoy/Ventoy,2020-03-10 15:19:19,C,,28939,2157,28939,257,16,ventoy/Ventoy,ventoy/Ventoy,44,173,217,60,511899,30,87,623,257,902,1159,0,58,2020-03-10 15:19:19,725,706.0675862068965,0.0827586206896551,0.12,0.0413793103448275,0.8593103448275862,2.9,0
FFmpeg/FFmpeg,11,0,0,0,0,0,5,0,9,0.0,1614410,FFmpeg/FFmpeg,https://github.com/FFmpeg/FFmpeg,2011-04-14 14:12:38,C,,27167,8946,27167,3,8,FFmpeg/FFmpeg,FFmpeg/FFmpeg,1,373,374,2144,8154,11,9,105885,0,0,0,0,11,2011-04-14 14:12:38,3978,2.0497737556561084,0.538964303670186,0.002262443438914,0.0027652086475615,26.61764705882353,0.8181818181818182,0
tmux/tmux,6,0,0,0,0,0,0,0,0,0.0,36836475,tmux/tmux,https://github.com/tmux/tmux,2015-06-03 23:32:55,C,,23232,1627,23232,32,24,tmux/tmux,tmux/tmux,2,460,462,49,1878844,30,32,9721,21,2614,2635,0,34,2015-06-03 23:32:55,2467,761.5905958654236,0.0198621807863802,0.0129712201053911,0.0121605188488042,3.9404134576408594,1.0666666666666669,0
curl/curl,0,22,0,0,0,0,26,0,0,0.0,569041,curl/curl,https://github.com/curl/curl,2010-03-18 22:32:22,C,,22742,4761,22742,40,10,curl/curl,curl/curl,45,0,45,1086,43790,30,240,28334,19,3182,3201,1,37,2010-03-18 22:32:22,4370,10.020594965675055,0.2485125858123569,0.0549199084668192,0.0068649885583524,6.483752860411899,8.0,0
emscripten-core/emscripten,0,2,0,0,0,1,10,0,2,0.0,1357796,emscripten-core/emscripten,https://github.com/emscripten-core/emscripten,2011-02-12 05:23:30,C,,21511,2700,21511,1099,20,emscripten-core/emscripten,emscripten-core/emscripten,235,8811,9046,743,0,1,0,23873,984,6249,7233,0,14,2011-02-12 05:23:30,4039,0.0,0.183956424857638,0.0,0.0002475860361475,5.91062144095073,0.0,0
stedolan/jq,0,6,0,0,0,2,12,0,10,0.0,5101141,stedolan/jq,https://github.com/stedolan/jq,2012-07-18 19:57:25,C,,20782,1232,20782,706,31,stedolan/jq,stedolan/jq,129,383,512,142,2418034,9,42,1340,605,1265,1870,2,22,2012-07-18 19:57:25,3517,687.5274381575206,0.0403753198748933,0.0119419960193346,0.0025589991470002,0.3810065396644868,4.666666666666667,0
SamyPesse/How-to-Make-a-Computer-Operating-System,0,1,0,0,0,3,4,1,0,0.0,14807173,SamyPesse/How-to-Make-a-Computer-Operating-System,https://github.com/SamyPesse/How-to-Make-a-Computer-Operating-System,2013-11-29 17:36:32,C,,19634,3358,19634,83,15,SamyPesse/How-to-Make-a-Computer-Operating-System,SamyPesse/How-to-Make-a-Computer-Operating-System,39,55,94,40,0,1,0,243,44,27,71,1,34,2013-11-29 17:36:32,3018,0.0,0.0132538104705102,0.0,0.0003313452617627,0.0805168986083499,0.0,1
coolsnowwolf/lede,24,4,0,0,0,0,3,0,4,5.0,102578345,coolsnowwolf/lede,https://github.com/coolsnowwolf/lede,2017-09-06 07:39:03,C,,18866,15686,18866,208,12,coolsnowwolf/lede,coolsnowwolf/lede,3,0,3,346,32313,2,3,4319,275,6048,6323,0,27,2017-09-06 07:39:03,1641,19.691042047532,0.21084704448507,0.0018281535648994,0.0012187690432663,2.631931748933577,1.5,0
libuv/libuv,22,0,0,0,0,8,19,0,15,19.0,14812739,libuv/libuv,https://github.com/libuv/libuv,2013-11-30 00:29:56,C,,18531,2992,18531,152,22,libuv/libuv,libuv/libuv,62,1890,1952,537,0,3,0,4948,104,1315,1419,11,89,2013-11-30 00:29:56,3017,0.0,0.1779913821677162,0.0,0.0009943652635067,1.6400397746105402,0.0,0
robertdavidgraham/masscan,41,1,0,0,0,0,2,0,75,1.0,11715753,robertdavidgraham/masscan,https://github.com/robertdavidgraham/masscan,2013-07-28 05:35:33,C,,18161,2612,18161,332,26,robertdavidgraham/masscan,robertdavidgraham/masscan,37,0,37,65,0,11,0,705,309,150,459,0,46,2013-07-28 05:35:33,3142,0.0,0.0206874602164226,0.0,0.0035009548058561,0.2243793761935073,0.0,0
go-delve/delve,11,4,0,0,0,1,4,0,0,0.0,19994257,go-delve/delve,https://github.com/go-delve/delve,2014-05-20 19:24:43,C,,17392,1760,17392,132,33,go-delve/delve,go-delve/delve,9,1531,1540,189,0,17,0,2214,105,1261,1366,4,88,2014-05-20 19:24:43,2846,0.0,0.0664089950808151,0.0,0.0059732958538299,0.7779339423752635,0.0,0
taosdata/TDengine,22,6,0,0,0,8,29,0,2,34.0,196353673,taosdata/TDengine,https://github.com/taosdata/TDengine,2019-07-11 08:33:48,C,,17376,4149,17376,467,19,taosdata/TDengine,taosdata/TDengine,12,7946,7958,260,0,30,0,23834,496,2060,2556,0,91,2019-07-11 08:33:48,968,0.0,0.268595041322314,0.0,0.03099173553719,24.62190082644628,0.0,0
mpv-player/mpv,40,1,0,0,0,4,7,0,17,0.0,6201092,mpv-player/mpv,https://github.com/mpv-player/mpv,2012-10-13 08:08:44,C,,16904,2087,16904,738,34,mpv-player/mpv,mpv-player/mpv,92,2435,2527,583,9224,30,2,49475,687,6552,7239,9,84,2012-10-13 08:08:44,3430,2.6892128279883383,0.1699708454810495,0.0005830903790087,0.0087463556851311,14.424198250728862,0.0666666666666666,0
pbatard/rufus,19,8,0,0,0,10,18,0,1,0.0,2810292,pbatard/rufus,https://github.com/pbatard/rufus,2011-11-19 19:12:05,C,,16825,1739,16825,12,37,pbatard/rufus,pbatard/rufus,0,149,149,158,10878747,30,204,1876,13,1693,1706,3,35,2011-11-19 19:12:05,3759,2894.0534716679967,0.0420324554402766,0.0542697525937749,0.0079808459696727,0.4990689013035381,6.8,0
arendst/Tasmota,56,16,0,0,0,15,33,0,1,0.0,80286288,arendst/Tasmota,https://github.com/arendst/Tasmota,2017-01-28 13:37:08,C,,16538,3635,16538,21,25,arendst/Tasmota,arendst/Tasmota,11,0,11,426,177565,30,810,14921,7,8459,8466,1,550,2017-01-28 13:37:08,1862,95.3625134264232,0.2287862513426423,0.435016111707841,0.0161117078410311,8.01342642320086,27.0,0
facebook/zstd,8,3,0,0,0,5,7,0,28,0.0,29759715,facebook/zstd,https://github.com/facebook/zstd,2015-01-24 00:22:38,C,,15916,1514,15916,83,41,facebook/zstd,facebook/zstd,19,0,19,281,1338197,30,148,9517,96,905,1001,2,82,2015-01-24 00:22:38,2597,515.2857142857143,0.1082017712745475,0.0569888332691567,0.0115517905275317,3.664613015017328,4.933333333333334,0
radareorg/radare2,29,13,0,0,0,9,27,2,7,2.0,4869294,radareorg/radare2,https://github.com/radareorg/radare2,2012-07-03 07:42:26,C,,15342,2591,15342,836,32,radareorg/radare2,radareorg/radare2,22,11383,11405,1000,2576,30,196,27472,818,7129,7947,0,140,2012-07-03 07:42:26,3532,0.7293318233295584,0.2831257078142695,0.0554926387315968,0.008493771234428,7.778029445073613,6.533333333333333,0
gentilkiwi/mimikatz,13,1,0,0,0,0,0,0,17,6.0,18496166,gentilkiwi/mimikatz,https://github.com/gentilkiwi/mimikatz,2014-04-06 18:30:02,C,,14504,2884,14504,126,30,gentilkiwi/mimikatz,gentilkiwi/mimikatz,25,22,47,7,40176,10,20,322,109,228,337,0,16,2014-04-06 18:30:02,2890,13.901730103806228,0.0024221453287197,0.0069204152249134,0.0034602076124567,0.1114186851211072,2.0,1
micropython/micropython,17,2,0,0,0,4,6,1,20,0.0,15337142,micropython/micropython,https://github.com/micropython/micropython,2013-12-20 11:47:07,C,,13380,4918,13380,1365,27,micropython/micropython,micropython/micropython,273,0,273,494,29809,12,24,13186,1142,2934,4076,2,86,2013-12-20 11:47:07,2997,9.94627961294628,0.1648314981648315,0.008008008008008,0.004004004004004,4.399733066399733,2.0,0
iovisor/bcc,135,3,0,1,1,1,7,0,0,1.0,34921116,iovisor/bcc,https://github.com/iovisor/bcc,2015-05-01 19:52:32,C,,13072,2529,13072,649,38,iovisor/bcc,iovisor/bcc,82,2362,2444,534,13443,15,28,4091,608,837,1445,6,166,2015-05-01 19:52:32,2500,5.3772,0.2136,0.0112,0.006,1.6364,1.8666666666666667,0
jarun/nnn,109,10,1,0,0,28,57,0,14,0.0,66150122,jarun/nnn,https://github.com/jarun/nnn,2016-08-20 14:10:14,C,,13023,509,13023,1,52,jarun/nnn,jarun/nnn,1,540,541,151,2360,30,350,3872,2,757,759,1,900,2016-08-20 14:10:14,2023,1.166584280771132,0.0746416213544241,0.1730103806228373,0.0148294611962432,1.9139891250617893,11.666666666666666,0
timescale/timescaledb,26,1,0,0,0,11,35,1,4,2.0,84240850,timescale/timescaledb,https://github.com/timescale/timescaledb,2017-03-07 20:03:41,C,,12166,641,12166,372,50,timescale/timescaledb,timescale/timescaledb,16,2260,2276,82,4199,30,19,3192,382,1418,1800,1,87,2017-03-07 20:03:41,1824,2.302083333333333,0.0449561403508771,0.0104166666666666,0.0164473684210526,1.75,0.6333333333333333,0
Foundry376/Mailspring,2,4,0,0,0,9,20,0,0,3.0,70777180,Foundry376/Mailspring,https://github.com/Foundry376/Mailspring,2016-10-13 06:45:50,C,,11867,757,11867,8,51,Foundry376/Mailspring,Foundry376/Mailspring,4,218,222,239,75020,30,202,7389,3,2142,2145,2,141,2016-10-13 06:45:50,1969,38.100558659217874,0.1213814118842051,0.1025901472828847,0.0152361604875571,3.7526663280853225,6.733333333333333,0
alibaba/tengine,21,1,0,0,0,3,7,1,0,0.0,3784017,alibaba/tengine,https://github.com/alibaba/tengine,2012-03-21 06:34:37,C,,11192,2388,11192,378,43,alibaba/tengine,alibaba/tengine,48,747,795,114,0,8,0,1525,345,465,810,0,23,2012-03-21 06:34:37,3636,0.0,0.0313531353135313,0.0,0.0022002200220022,0.4194169416941694,0.0,0
twitter/twemproxy,102,1,0,0,0,19,59,0,8,0.0,3516624,twitter/twemproxy,https://github.com/twitter/twemproxy,2012-02-22 16:53:58,C,,11121,1952,11121,168,44,twitter/twemproxy,twitter/twemproxy,39,0,39,76,1658,5,2,602,133,281,414,6,108,2012-02-22 16:53:58,3664,0.4525109170305676,0.0207423580786026,0.0005458515283842,0.0013646288209606,0.1643013100436681,0.4,0
ish-app/ish,17,4,0,0,0,4,11,0,16,0.0,90320494,ish-app/ish,https://github.com/ish-app/ish,2017-05-05 00:10:35,C,,10924,585,10924,353,63,ish-app/ish,ish-app/ish,15,241,256,60,38,30,90,3005,369,971,1340,4,57,2017-05-05 00:10:35,1765,0.0215297450424929,0.0339943342776204,0.0509915014164305,0.0169971671388102,1.7025495750708215,3.0,0
hashcat/hashcat,8,1,0,0,0,2,6,1,4,1.0,47409672,hashcat/hashcat,https://github.com/hashcat/hashcat,2015-12-04 14:46:51,C,,10923,1867,10923,124,47,hashcat/hashcat,hashcat/hashcat,7,1559,1566,120,64516,23,14,8334,131,1487,1618,0,22,2015-12-04 14:46:51,2283,28.25930792816469,0.052562417871222,0.0061322820849759,0.0100744634253175,3.650459921156373,0.6086956521739131,0
cloudwu/skynet,2,1,0,0,0,0,0,0,0,3.0,5254557,cloudwu/skynet,https://github.com/cloudwu/skynet,2012-08-01 03:30:42,C,,10764,3736,10764,12,40,cloudwu/skynet,cloudwu/skynet,5,0,5,123,0,30,0,2083,12,810,822,0,39,2012-08-01 03:30:42,3503,0.0,0.0351127604910077,0.0,0.008564087924636,0.5946331715672281,0.0,0
octalmage/robotjs,22,4,1,0,0,15,23,1,2,6.0,23515024,octalmage/robotjs,https://github.com/octalmage/robotjs,2014-08-31 14:13:47,C,,10679,788,10679,143,60,octalmage/robotjs,octalmage/robotjs,24,0,24,60,1479,30,241,651,129,419,548,0,101,2014-08-31 14:13:47,2743,0.5391906671527524,0.0218738607364199,0.0878600072912869,0.0109369303682099,0.2373313889901567,8.033333333333333,0
google/brotli,3,3,0,0,0,8,17,0,3,0.0,24993138,google/brotli,https://github.com/google/brotli,2014-10-09 14:35:14,C,,10622,1015,10622,85,56,google/brotli,google/brotli,10,0,10,91,8157,16,65,1042,69,257,326,3,35,2014-10-09 14:35:14,2704,3.01664201183432,0.0336538461538461,0.0240384615384615,0.0059171597633136,0.3853550295857988,4.0625,0
jonas/tig,6,0,0,0,0,0,0,0,0,0.0,140656,jonas/tig,https://github.com/jonas/tig,2009-03-01 20:39:25,C,,10446,579,10446,199,69,jonas/tig,jonas/tig,23,431,454,186,78780,25,31,2732,162,559,721,1,15,2009-03-01 20:39:25,4752,16.578282828282827,0.0391414141414141,0.006523569023569,0.0052609427609427,0.5749158249158249,1.24,0
skywind3000/kcp,65,5,0,0,0,40,53,1,0,7.0,28515839,skywind3000/kcp,https://github.com/skywind3000/kcp,2014-12-26 16:46:34,C,,10408,2033,10408,133,48,skywind3000/kcp,skywind3000/kcp,13,44,57,28,0,4,0,219,133,158,291,0,113,2014-12-26 16:46:34,2626,0.0,0.0106626047220106,0.0,0.0015232292460015,0.0833968012185834,0.0,1
reactos/reactos,0,2,0,0,0,5,29,0,2,0.0,105627846,reactos/reactos,https://github.com/reactos/reactos,2017-10-03 08:04:52,C,,10133,1216,10133,215,57,reactos/reactos,reactos/reactos,206,0,206,332,2035,8,11,81279,0,0,0,0,40,2017-10-03 08:04:52,1614,1.2608426270136308,0.2057001239157373,0.006815365551425,0.0049566294919454,50.358736059479554,1.375,0
andlabs/libui,32,5,0,0,0,27,35,0,12,2.0,34088285,andlabs/libui,https://github.com/andlabs/libui,2015-04-17 00:35:54,C,,10099,604,10099,249,70,andlabs/libui,andlabs/libui,82,94,176,41,2172,7,65,3957,172,191,363,6,152,2015-04-17 00:35:54,2514,0.863961813842482,0.0163086714399363,0.0258552108194112,0.0027844073190135,1.5739856801909309,9.285714285714286,1
openwrt/openwrt,17,1,0,1,0,4,15,0,7,1.0,45821540,openwrt/openwrt,https://github.com/openwrt/openwrt,2015-11-09 07:13:55,C,,10087,6506,10087,444,42,openwrt/openwrt,openwrt/openwrt,263,4596,4859,1092,0,1,0,53530,1437,3083,4520,0,11,2015-11-09 07:13:55,2308,0.0,0.4731369150779896,0.0,0.0004332755632582,23.193240901213173,0.0,0
openresty/openresty,8,0,0,0,0,0,4,0,7,2.0,480080,openresty/openresty,https://github.com/openresty/openresty,2010-01-20 03:57:59,C,,10032,1332,10032,223,58,openresty/openresty,openresty/openresty,7,165,172,34,29931,13,18,1644,224,416,640,1,22,2010-01-20 03:57:59,4427,6.761011971990061,0.0076801445674271,0.0040659588886379,0.0029365258640162,0.3713575784955952,1.3846153846153846,1
swaywm/sway,11,0,0,0,0,0,0,0,4,0.0,40217904,swaywm/sway,https://github.com/swaywm/sway,2015-08-05 01:31:45,C,,9790,829,9790,620,71,swaywm/sway,swaywm/sway,103,0,103,471,7256,30,48,6887,550,3151,3701,2,153,2015-08-05 01:31:45,2404,3.0183028286189684,0.1959234608985025,0.0199667221297836,0.0124792013311148,2.864808652246256,1.6,0
jedisct1/libsodium,1,9,0,0,0,5,16,1,2,0.0,7710647,jedisct1/libsodium,https://github.com/jedisct1/libsodium,2013-01-20 00:03:40,C,,9737,1514,9737,3,61,jedisct1/libsodium,jedisct1/libsodium,0,329,329,131,8440902,30,50,4039,2,763,765,0,136,2013-01-20 00:03:40,3331,2534.044431101772,0.0393275292704893,0.0150105073551486,0.0090063044130891,1.2125487841489042,1.6666666666666667,0
h2o/h2o,0,2,0,0,0,2,6,0,0,0.0,23029617,h2o/h2o,https://github.com/h2o/h2o,2014-08-16 23:59:03,C,,9670,758,9670,618,77,h2o/h2o,h2o/h2o,86,1628,1714,148,0,30,0,10025,539,688,1227,1,94,2014-08-16 23:59:03,2758,0.0,0.0536620739666424,0.0,0.0108774474256707,3.6348803480783176,0.0,0
koekeishiya/yabai,3,2,0,0,0,3,4,0,0,0.0,184909163,koekeishiya/yabai,https://github.com/koekeishiya/yabai,2019-05-04 15:00:50,C,,9597,346,9597,163,85,koekeishiya/yabai,koekeishiya/yabai,6,47,53,4,78149,30,30,1087,201,803,1004,3,33,2019-05-04 15:00:50,1036,75.43339768339769,0.0038610038610038,0.0289575289575289,0.0289575289575289,1.0492277992277992,1.0,1
SpacehuhnTech/esp8266_deauther,16,2,0,0,0,17,25,0,1,0.0,78281075,SpacehuhnTech/esp8266_deauther,https://github.com/SpacehuhnTech/esp8266_deauther,2017-01-07 13:39:23,C,,9261,2020,9261,67,62,SpacehuhnTech/esp8266_deauther,SpacehuhnTech/esp8266_deauther,3,125,128,60,318803,18,257,769,80,758,838,0,115,2017-01-07 13:39:23,1883,169.30589484864578,0.0318640467339352,0.1364843335103558,0.0095592140201805,0.4083908656399362,14.27777777777778,0
Tencent/wcdb,55,5,0,0,0,5,7,0,43,10.0,90961634,Tencent/wcdb,https://github.com/Tencent/wcdb,2017-05-11 09:25:03,C,,9250,1224,9250,219,74,Tencent/wcdb,Tencent/wcdb,3,34,37,22,267,12,40,1070,224,589,813,1,44,2017-05-11 09:25:03,1759,0.1517907902217168,0.0125071063104036,0.0227401932916429,0.0068220579874928,0.6083001705514497,3.333333333333333,1
haiwen/seafile,39,1,0,0,0,4,10,0,0,0.0,4999959,haiwen/seafile,https://github.com/haiwen/seafile,2012-07-12 06:47:55,C,,9169,1367,9169,141,73,haiwen/seafile,haiwen/seafile,6,0,6,87,0,30,0,2238,154,1929,2083,1,53,2012-07-12 06:47:55,3523,0.0,0.0246948623332387,0.0,0.0085154697700823,0.6352540448481407,0.0,0
fogleman/Craft,31,2,0,0,0,0,5,0,1,2.0,9330072,fogleman/Craft,https://github.com/fogleman/Craft,2013-04-09 19:47:38,C,,8945,1176,8945,110,82,fogleman/Craft,fogleman/Craft,39,88,127,18,0,1,0,753,72,78,150,0,46,2013-04-09 19:47:38,3252,0.0,0.0055350553505535,0.0,0.0003075030750307,0.2315498154981549,0.0,1
HandBrake/HandBrake,0,2,0,1,0,3,9,0,0,0.0,41215835,HandBrake/HandBrake,https://github.com/HandBrake/HandBrake,2015-08-22 16:32:28,C,,8917,863,8917,247,86,HandBrake/HandBrake,HandBrake/HandBrake,20,0,20,118,268917,30,405,11190,246,3130,3376,0,20,2015-08-22 16:32:28,2387,112.6589861751152,0.0494344365312107,0.1696690406367825,0.0125680770842061,4.687892752408882,13.5,0
systemd/systemd,0,15,0,0,0,2,18,0,0,0.0,32873313,systemd/systemd,https://github.com/systemd/systemd,2015-03-25 15:27:27,C,,8761,2768,8761,1689,59,systemd/systemd,systemd/systemd,184,0,184,2288,0,30,0,56564,1572,6941,8513,4,45,2015-03-25 15:27:27,2537,0.0,0.9018525817895152,0.0,0.0118249901458415,22.29562475364604,0.0,0
acidanthera/OpenCorePkg,37,2,0,0,0,14,22,2,1,0.0,179354282,acidanthera/OpenCorePkg,https://github.com/acidanthera/OpenCorePkg,2019-04-03 19:14:29,C,,8636,1521,8636,4,79,acidanthera/OpenCorePkg,acidanthera/OpenCorePkg,1,319,320,81,359568,30,62,4060,0,0,0,0,31,2019-04-03 19:14:29,1067,336.9896907216495,0.0759137769447047,0.0581068416119962,0.0281162136832239,3.805060918462981,2.066666666666667,0
SoftEtherVPN/SoftEtherVPN,46,6,0,0,0,3,13,0,0,6.0,15583310,SoftEtherVPN/SoftEtherVPN,https://github.com/SoftEtherVPN/SoftEtherVPN,2014-01-02 12:40:57,C,,8505,2132,8505,220,76,SoftEtherVPN/SoftEtherVPN,SoftEtherVPN/SoftEtherVPN,8,646,654,113,219036,19,116,1648,189,670,859,0,38,2014-01-02 12:40:57,2984,73.40348525469169,0.0378686327077747,0.0388739946380697,0.006367292225201,0.5522788203753352,6.105263157894737,0
upx/upx,5,0,0,0,0,0,0,0,0,0.0,67031040,upx/upx,https://github.com/upx/upx,2016-08-31 11:23:13,C,,8399,918,8399,128,90,upx/upx,upx/upx,1,0,1,20,729580,7,85,3551,126,364,490,0,43,2016-08-31 11:23:13,2012,362.61431411530816,0.0099403578528827,0.0422465208747514,0.0034791252485089,1.764910536779324,12.142857142857142,1
glfw/glfw,131,3,0,0,0,10,23,0,63,0.0,9524997,glfw/glfw,https://github.com/glfw/glfw,2013-04-18 15:24:53,C,,8360,3228,8360,470,65,glfw/glfw,glfw/glfw,57,473,530,185,422650,17,58,4424,422,1080,1502,26,708,2013-04-18 15:24:53,3243,130.3268578476719,0.0570459451125501,0.0178846746839346,0.0052420598211532,1.3641689793401173,3.411764705882353,0
davatorium/rofi,47,9,0,0,0,22,26,0,7,1.0,7715820,davatorium/rofi,https://github.com/davatorium/rofi,2013-01-20 11:54:45,C,,8325,437,8325,67,95,davatorium/rofi,davatorium/rofi,11,297,308,134,34480,30,61,3615,52,1056,1108,3,98,2013-01-20 11:54:45,3331,10.351245872110477,0.0402281597117982,0.0183128189732812,0.0090063044130891,1.085259681777244,2.033333333333333,0
libgit2/libgit2,77,4,0,0,0,16,32,1,39,0.0,901662,libgit2/libgit2,https://github.com/libgit2/libgit2,2010-09-10 16:17:48,C,,8179,2153,8179,433,83,libgit2/libgit2,libgit2/libgit2,113,4150,4263,550,66497,30,10,14483,328,1536,1864,0,159,2010-09-10 16:17:48,4194,15.855269432522652,0.1311397234144015,0.0023843586075345,0.0071530758226037,3.4532665712923225,0.3333333333333333,0
libevent/libevent,0,8,0,0,0,7,14,0,0,4.0,1856976,libevent/libevent,https://github.com/libevent/libevent,2011-06-06 21:42:50,C,,8177,2921,8177,133,75,libevent/libevent,libevent/libevent,0,468,468,273,3041140,18,14,4613,119,649,768,3,38,2011-06-06 21:42:50,3925,774.8127388535032,0.0695541401273885,0.0035668789808917,0.0045859872611464,1.1752866242038216,0.7777777777777778,0
raysan5/raylib,38,17,1,0,0,36,52,1,1,1.0,13836499,raysan5/raylib,https://github.com/raysan5/raylib,2013-10-24 15:46:04,C,,8084,959,8084,15,93,raysan5/raylib,raysan5/raylib,1,1074,1075,338,7181,19,89,5670,10,1126,1136,0,144,2013-10-24 15:46:04,3054,2.351342501637197,0.1106745252128356,0.0291421087098886,0.0062213490504256,1.856581532416503,4.684210526315789,0
lvgl/lvgl,49,2,1,0,0,6,38,0,0,2.0,60667730,lvgl/lvgl,https://github.com/lvgl/lvgl,2016-06-08 04:14:34,C,,8047,1599,8047,38,89,lvgl/lvgl,lvgl/lvgl,0,1209,1209,277,150,30,1,7829,35,1881,1916,1,171,2016-06-08 04:14:34,2096,0.0715648854961832,0.1321564885496183,0.0004770992366412,0.0143129770992366,3.7352099236641214,0.0333333333333333,0
darlinghq/darling,0,1,0,0,0,1,3,0,6,4.0,7077690,darlinghq/darling,https://github.com/darlinghq/darling,2012-12-09 10:31:44,C,,7922,328,7922,200,98,darlinghq/darling,darlinghq/darling,2,165,167,67,9197,8,16,3690,205,734,939,3,36,2012-12-09 10:31:44,3373,2.7266528313074416,0.0198636228876371,0.0047435517343611,0.0023717758671805,1.0939816187370293,2.0,0
microsoft/react-native-code-push,50,3,0,1,0,14,30,0,46,14.0,36749153,microsoft/react-native-code-push,https://github.com/microsoft/react-native-code-push,2015-06-02 17:19:20,C,,7841,1222,7841,164,94,microsoft/react-native-code-push,microsoft/react-native-code-push,15,730,745,159,0,30,0,1733,43,1443,1486,6,421,2015-06-02 17:19:20,2468,0.0,0.0644246353322528,0.0,0.0121555915721231,0.7021880064829822,0.0,0
antirez/disque,239,1,0,0,0,23,27,0,175,1.0,34676773,antirez/disque,https://github.com/antirez/disque,2015-04-27 16:06:09,C,,7823,547,7823,60,99,antirez/disque,antirez/disque,18,91,109,59,0,1,0,602,41,65,106,4,133,2015-04-27 16:06:09,2504,0.0,0.0235623003194888,0.0,0.0003993610223642,0.2404153354632587,0.0,0
borgbackup/borg,15,0,0,0,0,0,0,0,20,0.0,35517126,borgbackup/borg,https://github.com/borgbackup/borg,2015-05-12 23:10:47,C,,7752,595,7752,551,97,borgbackup/borg,borgbackup/borg,24,2999,3023,281,4636,30,360,6589,576,2766,3342,13,95,2015-05-12 23:10:47,2489,1.862595419847328,0.1128967456809963,0.1446364001607071,0.0120530333467255,2.6472478907191643,12.0,0
cesanta/mongoose,24,5,0,0,0,5,22,0,1,0.0,5414488,cesanta/mongoose,https://github.com/cesanta/mongoose,2012-08-14 15:09:51,C,,7706,2178,7706,6,88,cesanta/mongoose,cesanta/mongoose,5,405,410,142,3798,30,9,3655,2,1055,1057,0,247,2012-08-14 15:09:51,3490,1.0882521489971346,0.0406876790830945,0.0025787965616045,0.0085959885386819,1.0472779369627507,0.3,0
espressif/arduino-esp32,9,4,0,0,0,5,15,1,0,0.0,70127218,espressif/arduino-esp32,https://github.com/espressif/arduino-esp32,2016-10-06 06:04:20,C,,7682,4847,7682,339,78,espressif/arduino-esp32,espressif/arduino-esp32,39,1588,1627,522,1421752,30,114,1678,357,4384,4741,1,45,2016-10-06 06:04:20,1976,719.5101214574898,0.26417004048583,0.0576923076923076,0.0151821862348178,0.8491902834008097,3.8,0
DanieleDeSensi/peafowl,26,10,0,0,0,1,12,0,2,0.0,9239261,DanieleDeSensi/peafowl,https://github.com/DanieleDeSensi/peafowl,2013-04-05 10:56:18,C,,97,33,97,1,104,DanieleDeSensi/peafowl,DanieleDeSensi/peafowl,0,35,35,13,29,2,3,456,1,8,9,0,70,2013-04-05 10:56:18,3256,0.0089066339066339,0.0039926289926289,0.0009213759213759,0.0006142506142506,0.14004914004914,1.5,1
xiph/opusfile,0,3,0,0,0,0,3,0,0,0.0,28172682,xiph/opusfile,https://github.com/xiph/opusfile,2014-12-18 07:15:34,C,,96,47,96,12,101,xiph/opusfile,xiph/opusfile,3,10,13,26,16019,6,12,457,8,9,17,0,6,2014-12-18 07:15:34,2634,6.08162490508732,0.0098709187547456,0.0045558086560364,0.0022779043280182,0.1735003796507213,2.0,1
JUMA-IO/STM32_Platform,17,1,0,0,0,1,16,0,10,0.0,49547764,JUMA-IO/STM32_Platform,https://github.com/JUMA-IO/STM32_Platform,2016-01-13 03:49:37,C,,90,69,90,4,105,JUMA-IO/STM32_Platform,JUMA-IO/STM32_Platform,0,93,93,17,0,7,0,261,4,7,11,0,19,2016-01-13 03:49:37,2243,0.0,0.0075791350869371,0.0,0.0031208203299152,0.1163620151582701,0.0,1
dimitri/pgextwlist,10,1,0,0,0,0,2,0,33,0.0,2958353,dimitri/pgextwlist,https://github.com/dimitri/pgextwlist,2011-12-11 14:11:13,C,,86,31,86,5,111,dimitri/pgextwlist,dimitri/pgextwlist,2,23,25,17,0,4,0,102,4,17,21,4,13,2011-12-11 14:11:13,3737,0.0,0.0045491035590045,0.0,0.001070377308001,0.0272946213540272,0.0,1
yubo/ip_vs_ca,23,2,0,0,0,1,4,0,5,3.0,52423233,yubo/ip_vs_ca,https://github.com/yubo/ip_vs_ca,2016-02-24 07:31:12,C,,84,26,84,3,116,yubo/ip_vs_ca,yubo/ip_vs_ca,0,0,0,3,48,3,7,32,3,11,14,0,20,2016-02-24 07:31:12,2201,0.0218082689686506,0.0013630168105406,0.0031803725579282,0.0013630168105406,0.0145388459791004,2.333333333333333,1
atnan/QLPrettyPatch,2,1,0,0,0,2,3,0,4,0.0,14760455,atnan/QLPrettyPatch,https://github.com/atnan/QLPrettyPatch,2013-11-27 22:14:43,C,,83,4,83,1,137,atnan/QLPrettyPatch,atnan/QLPrettyPatch,1,0,1,1,89326,1,1,11,0,0,0,0,5,2013-11-27 22:14:43,3020,29.57814569536424,0.0003311258278145,0.0003311258278145,0.0003311258278145,0.0036423841059602,1.0,1
Juniper/juise,0,0,0,0,0,2,2,0,0,0.0,10245331,Juniper/juise,https://github.com/Juniper/juise,2013-05-23 14:16:22,C,,50,14,50,14,154,Juniper/juise,Juniper/juise,0,12,12,14,1472,16,23,869,14,10,24,0,6,2013-05-23 14:16:22,3208,0.4588528678304239,0.004364089775561,0.0071695760598503,0.0049875311720698,0.2708852867830424,1.4375,1
zephyrproject-rtos/meta-zephyr-sdk,0,1,0,0,0,0,1,1,0,2.0,61154171,zephyrproject-rtos/meta-zephyr-sdk,https://github.com/zephyrproject-rtos/meta-zephyr-sdk,2016-06-14 20:38:26,C,,45,28,45,4,143,zephyrproject-rtos/meta-zephyr-sdk,zephyrproject-rtos/meta-zephyr-sdk,0,35,35,9,45614,27,20,232,4,75,79,0,5,2016-06-14 20:38:26,2090,21.82488038277512,0.0043062200956937,0.0095693779904306,0.0129186602870813,0.1110047846889952,0.7407407407407407,1
ailispaw/docker-root-xhyve,17,0,0,0,0,3,3,0,2,13.0,40382497,ailispaw/docker-root-xhyve,https://github.com/ailispaw/docker-root-xhyve,2015-08-07 21:56:17,C,,42,4,42,2,168,ailispaw/docker-root-xhyve,ailispaw/docker-root-xhyve,0,0,0,1,568,9,9,89,2,9,11,0,60,2015-08-07 21:56:17,2402,0.2364696086594504,0.0004163197335553,0.0037468776019983,0.0037468776019983,0.0370524562864279,1.0,1
WetDesertRock/GifCat,5,1,2,0,0,1,1,0,16,3.0,61999967,WetDesertRock/GifCat,https://github.com/WetDesertRock/GifCat,2016-06-26 17:20:00,C,,36,5,36,4,173,WetDesertRock/GifCat,WetDesertRock/GifCat,0,2,2,2,0,1,0,6,4,0,4,0,6,2016-06-26 17:20:00,2078,0.0,0.0009624639076034,0.0,0.0004812319538017,0.0028873917228103,0.0,1
wireapp/cryptobox-c,10,0,0,0,0,12,20,0,50,0.0,47832811,wireapp/cryptobox-c,https://github.com/wireapp/cryptobox-c,2015-12-11 15:02:09,C,,28,17,28,2,165,wireapp/cryptobox-c,wireapp/cryptobox-c,0,18,18,17,0,6,0,213,2,0,2,0,17,2015-12-11 15:02:09,2276,0.0,0.0074692442882249,0.0,0.0026362038664323,0.0935852372583479,0.0,1
wireapp/cryptobox-c,10,0,0,0,0,12,20,0,50,0.0,47832811,wireapp/cryptobox-c,https://github.com/wireapp/cryptobox-c,2015-12-11 15:02:09,C,,28,17,28,2,165,wireapp/cryptobox-c,wireapp/cryptobox-c,0,18,18,17,0,6,0,213,2,0,2,0,17,2015-12-11 15:02:09,2276,0.0,0.0074692442882249,0.0,0.0026362038664323,0.0935852372583479,0.0,1
open-power/capiflash,11,0,0,0,0,0,1,0,0,4.0,45078254,open-power/capiflash,https://github.com/open-power/capiflash,2015-10-28 00:19:54,C,,23,12,23,3,175,open-power/capiflash,open-power/capiflash,0,16,16,7,0,11,0,98,3,6,9,0,15,2015-10-28 00:19:54,2320,0.0,0.0030172413793103,0.0,0.0047413793103448,0.0422413793103448,0.0,1
rebelbot/OptimizerLesson,0,0,0,0,0,0,0,0,0,0.0,43264120,rebelbot/OptimizerLesson,https://github.com/rebelbot/OptimizerLesson,2015-09-27 20:41:06,C,,7,5,7,0,190,rebelbot/OptimizerLesson,rebelbot/OptimizerLesson,0,2,2,2,0,2,0,7,0,0,0,0,1,2015-09-27 20:41:06,2351,0.0,0.0008507018290089,0.0,0.0008507018290089,0.0029774564015312,0.0,1
HomeBankCode/lena-its-tools,9,0,0,0,0,0,0,0,3,0.0,35401620,HomeBankCode/lena-its-tools,https://github.com/HomeBankCode/lena-its-tools,2015-05-11 04:12:46,C,,2,3,2,0,195,HomeBankCode/lena-its-tools,HomeBankCode/lena-its-tools,0,17,17,5,0,2,0,130,0,0,0,0,10,2015-05-11 04:12:46,2490,0.0,0.002008032128514,0.0,0.0008032128514056,0.0522088353413654,0.0,1
