fullname_x,C0,C1,C2,C3,C4,C5,C6,C7,C8,number_of_stars,num_of_watchers,num_of_forks,repo_id,repository,community,downloads,releases,assets,commits,open_issues,closed_issues,total_issues,open_prs,closed_prs,total_prs,readme_issues,readme_commits,Rank,Rank_real,star_rank,fork_rank,watchers_rank,pullrequest_rank,label,fullname_y,created_date,days,community_score,assets_score,releases_score,commits_score,avg_assets_release,progress_score,popularity_score
microsoft/PowerToys,0,1,0,1,1,1,1,1,0,64333,64333,3556,0,microsoft/PowerToys,313.0,7165238.0,30.0,55.0,5768.0,2339.0,11105.0,13444.0,20.0,3429.0,3449.0,2.0,180.0,699.0,180.0,182.0,172.0,182.0,163.0,1,microsoft/PowerToys,2019-05-01 17:44:02,1039,0.3012512030798845,0.05293551491819057,0.028873917228103944,5.5514918190567855,1.8333333333333333,7.413699069618223,699.0
shadowsocks/shadowsocks-windows,0,1,0,1,0,1,1,1,0,53513,53513,16188,1,shadowsocks/shadowsocks-windows,91.0,113682379.0,30.0,43.0,1718.0,71.0,2686.0,2757.0,4.0,458.0,462.0,2.0,81.0,667.0,177.0,181.0,181.0,181.0,124.0,1,shadowsocks/shadowsocks-windows,2013-01-14 07:54:16,3337,0.027270002996703627,0.012885825591848966,0.008990110878034162,0.5148336829487564,1.4333333333333333,1.9571571271601238,667.0
PowerShell/PowerShell,1,1,0,1,1,1,1,1,0,31124,31124,4908,2,PowerShell/PowerShell,466.0,107417.0,30.0,681.0,9258.0,3123.0,6795.0,9918.0,93.0,6375.0,6468.0,0.0,316.0,711.0,181.0,180.0,177.0,180.0,174.0,1,PowerShell/PowerShell,2016-01-13 23:41:35,2243,0.207757467677218,0.3036112349531877,0.013374944271065538,4.1275078020508245,22.7,26.84088274632189,711.0
dotnet/aspnetcore,0,1,0,0,0,1,1,1,0,26646,26646,7147,3,dotnet/aspnetcore,1195.0,0.0,2.0,0.0,48991.0,2271.0,22893.0,25164.0,50.0,12218.0,12268.0,10.0,41.0,715.0,182.0,179.0,179.0,179.0,178.0,1,dotnet/aspnetcore,2014-03-11 06:09:42,2916,0.4098079561042524,0.0,0.0006858710562414266,16.800754458161865,0.0,16.801440329218106,715.0
2dust/v2rayN,0,0,0,1,1,0,0,0,0,24225,24225,5121,4,2dust/v2rayN,18.0,1214738.0,30.0,60.0,413.0,24.0,1843.0,1867.0,1.0,104.0,105.0,0.0,4.0,636.0,170.0,178.0,178.0,178.0,102.0,1,2dust/v2rayN,2019-07-30 03:47:24,949,0.018967334035827187,0.06322444678609063,0.03161222339304531,0.4351949420442571,2.0,2.4668071654373023,636.0
CodeHubApp/CodeHub,0,0,0,1,0,1,1,1,0,23312,23312,642,5,CodeHubApp/CodeHub,10.0,0.0,2.0,0.0,593.0,234.0,407.0,641.0,1.0,20.0,21.0,2.0,15.0,529.0,135.0,177.0,97.0,177.0,78.0,1,CodeHubApp/CodeHub,2013-07-23 22:19:57,3147,0.0031776294884016524,0.0,0.0006355258976803305,0.188433428662218,0.0,0.1890689545598983,529.0
Wox-launcher/Wox,0,1,0,1,0,1,1,1,0,21061,21061,2257,6,Wox-launcher/Wox,130.0,756437.0,30.0,105.0,2749.0,798.0,2397.0,3195.0,10.0,437.0,447.0,7.0,151.0,626.0,165.0,176.0,152.0,176.0,122.0,1,Wox-launcher/Wox,2013-12-19 15:49:32,2998,0.04336224149432955,0.03502334889926618,0.01000667111407605,0.9169446297531688,3.5,4.426951300867245,626.0
dnSpy/dnSpy,1,1,0,1,0,1,1,0,0,19582,19582,3658,7,dnSpy/dnSpy,31.0,164878.0,1.0,3.0,3932.0,0.0,0.0,0.0,0.0,83.0,83.0,0.0,41.0,620.0,163.0,175.0,174.0,175.0,96.0,1,dnSpy/dnSpy,2015-07-01 16:05:10,2439,0.012710127101271012,0.0012300123001230013,0.0004100041000410004,1.6121361213612135,3.0,4.612546125461255,620.0
dotnet-architecture/eShopOnContainers,0,1,0,1,1,0,1,0,0,19281,19281,8186,8,dotnet-architecture/eShopOnContainers,200.0,0.0,2.0,0.0,3967.0,34.0,1076.0,1110.0,15.0,695.0,710.0,0.0,180.0,661.0,175.0,174.0,180.0,174.0,133.0,1,dotnet-architecture/eShopOnContainers,2016-10-05 22:35:23,1977,0.10116337885685382,0.0,0.0010116337885685382,2.0065756196256954,0.0,2.007587253414264,661.0
ShareX/ShareX,1,1,0,0,0,0,1,0,0,17970,17970,2334,9,ShareX/ShareX,255.0,11601087.0,30.0,62.0,7100.0,350.0,4824.0,5174.0,7.0,923.0,930.0,1.0,50.0,642.0,171.0,173.0,155.0,173.0,141.0,1,ShareX/ShareX,2013-10-08 23:32:10,3070,0.08306188925081433,0.020195439739413682,0.009771986970684038,2.3127035830618894,2.066666666666667,4.38914223669924,642.0
mxgmn/WaveFunctionCollapse,1,1,0,1,0,1,1,0,1,17092,17092,885,10,mxgmn/WaveFunctionCollapse,17.0,0.0,2.0,0.0,135.0,0.0,40.0,40.0,0.0,29.0,29.0,0.0,97.0,538.0,137.0,172.0,112.0,172.0,82.0,1,mxgmn/WaveFunctionCollapse,2016-09-30 11:53:17,1982,0.008577194752774974,0.0,0.0010090817356205853,0.0681130171543895,0.0,0.06912209889001009,538.0
thangchung/awesome-dotnet-core,1,1,0,1,1,1,1,0,0,15409,15409,2426,12,thangchung/awesome-dotnet-core,255.0,0.0,2.0,0.0,1251.0,19.0,51.0,70.0,112.0,601.0,713.0,0.0,1125.0,635.0,168.0,171.0,158.0,171.0,135.0,1,thangchung/awesome-dotnet-core,2016-03-17 03:52:09,2179,0.11702615878843506,0.0,0.0009178522257916476,0.5741165672326756,0.0,0.5750344194584672,635.0
dotnet/roslyn,1,1,0,0,1,1,1,1,0,15254,15254,3471,13,dotnet/roslyn,710.0,21246.0,30.0,2.0,83370.0,8634.0,19269.0,27903.0,407.0,30810.0,31217.0,1.0,117.0,692.0,179.0,170.0,170.0,170.0,182.0,1,dotnet/roslyn,2015-01-11 02:39:03,2610,0.2720306513409962,0.0007662835249042146,0.011494252873563218,31.942528735632184,0.06666666666666667,32.02068965517242,692.0
files-community/Files,0,1,0,1,0,0,1,1,0,14988,14988,839,14,files-community/Files,217.0,51021.0,30.0,18.0,3342.0,801.0,4899.0,5700.0,16.0,2843.0,2859.0,0.0,62.0,605.0,160.0,169.0,108.0,169.0,159.0,1,files-community/Files,2019-01-04 18:19:14,1156,0.18771626297577854,0.015570934256055362,0.025951557093425604,2.8910034602076125,0.6,3.516955017301038,605.0
DapperLib/Dapper,0,1,0,1,1,1,1,0,0,14287,14287,3432,15,DapperLib/Dapper,218.0,0.0,2.0,0.0,1512.0,293.0,793.0,1086.0,39.0,521.0,560.0,10.0,80.0,633.0,167.0,168.0,169.0,168.0,128.0,1,DapperLib/Dapper,2011-04-14 08:42:59,3978,0.05480140774258421,0.0,0.0005027652086475615,0.38009049773755654,0.0,0.3805932629462041,633.0
dotnet/maui,0,1,0,1,0,1,1,1,0,12966,12966,628,17,dotnet/maui,472.0,43.0,20.0,59.0,9066.0,932.0,1531.0,2463.0,69.0,1994.0,2063.0,0.0,112.0,586.0,151.0,167.0,96.0,167.0,156.0,1,dotnet/maui,2020-05-08 18:11:05,666,0.7087087087087087,0.08858858858858859,0.03003003003003003,13.612612612612613,2.95,16.592642642642645,586.0
jellyfin/jellyfin,0,1,0,1,0,0,1,0,0,12501,12501,1283,18,jellyfin/jellyfin,861.0,644.0,30.0,138.0,22654.0,606.0,3083.0,3689.0,65.0,3216.0,3281.0,1.0,172.0,623.0,164.0,166.0,129.0,166.0,162.0,1,jellyfin/jellyfin,2018-12-09 06:36:45,1182,0.7284263959390863,0.116751269035533,0.025380710659898477,19.165820642978005,4.6,23.791201353637902,623.0
AvaloniaUI/Avalonia,1,1,0,1,0,1,1,1,0,12499,12499,1121,19,AvaloniaUI/Avalonia,288.0,0.0,2.0,0.0,18349.0,1202.0,2659.0,3861.0,29.0,3056.0,3085.0,0.0,127.0,615.0,162.0,165.0,124.0,165.0,161.0,1,AvaloniaUI/Avalonia,2013-12-05 20:13:21,3012,0.09561752988047809,0.0,0.0006640106241699867,6.091965471447543,0.0,6.092629482071714,615.0
huiyadanli/RevokeMsgPatcher,1,0,0,0,0,1,0,0,0,12325,12325,1677,20,huiyadanli/RevokeMsgPatcher,2.0,234548.0,12.0,12.0,169.0,27.0,233.0,260.0,0.0,5.0,5.0,0.0,52.0,523.0,132.0,164.0,139.0,164.0,56.0,1,huiyadanli/RevokeMsgPatcher,2019-07-21 15:12:52,958,0.0020876826722338203,0.012526096033402923,0.012526096033402923,0.17640918580375783,1.0,1.1889352818371608,523.0
Unity-Technologies/ml-agents,0,1,0,1,0,1,1,0,0,12058,12058,3216,21,Unity-Technologies/ml-agents,157.0,0.0,2.0,0.0,3382.0,185.0,2441.0,2626.0,15.0,3063.0,3078.0,2.0,125.0,652.0,173.0,163.0,166.0,163.0,160.0,1,Unity-Technologies/ml-agents,2017-09-08 21:09:04,1639,0.09579011592434411,0.0,0.0012202562538133007,2.063453325198292,0.0,2.064673581452105,652.0
MaterialDesignInXAML/MaterialDesignInXamlToolkit,1,1,0,1,0,1,1,1,1,11547,11547,2836,22,MaterialDesignInXAML/MaterialDesignInXamlToolkit,183.0,86419.0,30.0,68.0,2462.0,217.0,1294.0,1511.0,5.0,1070.0,1075.0,5.0,84.0,635.0,168.0,162.0,164.0,162.0,147.0,1,MaterialDesignInXAML/MaterialDesignInXamlToolkit,2015-02-07 23:30:48,2583,0.07084785133565621,0.02632597754548974,0.011614401858304297,0.9531552458381727,2.2666666666666666,3.2314363143631435,635.0
dotnet/efcore,0,1,0,1,0,0,1,1,0,10809,10809,2675,23,dotnet/efcore,341.0,0.0,2.0,0.0,12699.0,1528.0,15917.0,17445.0,18.0,9838.0,9856.0,5.0,52.0,661.0,175.0,161.0,162.0,161.0,177.0,1,dotnet/efcore,2014-01-23 00:52:01,2963,0.1150860614242322,0.0,0.0006749915626054674,4.2858589267634155,0.0,4.286533918326021,661.0
Ryujinx/Ryujinx,0,1,0,1,0,1,1,0,0,10415,10415,1261,24,Ryujinx/Ryujinx,110.0,0.0,2.0,0.0,2032.0,302.0,810.0,1112.0,66.0,1945.0,2011.0,0.0,55.0,602.0,159.0,160.0,127.0,160.0,155.0,1,Ryujinx/Ryujinx,2018-02-04 23:07:54,1490,0.0738255033557047,0.0,0.0013422818791946308,1.3637583892617449,0.0,1.3651006711409395,602.0
netchx/netch,1,1,0,1,0,1,1,0,1,10220,10220,1617,25,netchx/netch,6.0,428998.0,30.0,30.0,291.0,7.0,603.0,610.0,0.0,184.0,184.0,0.0,10.0,567.0,146.0,159.0,137.0,159.0,112.0,1,netchx/netch,2019-06-25 09:55:30,984,0.006097560975609756,0.03048780487804878,0.03048780487804878,0.29573170731707316,1.0,1.326219512195122,567.0
QL-Win/QuickLook,1,1,0,1,0,1,1,0,0,10213,10213,788,26,QL-Win/QuickLook,56.0,495104.0,30.0,60.0,818.0,330.0,678.0,1008.0,2.0,89.0,91.0,0.0,76.0,517.0,130.0,158.0,104.0,158.0,97.0,1,QL-Win/QuickLook,2017-04-12 14:57:38,1788,0.03131991051454139,0.03355704697986577,0.016778523489932886,0.4574944071588367,2.0,2.4742729306487696,517.0
OpenRA/OpenRA,0,1,0,1,0,1,1,1,0,10163,10163,2316,27,OpenRA/OpenRA,410.0,45967.0,30.0,261.0,28593.0,1515.0,7119.0,8634.0,91.0,9078.0,9169.0,1.0,38.0,644.0,172.0,157.0,154.0,157.0,176.0,1,OpenRA/OpenRA,2010-10-04 07:38:05,4170,0.09832134292565947,0.06258992805755395,0.007194244604316547,6.8568345323741005,8.7,15.564028776978416,644.0
aspnetboilerplate/aspnetboilerplate,1,1,0,1,0,1,1,0,0,10020,10020,3522,28,aspnetboilerplate/aspnetboilerplate,219.0,0.0,2.0,0.0,7062.0,191.0,5011.0,5202.0,5.0,1180.0,1185.0,1.0,49.0,631.0,166.0,156.0,171.0,156.0,148.0,1,aspnetboilerplate/aspnetboilerplate,2013-08-18 20:45:08,3121,0.07016981736622878,0.0,0.0006408202499198974,2.262736302467158,0.0,2.2633771227170776,631.0
dotnet/AspNetCore.Docs,0,1,0,0,0,0,1,0,0,9899,9899,23160,29,dotnet/AspNetCore.Docs,1694.0,4540.0,30.0,30.0,13809.0,543.0,11214.0,11757.0,9.0,13409.0,13418.0,1.0,25.0,671.0,178.0,155.0,182.0,155.0,179.0,1,dotnet/AspNetCore.Docs,2014-12-19 17:38:02,2633,0.643372578807444,0.01139384732244588,0.01139384732244588,5.244587922521839,1.0,6.255981769844285,671.0
App-vNext/Polly,1,1,0,1,1,1,1,1,1,9894,9894,929,30,App-vNext/Polly,72.0,518.0,27.0,42.0,1000.0,69.0,469.0,538.0,5.0,385.0,390.0,2.0,203.0,541.0,139.0,154.0,115.0,154.0,118.0,1,App-vNext/Polly,2013-05-05 04:40:04,3226,0.022318660880347178,0.013019218846869188,0.008369497830130192,0.30998140111593303,1.5555555555555556,1.8739064545016189,541.0
lionsoul2014/ip2region,1,0,0,1,0,0,0,0,0,9786,9786,1784,31,lionsoul2014/ip2region,36.0,0.0,2.0,0.0,311.0,24.0,129.0,153.0,5.0,47.0,52.0,0.0,43.0,539.0,138.0,153.0,143.0,153.0,90.0,1,lionsoul2014/ip2region,2015-11-02 00:43:13,2315,0.015550755939524838,0.0,0.0008639308855291577,0.13434125269978403,0.0,0.1352051835853132,539.0
mono/mono,0,0,0,1,0,1,0,1,0,9593,9593,3620,32,mono/mono,1325.0,0.0,2.0,0.0,122541.0,2063.0,2750.0,4813.0,93.0,16428.0,16521.0,0.0,55.0,657.0,174.0,152.0,173.0,152.0,180.0,1,mono/mono,2010-07-22 18:06:36,4244,0.31220546654099907,0.0,0.000471253534401508,28.873939679547597,0.0,28.874410933081997,657.0
JamesNK/Newtonsoft.Json,0,1,0,0,0,0,0,0,0,8964,8964,2944,33,JamesNK/Newtonsoft.Json,125.0,664636.0,30.0,30.0,1853.0,558.0,1473.0,2031.0,67.0,529.0,596.0,0.0,14.0,596.0,156.0,151.0,165.0,151.0,129.0,1,JamesNK/Newtonsoft.Json,2012-02-18 07:30:28,3668,0.03407851690294438,0.008178844056706653,0.008178844056706653,0.5051799345692476,1.0,1.5133587786259541,596.0
ardalis/CleanArchitecture,0,1,0,1,1,1,1,0,0,8728,8728,1595,34,ardalis/CleanArchitecture,41.0,0.0,2.0,0.0,312.0,14.0,129.0,143.0,14.0,183.0,197.0,1.0,40.0,548.0,142.0,150.0,135.0,150.0,113.0,1,ardalis/CleanArchitecture,2016-09-30 14:19:20,1982,0.020686175580221997,0.0,0.0010090817356205853,0.1574167507568113,0.0,0.1584258324924319,548.0
bitwarden/server,0,1,0,1,0,0,1,1,0,8726,8726,737,35,bitwarden/server,99.0,4962.0,30.0,56.0,3315.0,97.0,769.0,866.0,16.0,1007.0,1023.0,0.0,56.0,543.0,140.0,149.0,101.0,149.0,144.0,1,bitwarden/server,2015-11-23 23:45:33,2294,0.043156059285091544,0.024411508282476024,0.013077593722755012,1.445074106364429,1.8666666666666667,3.324818366753851,543.0
Unity-Technologies/UnityCsReference,0,0,0,0,0,0,1,0,0,8524,8524,1863,36,Unity-Technologies/UnityCsReference,1.0,0.0,2.0,0.0,145.0,0.0,0.0,0.0,2.0,14.0,16.0,0.0,145.0,514.0,127.0,148.0,145.0,148.0,73.0,1,Unity-Technologies/UnityCsReference,2018-03-23 13:08:32,1443,0.000693000693000693,0.0,0.001386001386001386,0.10048510048510048,0.0,0.10187110187110186,514.0
SignalR/SignalR,1,1,0,1,0,1,1,1,1,8508,8508,2283,37,SignalR/SignalR,111.0,0.0,2.0,0.0,4723.0,27.0,3563.0,3590.0,1.0,1025.0,1026.0,0.0,45.0,592.0,154.0,147.0,153.0,147.0,145.0,1,SignalR/SignalR,2011-07-22 03:52:19,3879,0.028615622583139984,0.0,0.0005155968032998196,1.2175818509925238,0.0,1.2180974477958235,592.0
ppy/osu,0,1,0,1,1,1,1,1,0,8485,8485,1423,38,ppy/osu,370.0,143536.0,30.0,329.0,49559.0,764.0,5911.0,6675.0,51.0,8468.0,8519.0,0.0,110.0,599.0,157.0,146.0,132.0,146.0,175.0,1,ppy/osu,2014-07-31 04:26:30,2774,0.13338139870223503,0.11860129776496034,0.010814708002883922,17.865537130497476,10.966666666666667,28.843018505167024,599.0
cefsharp/CefSharp,1,1,0,1,1,1,1,0,0,8410,8410,2719,39,cefsharp/CefSharp,205.0,0.0,2.0,0.0,6049.0,36.0,2545.0,2581.0,2.0,818.0,820.0,2.0,175.0,591.0,153.0,145.0,163.0,145.0,138.0,1,cefsharp/CefSharp,2010-12-03 15:23:23,4110,0.049878345498783457,0.0,0.00048661800486618007,1.4717761557177615,0.0,1.4722627737226277,591.0
IdentityServer/IdentityServer4,0,1,0,1,1,1,1,0,0,8405,8405,3256,40,IdentityServer/IdentityServer4,292.0,0.0,2.0,0.0,3270.0,49.0,4445.0,4494.0,7.0,917.0,924.0,0.0,78.0,595.0,155.0,144.0,167.0,144.0,140.0,1,IdentityServer/IdentityServer4,2015-11-22 08:21:58,2295,0.1272331154684096,0.0,0.0008714596949891067,1.4248366013071896,0.0,1.4257080610021786,595.0
AutoMapper/AutoMapper,0,1,0,1,0,1,1,0,0,8384,8384,1642,41,AutoMapper/AutoMapper,193.0,0.0,2.0,0.0,3904.0,0.0,2750.0,2750.0,3.0,984.0,987.0,0.0,37.0,566.0,145.0,143.0,138.0,143.0,142.0,1,AutoMapper/AutoMapper,2010-02-06 15:17:58,4410,0.043764172335600905,0.0,0.00045351473922902497,0.8852607709750567,0.0,0.8857142857142858,566.0
restsharp/RestSharp,1,1,0,0,0,1,1,1,0,8134,8134,2175,42,restsharp/RestSharp,300.0,0.0,2.0,0.0,2004.0,18.0,1151.0,1169.0,8.0,599.0,607.0,3.0,20.0,563.0,144.0,142.0,149.0,142.0,130.0,1,restsharp/RestSharp,2009-11-16 02:01:45,4492,0.06678539626001781,0.0,0.0004452359750667854,0.44612644701691895,0.0,0.44657168299198574,563.0
felixse/FluentTerminal,1,1,0,1,0,0,1,0,1,8112,8112,418,43,felixse/FluentTerminal,63.0,135108.0,30.0,39.0,650.0,233.0,460.0,693.0,1.0,288.0,289.0,1.0,50.0,485.0,113.0,141.0,87.0,141.0,116.0,1,felixse/FluentTerminal,2018-01-21 09:45:11,1504,0.04188829787234043,0.025930851063829786,0.0199468085106383,0.4321808510638298,1.3,1.7521276595744681,485.0
dotnet/csharplang,0,0,0,1,0,0,1,0,0,8056,8056,852,44,dotnet/csharplang,142.0,0.0,2.0,0.0,1826.0,424.0,1559.0,1983.0,23.0,729.0,752.0,1.0,15.0,525.0,133.0,140.0,109.0,140.0,136.0,1,dotnet/csharplang,2016-12-09 01:45:27,1912,0.07426778242677824,0.0,0.0010460251046025104,0.9550209205020921,0.0,0.9560669456066946,525.0
dotnet/orleans,0,1,0,1,0,1,1,0,0,8054,8054,1760,45,dotnet/orleans,335.0,0.0,2.0,0.0,5203.0,305.0,2914.0,3219.0,22.0,4319.0,4341.0,5.0,89.0,589.0,152.0,139.0,142.0,139.0,169.0,1,dotnet/orleans,2014-12-19 14:32:50,2633,0.12723129510064565,0.0,0.0007595898214963919,1.9760729206228635,0.0,1.97683251044436,589.0
MahApps/MahApps.Metro,0,1,0,1,0,1,1,0,1,7996,7996,2356,46,MahApps/MahApps.Metro,216.0,5892.0,30.0,85.0,6122.0,65.0,2713.0,2778.0,7.0,1369.0,1376.0,3.0,95.0,582.0,150.0,138.0,156.0,138.0,150.0,1,MahApps/MahApps.Metro,2011-10-16 04:16:10,3793,0.056947007645663066,0.022409702082784075,0.007909306617453203,1.6140258370682836,2.8333333333333335,4.45526847701907,582.0
MonoGame/MonoGame,0,1,0,1,0,1,1,1,0,7982,7982,2518,47,MonoGame/MonoGame,430.0,21049.0,17.0,55.0,12883.0,685.0,2707.0,3392.0,104.0,4091.0,4195.0,2.0,69.0,601.0,158.0,137.0,160.0,137.0,167.0,1,MonoGame/MonoGame,2011-04-07 00:23:40,3985,0.10790464240903387,0.013801756587202008,0.004265997490589712,3.2328732747804265,3.235294117647059,6.472433389918075,601.0
chocolatey/choco,1,1,0,1,1,1,1,1,0,7874,7874,785,48,chocolatey/choco,116.0,147.0,2.0,4.0,3416.0,759.0,1355.0,2114.0,65.0,361.0,426.0,37.0,68.0,495.0,118.0,136.0,103.0,136.0,120.0,1,chocolatey/choco,2014-12-30 22:12:11,2622,0.04424103737604882,0.0015255530129672007,0.0007627765064836003,1.3028222730739893,2.0,3.303585049580473,495.0
dotnet/machinelearning,0,1,0,1,1,1,1,1,0,7734,7734,1697,49,dotnet/machinelearning,198.0,0.0,2.0,0.0,2543.0,640.0,2570.0,3210.0,9.0,2840.0,2849.0,3.0,63.0,568.0,147.0,135.0,140.0,135.0,158.0,1,dotnet/machinelearning,2018-05-03 16:20:42,1402,0.14122681883024252,0.0,0.0014265335235378032,1.8138373751783168,0.0,1.8152639087018545,568.0
dotnet/runtime,0,1,0,1,0,1,1,1,0,7646,7646,2556,50,dotnet/runtime,2529.0,0.0,2.0,0.0,116183.0,7841.0,38541.0,46382.0,219.0,18636.0,18855.0,2.0,25.0,610.0,161.0,134.0,161.0,134.0,181.0,1,dotnet/runtime,2019-09-24 23:36:39,893,2.832026875699888,0.0,0.0022396416573348264,130.10414333706606,0.0,130.1063829787234,610.0
JustArchiNET/ArchiSteamFarm,1,1,0,1,0,0,1,0,0,7172,7172,854,51,JustArchiNET/ArchiSteamFarm,47.0,2941.0,30.0,298.0,9862.0,0.0,1101.0,1101.0,0.0,1327.0,1327.0,1.0,115.0,525.0,133.0,133.0,110.0,133.0,149.0,1,JustArchiNET/ArchiSteamFarm,2015-10-25 05:12:33,2323,0.020232458028411535,0.12828239345673698,0.012914334911752045,4.2453723633232885,9.933333333333334,14.191620031568373,525.0
jbogard/MediatR,0,1,0,1,0,0,0,0,0,7164,7164,891,52,jbogard/MediatR,67.0,0.0,2.0,0.0,502.0,70.0,469.0,539.0,8.0,163.0,171.0,0.0,13.0,488.0,115.0,132.0,113.0,132.0,111.0,1,jbogard/MediatR,2014-03-03 15:01:22,2924,0.022913816689466484,0.0,0.0006839945280437756,0.1716826265389877,0.0,0.17236662106703146,488.0
NancyFx/Nancy,0,1,0,1,0,1,1,1,0,7155,7155,1518,53,NancyFx/Nancy,338.0,0.0,2.0,0.0,5476.0,196.0,1136.0,1332.0,26.0,1646.0,1672.0,0.0,17.0,548.0,142.0,131.0,134.0,131.0,152.0,1,NancyFx/Nancy,2010-06-24 19:35:22,4272,0.07911985018726592,0.0,0.00046816479400749064,1.2818352059925093,0.0,1.2823033707865168,548.0
jasontaylordev/CleanArchitecture,1,1,0,1,0,1,1,0,0,7125,7125,1596,54,jasontaylordev/CleanArchitecture,55.0,0.0,2.0,0.0,354.0,73.0,258.0,331.0,19.0,120.0,139.0,1.0,58.0,502.0,123.0,130.0,136.0,130.0,106.0,1,jasontaylordev/CleanArchitecture,2019-10-07 18:44:32,880,0.0625,0.0,0.0022727272727272726,0.4022727272727273,0.0,0.40454545454545454,502.0
dotnet/BenchmarkDotNet,0,1,0,1,0,1,1,1,0,7110,7110,728,55,dotnet/BenchmarkDotNet,190.0,0.0,2.0,0.0,2214.0,167.0,1098.0,1265.0,29.0,648.0,677.0,7.0,115.0,490.0,117.0,129.0,100.0,129.0,132.0,1,dotnet/BenchmarkDotNet,2013-08-18 06:17:48,3121,0.06087792374239026,0.0,0.0006408202499198974,0.7093880166613264,0.0,0.7100288369112463,490.0
abpframework/abp,0,1,0,1,0,1,1,1,0,7104,7104,2241,56,abpframework/abp,307.0,0.0,2.0,0.0,23180.0,542.0,6065.0,6607.0,51.0,5005.0,5056.0,1.0,43.0,579.0,148.0,128.0,151.0,128.0,172.0,1,abpframework/abp,2016-12-03 22:56:24,1918,0.16006256517205422,0.0,0.0010427528675703858,12.08550573514077,0.0,12.086548488008342,579.0
Perfare/AssetStudio,1,1,0,1,0,0,1,0,0,7102,7102,1294,57,Perfare/AssetStudio,24.0,208861.0,22.0,29.0,556.0,68.0,803.0,871.0,4.0,58.0,62.0,0.0,36.0,478.0,111.0,127.0,130.0,127.0,94.0,1,Perfare/AssetStudio,2016-08-02 11:59:11,2041,0.011758941695247428,0.014208721215090642,0.010779029887310143,0.2724154826065654,1.3181818181818181,1.6013763306756936,478.0
HangfireIO/Hangfire,1,1,0,1,0,1,1,1,0,7098,7098,1471,58,HangfireIO/Hangfire,154.0,614.0,30.0,30.0,3536.0,630.0,931.0,1561.0,53.0,397.0,450.0,1.0,124.0,508.0,125.0,126.0,133.0,126.0,123.0,1,HangfireIO/Hangfire,2013-08-06 09:43:04,3133,0.04915416533673795,0.009575486753909991,0.009575486753909991,1.1286307053941909,1.0,2.138206192148101,508.0
JeffreySu/WeiXinMPSDK,1,0,0,1,0,0,0,1,0,7076,7076,4146,59,JeffreySu/WeiXinMPSDK,153.0,0.0,2.0,0.0,9388.0,159.0,707.0,866.0,3.0,1723.0,1726.0,0.0,581.0,579.0,148.0,125.0,176.0,125.0,153.0,1,JeffreySu/WeiXinMPSDK,2013-01-11 13:52:44,3340,0.04580838323353294,0.0,0.0005988023952095808,2.8107784431137723,0.0,2.811377245508982,579.0
carlospolop/PEASS-ng,0,1,0,1,0,1,0,1,0,7039,7039,1755,60,carlospolop/PEASS-ng,61.0,53984.0,29.0,396.0,1313.0,4.0,115.0,119.0,0.0,157.0,157.0,0.0,89.0,499.0,121.0,124.0,141.0,124.0,110.0,1,carlospolop/PEASS-ng,2019-01-13 19:58:24,1147,0.05318221447253706,0.34524847428073235,0.025283347863993024,1.144725370531822,13.655172413793103,14.825181132188918,499.0
dotnet-architecture/eShopOnWeb,0,1,0,1,0,0,1,0,0,6879,6879,3348,61,dotnet-architecture/eShopOnWeb,69.0,0.0,2.0,0.0,533.0,2.0,286.0,288.0,7.0,392.0,399.0,0.0,48.0,533.0,136.0,123.0,168.0,123.0,119.0,1,dotnet-architecture/eShopOnWeb,2017-02-28 02:39:37,1831,0.037684325505188423,0.0,0.0010922992900054614,0.2910977607864555,0.0,0.292190060076461,533.0
duplicati/duplicati,1,1,0,1,1,1,1,1,0,6872,6872,699,62,duplicati/duplicati,196.0,6638.0,30.0,269.0,8117.0,815.0,2812.0,3627.0,14.0,1040.0,1054.0,3.0,43.0,488.0,115.0,122.0,98.0,122.0,146.0,1,duplicati/duplicati,2014-08-05 08:28:16,2769,0.07078367641747924,0.09714698447092814,0.010834236186348862,2.9313831708197906,8.966666666666667,11.908884073672805,488.0
microsoft/ailab,1,1,0,1,0,1,0,1,1,6861,6861,1281,63,microsoft/ailab,48.0,254.0,1.0,3.0,134.0,24.0,24.0,48.0,40.0,52.0,92.0,0.0,14.0,468.0,108.0,121.0,128.0,121.0,98.0,1,microsoft/ailab,2018-07-23 22:40:54,1321,0.036336109008327025,0.002271006813020439,0.000757002271006813,0.10143830431491295,3.0,3.10219530658592,468.0
Sonarr/Sonarr,1,1,0,1,0,1,1,1,0,6824,6824,963,64,Sonarr/Sonarr,206.0,0.0,2.0,0.0,9150.0,147.0,3908.0,4055.0,18.0,846.0,864.0,0.0,13.0,496.0,119.0,120.0,117.0,120.0,139.0,1,Sonarr/Sonarr,2011-09-27 05:57:16,3812,0.0540398740818468,0.0,0.0005246589716684155,2.400314795383001,0.0,2.4008394543546694,496.0
nopSolutions/nopCommerce,0,1,0,1,0,1,1,1,0,6791,6791,3866,66,nopSolutions/nopCommerce,163.0,28858.0,30.0,153.0,13555.0,194.0,5259.0,5453.0,49.0,662.0,711.0,0.0,37.0,547.0,141.0,119.0,175.0,119.0,134.0,1,nopSolutions/nopCommerce,2014-04-09 05:47:50,2887,0.05645999307239349,0.052996189816418425,0.010391409767925183,4.6951853134741945,5.1,9.805576723242119,547.0
xupefei/Locale-Emulator,0,1,0,1,0,1,0,0,0,6774,6774,600,67,xupefei/Locale-Emulator,33.0,4918775.0,30.0,28.0,386.0,0.0,0.0,0.0,2.0,50.0,52.0,0.0,27.0,421.0,97.0,118.0,95.0,118.0,90.0,0,xupefei/Locale-Emulator,2013-03-17 13:51:51,3275,0.010076335877862596,0.008549618320610687,0.00916030534351145,0.11786259541984732,0.9333333333333333,1.060356234096692,421.0
reactiveui/ReactiveUI,0,1,0,0,0,1,1,1,0,6686,6686,1055,68,reactiveui/ReactiveUI,201.0,0.0,2.0,0.0,4827.0,66.0,1102.0,1168.0,11.0,1893.0,1904.0,1.0,91.0,509.0,126.0,117.0,121.0,117.0,154.0,1,reactiveui/ReactiveUI,2010-06-11 05:24:29,4285,0.04690781796966161,0.0,0.0004667444574095683,1.126487747957993,0.0,1.1269544924154025,509.0
MathewSachin/Captura,1,1,0,1,0,1,0,0,0,6653,6653,1240,69,MathewSachin/Captura,51.0,378582.0,27.0,43.0,1121.0,109.0,181.0,290.0,5.0,229.0,234.0,0.0,40.0,472.0,110.0,116.0,126.0,116.0,114.0,1,MathewSachin/Captura,2015-08-29 10:30:45,2380,0.02142857142857143,0.018067226890756304,0.01134453781512605,0.47100840336134453,1.5925925925925926,2.074945533769063,472.0
ThreeMammals/Ocelot,0,1,0,1,0,0,1,1,0,6648,6648,1398,70,ThreeMammals/Ocelot,140.0,559.0,30.0,319.0,1276.0,486.0,527.0,1013.0,82.0,470.0,552.0,45.0,131.0,487.0,114.0,115.0,131.0,115.0,126.0,1,ThreeMammals/Ocelot,2016-06-29 20:35:24,2075,0.06746987951807229,0.15373493975903615,0.014457831325301205,0.6149397590361446,10.633333333333333,11.262730923694779,487.0
Jackett/Jackett,1,1,0,1,0,0,1,0,1,6634,6634,858,71,Jackett/Jackett,428.0,170608.0,30.0,240.0,9449.0,298.0,10172.0,10470.0,12.0,2352.0,2364.0,54.0,1412.0,496.0,119.0,114.0,111.0,114.0,157.0,1,Jackett/Jackett,2015-10-29 16:23:19,2319,0.1845623113410953,0.1034928848641656,0.0129366106080207,4.074601121172919,8.0,12.087537731780941,496.0
TGSAN/CMWTAT_Digital_Edition,1,0,0,1,1,1,0,0,0,6619,6619,1075,72,TGSAN/CMWTAT_Digital_Edition,2.0,185370.0,7.0,10.0,31.0,8.0,24.0,32.0,1.0,1.0,2.0,0.0,10.0,389.0,88.0,113.0,122.0,113.0,41.0,0,TGSAN/CMWTAT_Digital_Edition,2018-05-27 13:45:02,1378,0.001451378809869376,0.00725689404934688,0.0050798258345428155,0.022496371552975326,1.4285714285714286,1.4561476259589468,389.0
nilaoda/N_m3u8DL-CLI,1,0,0,1,0,0,1,0,0,6578,6578,1224,73,nilaoda/N_m3u8DL-CLI,7.0,114917.0,30.0,68.0,334.0,170.0,343.0,513.0,0.0,13.0,13.0,0.0,66.0,421.0,97.0,112.0,125.0,112.0,72.0,0,nilaoda/N_m3u8DL-CLI,2019-04-18 13:43:49,1052,0.006653992395437262,0.06463878326996197,0.028517110266159697,0.31749049429657794,2.2666666666666666,2.6126742712294044,421.0
winsw/winsw,0,1,0,1,0,1,1,1,0,6500,6500,1053,74,winsw/winsw,53.0,46995.0,30.0,160.0,786.0,114.0,328.0,442.0,23.0,420.0,443.0,4.0,60.0,463.0,107.0,111.0,120.0,111.0,121.0,1,winsw/winsw,2010-02-03 02:49:39,4413,0.012009970541581691,0.036256514842510766,0.006798096532970768,0.17811012916383412,5.333333333333333,5.5182415590301375,463.0
dvf/blockchain,0,0,0,1,0,0,1,1,0,6466,6466,2439,75,dvf/blockchain,16.0,0.0,2.0,0.0,71.0,61.0,61.0,122.0,47.0,47.0,94.0,0.0,12.0,479.0,112.0,110.0,159.0,110.0,100.0,1,dvf/blockchain,2017-09-24 19:36:36,1623,0.009858287122612447,0.0,0.0012322858903265558,0.04374614910659273,0.0,0.04497843499691929,479.0
Humanizr/Humanizer,1,1,0,1,0,1,1,1,0,6450,6450,817,76,Humanizr/Humanizer,258.0,284.0,22.0,540.0,2309.0,178.0,343.0,521.0,20.0,642.0,662.0,10.0,192.0,456.0,106.0,109.0,107.0,109.0,131.0,1,Humanizr/Humanizer,2012-05-03 12:01:45,3593,0.07180629000834957,0.15029223490119678,0.006123016977456165,0.6426384636793766,24.545454545454547,25.19421602611138,456.0
dodyg/practical-aspnetcore,1,1,0,1,1,0,1,0,0,6178,6178,812,77,dodyg/practical-aspnetcore,27.0,0.0,2.0,0.0,2409.0,171.0,98.0,269.0,1.0,54.0,55.0,0.0,883.0,414.0,96.0,108.0,106.0,108.0,92.0,0,dodyg/practical-aspnetcore,2016-07-27 08:23:40,2047,0.013190034196384953,0.0,0.0009770395701025891,1.1768441621885686,0.0,1.177821201758671,414.0
kgrzybek/modular-monolith-with-ddd,1,1,0,1,1,1,1,1,0,6132,6132,893,78,kgrzybek/modular-monolith-with-ddd,22.0,0.0,2.0,0.0,283.0,37.0,57.0,94.0,7.0,86.0,93.0,1.0,43.0,427.0,100.0,107.0,114.0,107.0,99.0,1,kgrzybek/modular-monolith-with-ddd,2019-08-23 00:12:03,925,0.023783783783783784,0.0,0.002162162162162162,0.30594594594594593,0.0,0.30810810810810807,427.0
mbdavid/LiteDB,1,1,0,1,1,1,1,0,0,6106,6106,933,79,mbdavid/LiteDB,94.0,22737.0,30.0,34.0,2329.0,464.0,1382.0,1846.0,43.0,244.0,287.0,0.0,120.0,443.0,102.0,106.0,116.0,106.0,115.0,1,mbdavid/LiteDB,2014-08-25 13:49:30,2749,0.03419425245543834,0.012368133866860677,0.010913059294288832,0.8472171698799563,1.1333333333333333,1.9914635625075785,443.0
ElectronNET/Electron.NET,1,1,0,1,1,1,1,1,0,6060,6060,596,80,ElectronNET/Electron.NET,75.0,0.0,2.0,0.0,718.0,131.0,379.0,510.0,15.0,141.0,156.0,4.0,74.0,413.0,95.0,105.0,94.0,105.0,109.0,0,ElectronNET/Electron.NET,2017-10-03 12:30:29,1614,0.046468401486988845,0.0,0.0012391573729863693,0.4448574969021066,0.0,0.44609665427509293,413.0
gitextensions/gitextensions,1,1,0,1,1,1,1,0,0,5989,5989,1789,81,gitextensions/gitextensions,511.0,1497489.0,30.0,80.0,15143.0,610.0,5049.0,5659.0,33.0,3943.0,3976.0,5.0,86.0,518.0,131.0,104.0,144.0,104.0,166.0,1,gitextensions/gitextensions,2008-12-06 09:18:59,4837,0.10564399421128799,0.016539177175935497,0.0062021914409758115,3.1306594996898904,2.6666666666666665,5.803528357797533,518.0
unoplatform/uno,0,1,0,1,0,1,1,1,0,5980,5980,481,82,unoplatform/uno,280.0,855.0,30.0,492.0,15128.0,1007.0,2580.0,3587.0,96.0,4349.0,4445.0,0.0,129.0,468.0,108.0,103.0,92.0,103.0,170.0,1,unoplatform/uno,2018-05-07 11:52:27,1398,0.20028612303290416,0.351931330472103,0.02145922746781116,10.821173104434907,16.4,27.24263233190272,468.0
mRemoteNG/mRemoteNG,0,1,0,1,0,0,1,1,0,5878,5878,1095,83,mRemoteNG/mRemoteNG,109.0,3608881.0,30.0,94.0,4829.0,663.0,1150.0,1813.0,1.0,366.0,367.0,0.0,9.0,444.0,103.0,102.0,123.0,102.0,117.0,1,mRemoteNG/mRemoteNG,2010-01-06 15:53:17,4441,0.024544021616752985,0.02116640396307138,0.006755235307363206,1.0873677099752308,3.1333333333333333,4.227456278615927,444.0
migueldeicaza/gui.cs,0,1,0,1,0,0,1,1,0,5844,5844,468,84,migueldeicaza/gui.cs,88.0,0.0,2.0,0.0,2461.0,62.0,706.0,768.0,17.0,770.0,787.0,1.0,75.0,429.0,101.0,101.0,90.0,101.0,137.0,1,migueldeicaza/gui.cs,2017-12-11 03:23:45,1545,0.056957928802589,0.0,0.0012944983818770227,1.5928802588996764,0.0,1.5941747572815534,429.0
aspnet/Mvc,0,1,0,1,0,0,1,0,0,5726,5726,2228,85,aspnet/Mvc,191.0,0.0,2.0,0.0,4596.0,0.0,5180.0,5180.0,0.0,3455.0,3455.0,2.0,27.0,514.0,127.0,100.0,150.0,100.0,164.0,1,aspnet/Mvc,2013-12-12 03:54:00,3005,0.06356073211314475,0.0,0.0006655574043261231,1.529450915141431,0.0,1.5301164725457572,514.0
Radarr/Radarr,1,1,0,0,0,1,1,1,0,5666,5666,702,86,Radarr/Radarr,299.0,235667.0,30.0,298.0,10835.0,308.0,5266.0,5574.0,34.0,1430.0,1464.0,0.0,65.0,448.0,104.0,99.0,99.0,99.0,151.0,1,Radarr/Radarr,2016-12-25 11:38:26,1896,0.15770042194092826,0.1571729957805907,0.015822784810126583,5.714662447257384,9.933333333333334,15.663818565400843,448.0
rocksdanister/lively,1,1,0,1,1,1,1,1,0,5647,5647,474,87,rocksdanister/lively,4.0,495317.0,30.0,71.0,490.0,141.0,564.0,705.0,1.0,42.0,43.0,16.0,85.0,371.0,86.0,98.0,91.0,98.0,84.0,0,rocksdanister/lively,2019-08-08 05:57:26,940,0.00425531914893617,0.07553191489361702,0.031914893617021274,0.5212765957446809,2.3666666666666667,2.919858156028369,371.0
QuantConnect/Lean,1,1,0,1,0,1,1,1,0,5641,5641,2392,88,QuantConnect/Lean,194.0,0.0,2.0,0.0,11313.0,413.0,2018.0,2431.0,6.0,3795.0,3801.0,3.0,97.0,516.0,129.0,97.0,157.0,97.0,165.0,1,QuantConnect/Lean,2014-11-28 04:20:19,2654,0.07309721175584025,0.0,0.0007535795026375283,4.262622456669178,0.0,4.263376036171816,516.0
lambci/docker-lambda,0,0,0,1,1,0,1,0,0,5617,5617,424,89,lambci/docker-lambda,37.0,0.0,2.0,0.0,440.0,52.0,229.0,281.0,7.0,69.0,76.0,7.0,49.0,375.0,87.0,96.0,88.0,96.0,95.0,0,lambci/docker-lambda,2016-05-26 03:06:22,2109,0.017543859649122806,0.0,0.000948316737790422,0.20862968231389284,0.0,0.20957799905168326,375.0
microsoft/VFSForGit,0,0,0,1,0,1,0,0,0,5570,5570,447,90,microsoft/VFSForGit,57.0,1420359.0,30.0,58.0,2494.0,295.0,472.0,767.0,5.0,989.0,994.0,0.0,54.0,422.0,99.0,95.0,89.0,95.0,143.0,0,microsoft/VFSForGit,2017-01-25 21:10:29,1865,0.030563002680965148,0.031099195710455763,0.0160857908847185,1.3372654155495978,1.9333333333333333,3.2866845397676494,422.0
OrchardCMS/OrchardCore,0,1,0,1,1,1,1,0,0,5558,5558,1884,91,OrchardCMS/OrchardCore,241.0,0.0,2.0,0.0,5875.0,1069.0,4320.0,5389.0,115.0,4862.0,4977.0,1.0,97.0,505.0,124.0,94.0,146.0,94.0,171.0,1,OrchardCMS/OrchardCore,2014-11-19 22:29:26,2663,0.09049943672549755,0.0,0.0007510326699211416,2.2061584678933532,0.0,2.2069095005632744,505.0
JasonStein/Notepads,1,1,0,1,1,0,1,1,0,5524,5524,326,92,JasonStein/Notepads,61.0,43821.0,30.0,88.0,984.0,227.0,315.0,542.0,33.0,446.0,479.0,0.0,130.0,397.0,90.0,93.0,86.0,93.0,125.0,0,JasonStein/Notepads,2019-06-01 01:20:33,1008,0.060515873015873016,0.0873015873015873,0.02976190476190476,0.9761904761904762,2.933333333333333,3.939285714285714,397.0
reactiveui/refit,1,1,0,1,0,0,1,0,0,5520,5520,587,93,reactiveui/refit,131.0,282.0,30.0,79.0,1595.0,104.0,664.0,768.0,14.0,541.0,555.0,6.0,130.0,404.0,93.0,92.0,93.0,92.0,127.0,0,reactiveui/refit,2013-07-22 20:11:57,3148,0.041613722998729355,0.025095298602287167,0.009529860228716646,0.5066709021601017,2.6333333333333333,3.1495340957221516,404.0
neuecc/UniRx,0,1,0,1,0,1,1,1,1,5477,5477,756,94,neuecc/UniRx,42.0,12734.0,25.0,33.0,1024.0,183.0,208.0,391.0,42.0,79.0,121.0,2.0,103.0,389.0,88.0,91.0,102.0,91.0,105.0,0,neuecc/UniRx,2014-03-20 12:23:28,2907,0.014447884416924664,0.011351909184726523,0.008599931200550396,0.3522531819745442,1.32,1.6808531131750946,389.0
xamarin/Xamarin.Forms,1,1,0,1,1,0,1,1,0,5472,5472,1905,95,xamarin/Xamarin.Forms,375.0,547.0,30.0,296.0,5725.0,2825.0,6694.0,9519.0,99.0,5217.0,5316.0,4.0,56.0,500.0,122.0,90.0,147.0,90.0,173.0,1,xamarin/Xamarin.Forms,2016-03-18 15:52:03,2178,0.1721763085399449,0.13590449954086317,0.013774104683195593,2.628558310376492,9.866666666666667,12.508999081726355,500.0
dotnet/wpf,0,1,0,1,0,1,1,1,0,5469,5469,795,96,dotnet/wpf,128.0,0.0,2.0,0.0,3917.0,913.0,951.0,1864.0,95.0,4209.0,4304.0,0.0,33.0,451.0,105.0,89.0,105.0,89.0,168.0,1,dotnet/wpf,2018-10-19 01:55:23,1233,0.10381184103811841,0.0,0.0016220600162206002,3.1768045417680453,0.0,3.178426601784266,451.0
de4dot/de4dot,1,1,0,1,0,0,1,0,0,5442,5442,2046,97,de4dot/de4dot,26.0,0.0,2.0,0.0,2090.0,0.0,0.0,0.0,1.0,46.0,47.0,0.0,19.0,411.0,94.0,88.0,148.0,88.0,87.0,0,de4dot/de4dot,2011-09-20 01:50:28,3819,0.0068080649384655665,0.0,0.0005236973029588898,0.5472636815920398,0.0,0.5477873788949986,411.0
sschmid/Entitas-CSharp,1,1,0,1,0,1,1,0,0,5374,5374,983,98,sschmid/Entitas-CSharp,28.0,14922.0,30.0,42.0,2066.0,174.0,698.0,872.0,11.0,108.0,119.0,1.0,124.0,397.0,90.0,87.0,119.0,87.0,104.0,0,sschmid/Entitas-CSharp,2014-03-18 16:36:44,2909,0.009625300790649707,0.014437951185974561,0.010312822275696116,0.7102096940529391,1.4,2.120522516328635,397.0
HMBSbige/ShadowsocksR-Windows,1,1,0,1,1,1,1,0,1,5308,5308,971,99,HMBSbige/ShadowsocksR-Windows,40.0,135175.0,30.0,105.0,1409.0,0.0,0.0,0.0,5.0,145.0,150.0,0.0,75.0,398.0,92.0,86.0,118.0,86.0,108.0,0,HMBSbige/ShadowsocksR-Windows,2018-04-19 04:53:38,1416,0.02824858757062147,0.07415254237288135,0.0211864406779661,0.9950564971751412,3.5,4.516242937853107,398.0
emersonsoares/cep-api,1,1,0,1,0,0,0,1,0,99,99,46,198,emersonsoares/cep-api,5.0,0.0,2.0,0.0,54.0,3.0,6.0,9.0,0.0,4.0,4.0,0.0,9.0,296.0,79.0,85.0,78.0,85.0,48.0,0,emersonsoares/cep-api,2012-10-12 07:52:50,3431,0.001457301078402798,0.0,0.0005829204313611193,0.015738851646750218,0.0,0.016321772078111335,296.0
RiSearcher/GeometRi.CSharp,1,1,0,1,1,0,1,0,0,98,98,13,197,RiSearcher/GeometRi.CSharp,2.0,0.0,2.0,0.0,194.0,1.0,15.0,16.0,1.0,6.0,7.0,0.0,31.0,271.0,73.0,84.0,41.0,84.0,62.0,0,RiSearcher/GeometRi.CSharp,2017-07-21 21:09:35,1688,0.001184834123222749,0.0,0.001184834123222749,0.11492890995260663,0.0,0.11611374407582938,271.0
chsienki/Kittitas,0,1,0,1,0,0,0,0,0,97,97,5,196,chsienki/Kittitas,1.0,0.0,2.0,0.0,15.0,4.0,1.0,5.0,1.0,0.0,1.0,0.0,6.0,208.0,61.0,83.0,14.0,83.0,28.0,0,chsienki/Kittitas,2020-09-01 16:30:50,550,0.0018181818181818182,0.0,0.0036363636363636364,0.02727272727272727,0.0,0.030909090909090907,208.0
conan-roslyn/Conan,0,1,0,1,0,1,1,0,0,96,96,3,195,conan-roslyn/Conan,1.0,0.0,2.0,0.0,14.0,2.0,1.0,3.0,0.0,0.0,0.0,0.0,5.0,174.0,43.0,82.0,9.0,82.0,1.0,0,conan-roslyn/Conan,2018-06-28 10:25:02,1346,0.0007429420505200594,0.0,0.0014858841010401188,0.010401188707280832,0.0,0.01188707280832095,174.0
birkett/CloudFlare-DDNS-Updater,1,1,0,1,1,1,1,0,0,95,95,48,194,birkett/CloudFlare-DDNS-Updater,4.0,5308.0,4.0,4.0,52.0,12.0,4.0,16.0,4.0,2.0,6.0,0.0,9.0,302.0,80.0,81.0,80.0,81.0,60.0,0,birkett/CloudFlare-DDNS-Updater,2014-07-23 14:20:05,2782,0.0014378145219266715,0.0014378145219266715,0.0014378145219266715,0.018691588785046728,1.0,1.0201294033069734,302.0
jonwagner/EventSourceProxy,0,1,0,1,0,0,1,0,0,94,94,21,193,jonwagner/EventSourceProxy,9.0,0.0,2.0,0.0,104.0,0.0,48.0,48.0,0.0,12.0,12.0,1.0,7.0,286.0,76.0,80.0,57.0,80.0,69.0,0,jonwagner/EventSourceProxy,2013-03-01 21:15:01,3291,0.0027347310847766638,0.0,0.0006077180188392585,0.031601336979641445,0.0,0.0322090549984807,286.0
lowleveldesign/dotnet-netrace,0,0,0,1,0,0,0,0,0,92,92,6,191,lowleveldesign/dotnet-netrace,2.0,40.0,3.0,7.0,18.0,0.0,1.0,1.0,0.0,0.0,0.0,0.0,8.0,176.0,45.0,79.0,17.0,79.0,1.0,0,lowleveldesign/dotnet-netrace,2019-06-02 08:15:31,1007,0.0019860973187686196,0.006951340615690168,0.0029791459781529296,0.01787487586891758,2.3333333333333335,2.354187355180404,176.0
snowl/LoLEnhancementSuite,0,0,0,0,0,0,1,0,0,91,91,31,190,snowl/LoLEnhancementSuite,8.0,0.0,2.0,0.0,157.0,0.0,47.0,47.0,0.0,19.0,19.0,0.0,35.0,304.0,82.0,78.0,72.0,78.0,76.0,0,snowl/LoLEnhancementSuite,2014-04-03 11:00:43,2893,0.00276529554096094,0.0,0.000691323885240235,0.05426892499135845,0.0,0.054960248876598686,304.0
ElectricNightOwl/ArmSwinger,1,1,0,1,1,1,1,1,1,90,90,30,189,ElectricNightOwl/ArmSwinger,4.0,0.0,2.0,0.0,92.0,9.0,15.0,24.0,1.0,29.0,30.0,1.0,43.0,308.0,83.0,77.0,71.0,77.0,83.0,0,ElectricNightOwl/ArmSwinger,2016-07-06 04:58:29,2068,0.0019342359767891683,0.0,0.0009671179883945841,0.04448742746615087,0.0,0.045454545454545456,308.0
IndieVisualLab/UnityGraphicsProgramming2,0,1,0,0,0,0,0,0,0,89,89,11,188,IndieVisualLab/UnityGraphicsProgramming2,4.0,0.0,2.0,0.0,8.0,0.0,0.0,0.0,0.0,1.0,1.0,0.0,3.0,213.0,63.0,76.0,33.0,76.0,28.0,0,IndieVisualLab/UnityGraphicsProgramming2,2018-04-21 00:20:10,1414,0.002828854314002829,0.0,0.0014144271570014145,0.005657708628005658,0.0,0.007072135785007073,213.0
alexandrebeato/bankflix,1,0,0,0,1,1,0,0,0,88,88,14,187,alexandrebeato/bankflix,1.0,0.0,2.0,0.0,103.0,0.0,2.0,2.0,16.0,10.0,26.0,0.0,18.0,275.0,74.0,75.0,44.0,75.0,81.0,0,alexandrebeato/bankflix,2019-10-09 13:44:06,878,0.0011389521640091116,0.0,0.002277904328018223,0.11731207289293849,0.0,0.11958997722095671,275.0
microsoftarchive/iot-journey,0,1,0,1,0,0,1,0,0,87,87,38,186,microsoftarchive/iot-journey,16.0,0.0,2.0,0.0,500.0,23.0,172.0,195.0,0.0,142.0,142.0,0.0,29.0,332.0,85.0,74.0,77.0,74.0,107.0,0,microsoftarchive/iot-journey,2015-04-19 22:49:18,2512,0.006369426751592357,0.0,0.0007961783439490446,0.19904458598726116,0.0,0.1998407643312102,332.0
brockallen/BrockAllen.IdentityReboot,0,1,0,0,0,0,0,0,0,85,85,14,184,brockallen/BrockAllen.IdentityReboot,2.0,0.0,2.0,0.0,65.0,0.0,13.0,13.0,0.0,1.0,1.0,0.0,2.0,218.0,65.0,73.0,44.0,73.0,28.0,0,brockallen/BrockAllen.IdentityReboot,2014-02-08 17:40:57,2947,0.0006786562606040041,0.0,0.0006786562606040041,0.022056328469630133,0.0,0.022734984730234137,218.0
mewlist/MassiveGrass,1,0,0,1,1,0,1,0,0,84,84,12,183,mewlist/MassiveGrass,2.0,0.0,2.0,0.0,27.0,0.0,0.0,0.0,0.0,0.0,0.0,0.0,4.0,184.0,47.0,72.0,39.0,72.0,1.0,0,mewlist/MassiveGrass,2019-08-16 00:49:19,932,0.002145922746781116,0.0,0.002145922746781116,0.028969957081545063,0.0,0.031115879828326178,184.0
Azure/azure-iot-predictive-maintenance,1,1,0,1,0,1,1,0,0,82,82,64,181,Azure/azure-iot-predictive-maintenance,23.0,0.0,2.0,0.0,231.0,0.0,11.0,11.0,0.0,44.0,44.0,0.0,9.0,311.0,84.0,71.0,84.0,71.0,85.0,0,Azure/azure-iot-predictive-maintenance,2015-07-23 06:44:53,2417,0.009515928837401738,0.0,0.0008274720728175424,0.09557302441042614,0.0,0.09640049648324368,311.0
seven1986/oauthapp,1,1,0,0,0,0,0,0,0,81,81,22,180,seven1986/oauthapp,4.0,0.0,2.0,0.0,413.0,0.0,8.0,8.0,0.0,94.0,94.0,0.0,16.0,302.0,80.0,70.0,62.0,70.0,100.0,0,seven1986/oauthapp,2018-01-08 03:44:42,1517,0.0026367831245880024,0.0,0.0013183915622940012,0.2722478576137113,0.0,0.2735662491760053,302.0
chrishonselaar/ProtoPad,0,1,0,1,0,1,1,1,0,80,80,20,179,chrishonselaar/ProtoPad,1.0,0.0,2.0,0.0,40.0,1.0,1.0,2.0,0.0,0.0,0.0,0.0,13.0,195.0,52.0,69.0,56.0,69.0,1.0,0,chrishonselaar/ProtoPad,2013-04-22 14:51:52,3239,0.00030873726458783575,0.0,0.0006174745291756715,0.01234949058351343,0.0,0.012966965112689102,195.0
jglim/CCManager,0,1,0,1,0,0,0,0,0,79,79,19,178,jglim/CCManager,1.0,0.0,2.0,0.0,9.0,4.0,4.0,8.0,0.0,1.0,1.0,1.0,3.0,218.0,65.0,68.0,54.0,68.0,28.0,0,jglim/CCManager,2013-12-23 05:33:55,2994,0.00033400133600534405,0.0,0.0006680026720106881,0.003006012024048096,0.0,0.003674014696058784,218.0
saguiitay/CardinalityEstimation,0,1,0,1,0,1,1,0,0,78,78,31,177,saguiitay/CardinalityEstimation,13.0,0.0,2.0,0.0,59.0,1.0,13.0,14.0,1.0,17.0,18.0,0.0,5.0,280.0,75.0,67.0,72.0,67.0,74.0,0,saguiitay/CardinalityEstimation,2015-02-02 18:31:43,2588,0.005023183925811438,0.0,0.0007727975270479134,0.022797527047913446,0.0,0.02357032457496136,280.0
W3D3/SteamAccountSwitcher,1,1,0,1,1,1,0,0,1,77,77,21,176,W3D3/SteamAccountSwitcher,4.0,8392.0,1.0,1.0,38.0,2.0,8.0,10.0,0.0,4.0,4.0,0.0,15.0,237.0,70.0,66.0,57.0,66.0,48.0,0,W3D3/SteamAccountSwitcher,2014-06-19 13:48:14,2816,0.0014204545454545455,0.0003551136363636364,0.0003551136363636364,0.013494318181818182,1.0,1.0138494318181819,237.0
personball/abplus-zero-template,1,0,0,1,0,0,0,0,0,76,76,27,175,personball/abplus-zero-template,3.0,0.0,2.0,0.0,187.0,0.0,7.0,7.0,35.0,14.0,49.0,0.0,7.0,286.0,76.0,65.0,67.0,65.0,89.0,0,personball/abplus-zero-template,2018-12-21 03:39:48,1170,0.002564102564102564,0.0,0.0017094017094017094,0.15982905982905982,0.0,0.16153846153846152,286.0
johnnyreilly/jQuery.Validation.Unobtrusive.Native,1,1,0,1,1,1,1,0,0,75,75,28,174,johnnyreilly/jQuery.Validation.Unobtrusive.Native,4.0,0.0,2.0,0.0,271.0,11.0,13.0,24.0,0.0,6.0,6.0,1.0,32.0,257.0,71.0,64.0,69.0,64.0,60.0,0,johnnyreilly/jQuery.Validation.Unobtrusive.Native,2013-07-24 13:04:25,3146,0.0012714558169103624,0.0,0.0006357279084551812,0.08614113159567705,0.0,0.08677685950413222,257.0
webapibook/issuetracker,0,1,0,1,0,0,1,0,0,73,73,47,172,webapibook/issuetracker,6.0,0.0,2.0,0.0,108.0,2.0,8.0,10.0,2.0,42.0,44.0,0.0,6.0,290.0,78.0,63.0,79.0,63.0,85.0,0,webapibook/issuetracker,2013-02-25 01:45:56,3295,0.0018209408194233688,0.0,0.0006069802731411229,0.03277693474962064,0.0,0.03338391502276176,290.0
jamesmontemagno/MonoDroidToolkit,0,1,0,1,0,1,1,0,1,72,72,25,171,jamesmontemagno/MonoDroidToolkit,4.0,0.0,2.0,0.0,62.0,3.0,10.0,13.0,0.0,4.0,4.0,0.0,16.0,236.0,69.0,62.0,64.0,62.0,48.0,0,jamesmontemagno/MonoDroidToolkit,2013-05-04 18:32:39,3227,0.0012395413696932136,0.0,0.0006197706848466068,0.01921289123024481,0.0,0.019832661915091414,236.0
mikebluestein/FindTheMonkey,1,1,0,0,0,0,0,0,0,71,71,49,170,mikebluestein/FindTheMonkey,1.0,0.0,2.0,0.0,11.0,0.0,2.0,2.0,0.0,0.0,0.0,0.0,3.0,204.0,57.0,61.0,81.0,61.0,1.0,0,mikebluestein/FindTheMonkey,2013-09-24 13:43:06,3084,0.00032425421530479895,0.0,0.0006485084306095979,0.0035667963683527885,0.0,0.004215304798962386,204.0
chrfalch/NControl.Controls,1,1,0,1,0,0,1,0,0,70,70,36,169,chrfalch/NControl.Controls,4.0,0.0,2.0,0.0,191.0,14.0,37.0,51.0,3.0,4.0,7.0,0.0,5.0,257.0,71.0,60.0,75.0,60.0,62.0,0,chrfalch/NControl.Controls,2015-04-01 11:06:23,2530,0.0015810276679841897,0.0,0.0007905138339920949,0.07549407114624505,0.0,0.07628458498023714,257.0
pboechat/roadgen,1,1,0,1,0,0,0,0,0,69,69,18,168,pboechat/roadgen,2.0,0.0,2.0,0.0,12.0,1.0,1.0,2.0,0.0,0.0,0.0,0.0,10.0,171.0,42.0,59.0,52.0,59.0,1.0,0,pboechat/roadgen,2016-08-04 19:10:44,2039,0.000980872976949485,0.0,0.000980872976949485,0.005885237861696911,0.0,0.006866110838646395,171.0
Unity-Technologies/UIElementsUniteLATurretDemo,0,0,0,1,0,0,0,0,0,68,68,21,167,Unity-Technologies/UIElementsUniteLATurretDemo,1.0,0.0,2.0,0.0,7.0,1.0,0.0,1.0,0.0,0.0,0.0,0.0,5.0,174.0,43.0,58.0,57.0,58.0,1.0,0,Unity-Technologies/UIElementsUniteLATurretDemo,2018-11-28 23:14:05,1193,0.0008382229673093043,0.0,0.0016764459346186086,0.00586756077116513,0.0,0.0075440067057837385,174.0
xabikos/aspnet-webpack,0,1,0,1,0,0,1,0,0,67,67,13,166,xabikos/aspnet-webpack,4.0,0.0,2.0,0.0,96.0,8.0,25.0,33.0,0.0,4.0,4.0,0.0,10.0,203.0,55.0,57.0,41.0,57.0,48.0,0,xabikos/aspnet-webpack,2015-12-03 19:46:18,2284,0.0017513134851138354,0.0,0.0008756567425569177,0.04203152364273205,0.0,0.04290718038528897,203.0
madskristensen/WebExtensionPack,0,1,0,1,0,1,1,1,0,66,66,10,165,madskristensen/WebExtensionPack,2.0,0.0,2.0,0.0,67.0,4.0,16.0,20.0,0.0,1.0,1.0,0.0,26.0,170.0,41.0,56.0,30.0,56.0,28.0,0,madskristensen/WebExtensionPack,2015-11-03 19:15:01,2314,0.000864304235090752,0.0,0.000864304235090752,0.02895419187554019,0.0,0.029818496110630942,170.0
MoshiMoshi0/TTController,0,0,0,0,0,1,0,0,0,65,65,14,164,MoshiMoshi0/TTController,4.0,5147.0,28.0,28.0,647.0,9.0,51.0,60.0,0.0,1.0,1.0,0.0,64.0,182.0,46.0,55.0,44.0,55.0,28.0,0,MoshiMoshi0/TTController,2018-12-30 14:33:17,1161,0.0034453057708871662,0.024117140396210164,0.024117140396210164,0.5572782084409992,1.0,1.5813953488372094,182.0
amarmesic/windows-phone-navigation-drawer,0,1,0,1,0,1,1,0,0,63,63,21,162,amarmesic/windows-phone-navigation-drawer,3.0,0.0,2.0,0.0,26.0,5.0,5.0,10.0,0.0,2.0,2.0,0.0,13.0,206.0,59.0,54.0,57.0,54.0,41.0,0,amarmesic/windows-phone-navigation-drawer,2014-10-18 17:27:48,2695,0.0011131725417439704,0.0,0.0007421150278293135,0.009647495361781076,0.0,0.01038961038961039,206.0
pavelkouril/unity-marching-cubes-gpu,0,0,0,0,0,1,0,0,0,62,62,5,161,pavelkouril/unity-marching-cubes-gpu,2.0,0.0,2.0,0.0,5.0,0.0,0.0,0.0,0.0,2.0,2.0,0.0,4.0,161.0,38.0,53.0,14.0,53.0,41.0,0,pavelkouril/unity-marching-cubes-gpu,2017-04-06 06:57:58,1794,0.0011148272017837235,0.0,0.0011148272017837235,0.002787068004459309,0.0,0.0039018952062430325,161.0
ScutGame/Scut-samples,0,1,0,1,0,0,1,0,0,61,61,91,160,ScutGame/Scut-samples,1.0,0.0,2.0,0.0,49.0,0.0,0.0,0.0,0.0,1.0,1.0,0.0,8.0,217.0,64.0,52.0,85.0,52.0,28.0,0,ScutGame/Scut-samples,2014-07-31 03:55:26,2774,0.0003604902667627974,0.0,0.0007209805335255948,0.017664023071377072,0.0,0.018385003604902667,217.0
libla/TinyJSON,0,0,0,0,1,0,0,0,0,60,60,25,159,libla/TinyJSON,2.0,0.0,2.0,0.0,15.0,0.0,1.0,1.0,0.0,0.0,0.0,0.0,8.0,167.0,40.0,51.0,64.0,51.0,1.0,0,libla/TinyJSON,2015-08-31 15:37:54,2378,0.0008410428931875525,0.0,0.0008410428931875525,0.006307821698906644,0.0,0.007148864592094197,167.0
NetMQ/NetMQ.ReactiveExtensions,0,1,0,1,1,0,1,0,0,58,58,15,157,NetMQ/NetMQ.ReactiveExtensions,9.0,0.0,2.0,0.0,196.0,9.0,18.0,27.0,0.0,23.0,23.0,1.0,87.0,227.0,67.0,50.0,48.0,50.0,79.0,0,NetMQ/NetMQ.ReactiveExtensions,2016-02-07 21:42:35,2218,0.0040577096483318306,0.0,0.0009017132551848512,0.08836789900811542,0.0,0.08926961226330028,227.0
aspnetde/MvvmNano,1,1,0,1,1,0,1,0,0,56,56,10,155,aspnetde/MvvmNano,4.0,0.0,2.0,0.0,161.0,0.0,19.0,19.0,2.0,3.0,5.0,0.0,26.0,184.0,47.0,49.0,30.0,49.0,56.0,0,aspnetde/MvvmNano,2015-12-30 16:11:10,2257,0.0017722640673460345,0.0,0.0008861320336730173,0.07133362871067789,0.0,0.07221976074435091,184.0
hdinsight/hdinsight-storm-examples,1,1,0,1,1,0,1,0,1,55,55,51,154,hdinsight/hdinsight-storm-examples,8.0,0.0,2.0,0.0,90.0,6.0,10.0,16.0,1.0,4.0,5.0,0.0,16.0,234.0,68.0,48.0,82.0,48.0,56.0,0,hdinsight/hdinsight-storm-examples,2015-01-22 01:02:34,2599,0.0030781069642170067,0.0,0.0007695267410542517,0.03462870334744132,0.0,0.035398230088495575,234.0
ElectroGryphon/EGGA,0,0,0,0,0,0,1,0,0,54,54,36,153,ElectroGryphon/EGGA,4.0,0.0,2.0,0.0,44.0,5.0,8.0,13.0,0.0,2.0,2.0,0.0,8.0,210.0,62.0,47.0,75.0,47.0,41.0,0,ElectroGryphon/EGGA,2016-06-14 11:01:38,2090,0.0019138755980861245,0.0,0.0009569377990430622,0.021052631578947368,0.0,0.02200956937799043,210.0
vmohan7/Bow-ArrowLiveStream,0,0,0,1,0,0,1,0,0,53,53,11,152,vmohan7/Bow-ArrowLiveStream,2.0,0.0,2.0,0.0,4.0,0.0,0.0,0.0,0.0,0.0,0.0,0.0,3.0,126.0,24.0,46.0,33.0,46.0,1.0,0,vmohan7/Bow-ArrowLiveStream,2016-05-22 02:27:19,2113,0.000946521533364884,0.0,0.000946521533364884,0.001893043066729768,0.0,0.002839564600094652,126.0
reubeno/NClap,0,1,0,1,0,0,0,1,0,52,52,9,151,reubeno/NClap,6.0,0.0,2.0,0.0,134.0,6.0,30.0,36.0,0.0,47.0,47.0,0.0,21.0,204.0,57.0,45.0,27.0,45.0,87.0,0,reubeno/NClap,2015-07-22 05:02:18,2418,0.0024813895781637717,0.0,0.0008271298593879239,0.055417700578990904,0.0,0.05624483043837883,204.0
mesta1/AForge-examples,0,0,1,0,0,0,0,0,0,51,51,33,150,mesta1/AForge-examples,3.0,0.0,2.0,0.0,7.0,1.0,0.0,1.0,0.0,1.0,1.0,0.0,2.0,190.0,50.0,44.0,74.0,44.0,28.0,0,mesta1/AForge-examples,2016-05-27 18:31:31,2108,0.0014231499051233396,0.0,0.0009487666034155598,0.003320683111954459,0.0,0.004269449715370019,190.0
SergeyTeplyakov/ExceptionAnalyzer,0,0,0,1,0,0,0,0,0,50,50,8,149,SergeyTeplyakov/ExceptionAnalyzer,4.0,0.0,2.0,0.0,40.0,13.0,10.0,23.0,0.0,4.0,4.0,0.0,4.0,159.0,37.0,43.0,25.0,43.0,48.0,0,SergeyTeplyakov/ExceptionAnalyzer,2015-02-28 23:31:48,2562,0.00156128024980484,0.0,0.00078064012490242,0.0156128024980484,0.0,0.01639344262295082,159.0
uFrame/uFrame.ECS,0,1,0,1,0,0,0,0,0,49,49,11,148,uFrame/uFrame.ECS,4.0,0.0,2.0,0.0,96.0,6.0,3.0,9.0,0.0,1.0,1.0,0.0,3.0,145.0,31.0,42.0,33.0,42.0,28.0,0,uFrame/uFrame.ECS,2016-07-11 01:22:35,2063,0.0019389238972370335,0.0,0.0009694619486185168,0.0465341735336888,0.0,0.047503635482307315,145.0
nachmore/unBand,1,0,0,0,0,0,1,0,0,48,48,18,147,nachmore/unBand,6.0,0.0,2.0,0.0,167.0,61.0,56.0,117.0,5.0,4.0,9.0,0.0,2.0,198.0,54.0,41.0,52.0,41.0,64.0,0,nachmore/unBand,2014-11-07 19:30:44,2675,0.0022429906542056075,0.0,0.0007476635514018691,0.062429906542056074,0.0,0.06317757009345794,198.0
kimsama/Unity-NGUIExtension,0,1,0,1,0,1,1,0,0,47,47,14,146,kimsama/Unity-NGUIExtension,1.0,0.0,2.0,0.0,41.0,1.0,0.0,1.0,0.0,0.0,0.0,0.0,32.0,125.0,23.0,40.0,44.0,40.0,1.0,0,kimsama/Unity-NGUIExtension,2014-12-11 07:21:41,2641,0.0003786444528587656,0.0,0.0007572889057175312,0.01552442256720939,0.0,0.01628171147292692,125.0
edoreshef/ground-control,0,1,0,1,0,1,0,0,0,46,46,3,145,edoreshef/ground-control,5.0,0.0,2.0,0.0,28.0,4.0,7.0,11.0,0.0,2.0,2.0,0.0,10.0,128.0,25.0,39.0,9.0,39.0,41.0,0,edoreshef/ground-control,2015-04-24 05:15:03,2507,0.001994415636218588,0.0,0.0007977662544874351,0.011168727562824093,0.0,0.011966493817311527,128.0
amirjalilifard/FreeFilesProject,1,0,0,0,0,0,0,0,0,45,45,29,144,amirjalilifard/FreeFilesProject,1.0,0.0,2.0,0.0,2.0,4.0,0.0,4.0,0.0,0.0,0.0,0.0,1.0,147.0,32.0,38.0,70.0,38.0,1.0,0,amirjalilifard/FreeFilesProject,2013-08-02 12:24:50,3137,0.000318775900541919,0.0,0.000637551801083838,0.000637551801083838,0.0,0.001275103602167676,147.0
GrayKernel/GrayStorm,0,0,0,1,0,0,1,0,0,44,44,7,143,GrayKernel/GrayStorm,1.0,0.0,2.0,0.0,15.0,0.0,0.0,0.0,0.0,0.0,0.0,0.0,2.0,96.0,17.0,37.0,21.0,37.0,1.0,0,GrayKernel/GrayStorm,2015-08-09 00:29:14,2400,0.0004166666666666667,0.0,0.0008333333333333334,0.00625,0.0,0.007083333333333334,96.0
tpeczek/Lib.Web.Mvc,0,1,0,1,0,1,1,1,0,43,43,27,142,tpeczek/Lib.Web.Mvc,4.0,266.0,30.0,60.0,170.0,0.0,103.0,103.0,1.0,9.0,10.0,1.0,18.0,206.0,59.0,36.0,67.0,36.0,67.0,0,tpeczek/Lib.Web.Mvc,2014-09-03 16:56:26,2740,0.00145985401459854,0.021897810218978103,0.010948905109489052,0.06204379562043796,2.0,2.072992700729927,206.0
castle-it/sharp2Js,1,1,0,1,1,0,1,1,0,42,42,5,141,castle-it/sharp2Js,3.0,0.0,2.0,0.0,74.0,3.0,3.0,6.0,0.0,20.0,20.0,0.0,16.0,161.0,38.0,35.0,14.0,35.0,77.0,0,castle-it/sharp2Js,2015-10-21 03:51:28,2327,0.001289213579716373,0.0,0.0008594757198109154,0.03180060163300387,0.0,0.03266007735281479,161.0
evolutional/flatbuffers-net,0,1,0,1,1,1,1,0,0,41,41,7,140,evolutional/flatbuffers-net,2.0,0.0,2.0,0.0,66.0,23.0,32.0,55.0,0.0,4.0,4.0,0.0,10.0,137.0,27.0,34.0,21.0,34.0,48.0,0,evolutional/flatbuffers-net,2015-12-19 19:27:20,2268,0.0008818342151675485,0.0,0.0008818342151675485,0.0291005291005291,0.0,0.029982363315696647,137.0
jacek-gorgon/NJsonApi,0,0,0,1,0,0,1,0,0,40,40,17,139,jacek-gorgon/NJsonApi,2.0,0.0,2.0,0.0,35.0,10.0,9.0,19.0,1.0,11.0,12.0,0.0,8.0,186.0,49.0,33.0,51.0,33.0,69.0,0,jacek-gorgon/NJsonApi,2015-07-10 14:09:52,2430,0.0008230452674897119,0.0,0.0008230452674897119,0.01440329218106996,0.0,0.015226337448559672,186.0
reddog-io/RedDog.Search,0,1,0,1,0,0,0,0,0,39,39,24,138,reddog-io/RedDog.Search,6.0,0.0,2.0,0.0,64.0,2.0,10.0,12.0,3.0,9.0,12.0,0.0,27.0,196.0,53.0,32.0,63.0,32.0,69.0,0,reddog-io/RedDog.Search,2014-08-15 23:38:16,2759,0.0021747009786154403,0.0,0.0007249003262051468,0.023196810438564697,0.0,0.023921710764769843,196.0
aliessmael/Unity-Contacts-List,0,1,0,1,0,0,0,0,0,38,38,19,137,aliessmael/Unity-Contacts-List,3.0,0.0,2.0,0.0,20.0,19.0,10.0,29.0,1.0,1.0,2.0,0.0,5.0,157.0,35.0,31.0,54.0,31.0,41.0,0,aliessmael/Unity-Contacts-List,2015-06-06 14:53:35,2464,0.0012175324675324675,0.0,0.0008116883116883117,0.008116883116883116,0.0,0.008928571428571428,157.0
TerribleDev/TurboLinks.Net,0,1,0,0,0,0,0,0,0,37,37,8,136,TerribleDev/TurboLinks.Net,2.0,0.0,2.0,0.0,29.0,1.0,2.0,3.0,1.0,4.0,5.0,0.0,8.0,141.0,30.0,30.0,25.0,30.0,56.0,0,TerribleDev/TurboLinks.Net,2015-10-18 02:57:46,2330,0.0008583690987124463,0.0,0.0008583690987124463,0.012446351931330472,0.0,0.013304721030042918,141.0
kant2002/ncrawler,0,1,0,0,0,0,0,0,0,36,36,12,135,kant2002/ncrawler,1.0,0.0,2.0,0.0,65.0,0.0,0.0,0.0,0.0,0.0,0.0,0.0,3.0,98.0,19.0,29.0,39.0,29.0,1.0,0,kant2002/ncrawler,2015-01-01 21:12:26,2620,0.0003816793893129771,0.0,0.0007633587786259542,0.02480916030534351,0.0,0.025572519083969465,98.0
microsoft/FMLab,0,0,1,0,0,0,0,0,0,35,35,53,134,microsoft/FMLab,7.0,0.0,2.0,0.0,13.0,13.0,2.0,15.0,3.0,6.0,9.0,0.0,3.0,203.0,55.0,28.0,83.0,28.0,64.0,0,microsoft/FMLab,2016-05-05 22:19:15,2130,0.0032863849765258214,0.0,0.0009389671361502347,0.006103286384976526,0.0,0.007042253521126761,203.0
AzureADQuickStarts/AppModelv2-NativeClient-DotNet,1,1,0,1,1,0,1,0,0,34,34,25,133,AzureADQuickStarts/AppModelv2-NativeClient-DotNet,9.0,0.0,2.0,0.0,54.0,6.0,5.0,11.0,0.0,18.0,18.0,0.0,13.0,192.0,51.0,27.0,64.0,27.0,74.0,0,AzureADQuickStarts/AppModelv2-NativeClient-DotNet,2015-08-06 01:30:30,2403,0.003745318352059925,0.0,0.0008322929671244278,0.02247191011235955,0.0,0.023304203079483977,192.0
kernys/Kernys.Bson,0,0,0,1,0,1,0,0,0,33,33,16,132,kernys/Kernys.Bson,4.0,0.0,2.0,0.0,20.0,1.0,1.0,2.0,0.0,4.0,4.0,0.0,8.0,150.0,33.0,26.0,50.0,26.0,48.0,0,kernys/Kernys.Bson,2013-07-09 07:31:29,3161,0.0012654223347042075,0.0,0.0006327111673521037,0.006327111673521037,0.0,0.006959822840873141,150.0
SaladLab/UniGet,1,1,0,1,0,0,1,0,0,32,32,7,131,SaladLab/UniGet,1.0,70.0,2.0,2.0,73.0,0.0,2.0,2.0,0.0,1.0,1.0,0.0,6.0,99.0,20.0,25.0,21.0,25.0,28.0,0,SaladLab/UniGet,2016-04-08 00:26:09,2157,0.0004636068613815484,0.0009272137227630969,0.0009272137227630969,0.033843300880853036,1.0,1.0347705146036161,99.0
Bekwnn/UnityJsonHelper,0,1,0,1,0,0,0,0,0,31,31,9,130,Bekwnn/UnityJsonHelper,2.0,0.0,2.0,0.0,9.0,1.0,0.0,1.0,2.0,1.0,3.0,0.0,2.0,122.0,22.0,24.0,27.0,24.0,47.0,0,Bekwnn/UnityJsonHelper,2015-12-13 23:05:59,2274,0.0008795074758135445,0.0,0.0008795074758135445,0.00395778364116095,0.0,0.004837291116974495,122.0
scheshan/DoubanGroup.UWP,1,0,0,0,0,0,0,0,0,30,30,13,129,scheshan/DoubanGroup.UWP,2.0,0.0,2.0,0.0,104.0,0.0,0.0,0.0,0.0,0.0,0.0,0.0,1.0,88.0,16.0,23.0,41.0,23.0,1.0,0,scheshan/DoubanGroup.UWP,2015-10-28 01:52:43,2320,0.0008620689655172414,0.0,0.0008620689655172414,0.04482758620689655,0.0,0.045689655172413794,88.0
Pryaxis/orion-core,1,0,0,0,0,0,0,0,0,29,29,11,128,Pryaxis/orion-core,16.0,0.0,2.0,0.0,976.0,10.0,43.0,53.0,0.0,24.0,24.0,0.0,13.0,157.0,35.0,22.0,33.0,22.0,80.0,0,Pryaxis/orion-core,2015-05-05 03:45:54,2496,0.00641025641025641,0.0,0.0008012820512820513,0.391025641025641,0.0,0.3918269230769231,157.0
wwwlicious/servicestack-authentication-identityserver,0,0,0,1,0,0,0,0,0,28,28,15,127,wwwlicious/servicestack-authentication-identityserver,6.0,9.0,2.0,6.0,74.0,12.0,8.0,20.0,0.0,4.0,4.0,0.0,8.0,138.0,28.0,21.0,48.0,21.0,48.0,0,wwwlicious/servicestack-authentication-identityserver,2016-06-13 08:17:10,2091,0.0028694404591104736,0.0028694404591104736,0.0009564801530368245,0.03538976566236251,3.0,3.036346245815399,138.0
ahdung/FormDraggerDemo,0,1,0,0,0,0,0,0,0,27,27,9,126,ahdung/FormDraggerDemo,1.0,0.0,2.0,0.0,7.0,0.0,0.0,0.0,0.0,0.0,0.0,0.0,2.0,68.0,14.0,20.0,27.0,20.0,1.0,0,ahdung/FormDraggerDemo,2017-03-31 08:07:58,1800,0.0005555555555555556,0.0,0.0011111111111111111,0.0038888888888888888,0.0,0.005,68.0
Tangoyzx/PaintModel,0,0,1,0,0,0,0,0,0,26,26,10,125,Tangoyzx/PaintModel,1.0,0.0,2.0,0.0,6.0,1.0,0.0,1.0,0.0,0.0,0.0,0.0,4.0,69.0,15.0,19.0,30.0,19.0,1.0,0,Tangoyzx/PaintModel,2015-10-29 09:05:06,2319,0.00043122035360068997,0.0,0.0008624407072013799,0.00258732212160414,0.0,0.0034497628288055198,69.0
liamca/azure-search-recommendations,0,1,0,1,0,1,0,0,0,25,25,11,124,liamca/azure-search-recommendations,4.0,0.0,2.0,0.0,55.0,0.0,0.0,0.0,0.0,1.0,1.0,0.0,29.0,97.0,18.0,18.0,33.0,18.0,28.0,0,liamca/azure-search-recommendations,2015-11-05 21:58:33,2312,0.0017301038062283738,0.0,0.0008650519031141869,0.02378892733564014,0.0,0.024653979238754325,97.0
radistmorse/KSPPreciseManeuver,0,1,0,1,1,0,0,0,0,24,24,21,123,radistmorse/KSPPreciseManeuver,6.0,142302.0,19.0,19.0,63.0,4.0,13.0,17.0,0.0,9.0,9.0,0.0,8.0,155.0,34.0,17.0,57.0,17.0,64.0,0,radistmorse/KSPPreciseManeuver,2015-12-20 17:49:27,2267,0.002646669607410675,0.008381120423467137,0.008381120423467137,0.027790030877812087,1.0,1.0361711513012792,155.0
bucknellu/Nyan,0,1,0,1,0,1,1,1,0,23,23,2,122,bucknellu/Nyan,3.0,7.0,1.0,1.0,805.0,1.0,10.0,11.0,2.0,8.0,10.0,0.0,37.0,103.0,21.0,16.0,4.0,16.0,67.0,0,bucknellu/Nyan,2015-10-16 20:47:08,2332,0.001286449399656947,0.0004288164665523156,0.0004288164665523156,0.34519725557461406,1.0,1.3456260720411664,103.0
mkremins/TracerySharp,0,0,0,1,0,1,0,0,0,22,22,2,121,mkremins/TracerySharp,1.0,0.0,2.0,0.0,12.0,1.0,2.0,3.0,1.0,0.0,1.0,1.0,4.0,62.0,13.0,15.0,4.0,15.0,28.0,0,mkremins/TracerySharp,2016-05-25 17:50:52,2110,0.00047393364928909954,0.0,0.0009478672985781991,0.005687203791469194,0.0,0.006635071090047393,62.0
TORISOUP/GTAV_InfernoScripts,1,0,0,0,0,1,0,0,0,21,21,6,120,TORISOUP/GTAV_InfernoScripts,5.0,6485.0,12.0,12.0,555.0,1.0,11.0,12.0,4.0,52.0,56.0,0.0,8.0,138.0,28.0,14.0,17.0,14.0,93.0,0,TORISOUP/GTAV_InfernoScripts,2015-05-01 16:56:39,2500,0.002,0.0048,0.0048,0.222,1.0,1.2268,138.0
DmitrySikorsky/AspNet5ModularApp,1,1,0,1,0,0,1,0,0,20,20,4,119,DmitrySikorsky/AspNet5ModularApp,1.0,0.0,2.0,0.0,6.0,0.0,1.0,1.0,0.0,0.0,0.0,0.0,4.0,39.0,10.0,13.0,12.0,13.0,1.0,0,DmitrySikorsky/AspNet5ModularApp,2015-11-11 11:07:22,2306,0.0004336513443191674,0.0,0.0008673026886383347,0.0026019080659150044,0.0,0.003469210754553339,39.0
lindexi/Markdown,1,1,0,1,0,0,0,0,0,18,18,1,117,lindexi/Markdown,2.0,0.0,2.0,0.0,53.0,0.0,0.0,0.0,1.0,0.0,1.0,0.0,3.0,54.0,11.0,12.0,2.0,12.0,28.0,0,lindexi/Markdown,2016-01-09 04:07:27,2247,0.0008900756564307966,0.0,0.0008900756564307966,0.02358700489541611,0.0,0.024477080551846907,54.0
rygo6/VisualizationFramework-Unity,0,0,0,0,0,0,1,0,0,16,16,3,115,rygo6/VisualizationFramework-Unity,1.0,0.0,2.0,0.0,19.0,6.0,9.0,15.0,0.0,0.0,0.0,0.0,6.0,32.0,8.0,11.0,9.0,11.0,1.0,0,rygo6/VisualizationFramework-Unity,2015-10-06 06:36:46,2342,0.0004269854824935952,0.0,0.0008539709649871904,0.008112724167378309,0.0,0.008966695132365499,32.0
Joshsora/LibSOE,0,1,0,0,0,0,1,0,0,14,14,11,113,Joshsora/LibSOE,2.0,0.0,2.0,0.0,13.0,6.0,1.0,7.0,0.0,0.0,0.0,0.0,4.0,54.0,11.0,10.0,33.0,10.0,1.0,0,Joshsora/LibSOE,2015-09-15 10:00:09,2363,0.0008463817181548879,0.0,0.0008463817181548879,0.005501481168006771,0.0,0.006347862886161659,54.0
cra0kalo/CETRAINER_DECRYPT,0,0,0,1,0,0,0,0,0,13,13,6,112,cra0kalo/CETRAINER_DECRYPT,1.0,0.0,2.0,0.0,3.0,0.0,0.0,0.0,0.0,0.0,0.0,0.0,2.0,36.0,9.0,9.0,17.0,9.0,1.0,0,cra0kalo/CETRAINER_DECRYPT,2015-11-05 05:03:57,2312,0.00043252595155709344,0.0,0.0008650519031141869,0.0012975778546712802,0.0,0.0021626297577854673,36.0
enBask/Asgard,0,1,0,0,0,0,0,0,0,11,11,1,110,enBask/Asgard,1.0,0.0,2.0,0.0,49.0,1.0,0.0,1.0,0.0,0.0,0.0,0.0,1.0,19.0,5.0,8.0,2.0,8.0,1.0,0,enBask/Asgard,2015-11-16 17:55:31,2301,0.000434593654932638,0.0,0.000869187309865276,0.021295089091699262,0.0,0.02216427640156454,19.0
Particular/HashBus,0,0,0,1,0,0,0,0,0,10,10,4,109,Particular/HashBus,9.0,0.0,2.0,0.0,251.0,22.0,58.0,80.0,1.0,109.0,110.0,0.0,6.0,129.0,26.0,7.0,12.0,7.0,103.0,0,Particular/HashBus,2015-10-20 16:06:04,2328,0.003865979381443299,0.0,0.000859106529209622,0.10781786941580757,0.0,0.10867697594501718,129.0
BeranekCZ/NETMF-Utils,1,1,0,1,0,0,1,0,0,9,9,2,108,BeranekCZ/NETMF-Utils,2.0,0.0,2.0,0.0,16.0,1.0,0.0,1.0,0.0,0.0,0.0,0.0,8.0,17.0,4.0,6.0,4.0,6.0,1.0,0,BeranekCZ/NETMF-Utils,2015-05-01 16:04:27,2500,0.0008,0.0,0.0008,0.0064,0.0,0.007200000000000001,17.0
jsauve/XamaGram,0,0,0,1,1,0,1,0,1,6,6,6,105,jsauve/XamaGram,2.0,0.0,2.0,0.0,40.0,0.0,1.0,1.0,0.0,0.0,0.0,0.0,29.0,28.0,6.0,5.0,17.0,5.0,1.0,0,jsauve/XamaGram,2015-05-13 19:06:35,2488,0.0008038585209003215,0.0,0.0008038585209003215,0.01607717041800643,0.0,0.01688102893890675,28.0
jmalarcon/FileEncodingConverter,1,0,0,1,0,0,0,0,1,5,5,2,104,jmalarcon/FileEncodingConverter,3.0,973.0,3.0,2.0,8.0,0.0,2.0,2.0,0.0,0.0,0.0,0.0,5.0,13.0,3.0,4.0,4.0,4.0,1.0,0,jmalarcon/FileEncodingConverter,2015-09-26 16:33:39,2352,0.0012755102040816326,0.0008503401360544217,0.0012755102040816326,0.003401360544217687,0.6666666666666666,0.671343537414966,13.0
damianh/StaticFilesMiddleware,0,0,0,1,0,0,0,0,0,4,4,7,103,damianh/StaticFilesMiddleware,1.0,0.0,2.0,0.0,9.0,0.0,0.0,0.0,0.0,0.0,0.0,0.0,2.0,28.0,6.0,3.0,21.0,3.0,1.0,0,damianh/StaticFilesMiddleware,2015-09-24 14:20:36,2354,0.0004248088360237893,0.0,0.0008496176720475786,0.0038232795242141037,0.0,0.004672897196261683,28.0
AdamKinney/WinGraphics,0,0,0,0,0,0,1,0,0,3,3,2,102,AdamKinney/WinGraphics,1.0,0.0,2.0,0.0,3.0,0.0,0.0,0.0,0.0,0.0,0.0,0.0,1.0,9.0,2.0,2.0,4.0,2.0,1.0,0,AdamKinney/WinGraphics,2015-05-04 02:29:20,2497,0.00040048057669203043,0.0,0.0008009611533840609,0.0012014417300760913,0.0,0.002002402883460152,9.0
Insality/RAO,1,1,0,0,0,0,0,0,0,2,2,0,101,Insality/RAO,2.0,0.0,2.0,0.0,58.0,0.0,0.0,0.0,0.0,0.0,0.0,0.0,2.0,4.0,1.0,1.0,1.0,1.0,1.0,0,Insality/RAO,2015-05-01 20:03:29,2500,0.0008,0.0,0.0008,0.0232,0.0,0.023999999999999997,4.0
