fullname_x,C0,C1,C2,C3,C4,C5,C6,C7,C8,number_of_stars,num_of_watchers,num_of_forks,repo_id,repository,fullname_y,open_prs,closed_prs,total_prs,community,downloads,releases,assets,commits,open_issues,closed_issues,total_issues,readme_issues,readme_commits,Rank,Rank_real,star_rank,fork_rank,watchers_rank,pullrequest_rank,label,fullname,created_date,days,community_score,assets_score,releases_score,commits_score,avg_assets_release,progress_score,popularity_score
torvalds/linux,0,0,0,0,0,0,1,0,0,122182,122182,40058,0,torvalds/linux,torvalds/linux,316,419,735,29679,0,0,0,1074192,0,0,0,0,46,704.0,180.0,183.0,183.0,183.0,155.0,1,torvalds/linux,2011-09-04 22:48:12,3835,7.738983050847458,0.0,0.0,280.10221642764014,-1,279.10221642764014,704.0
Genymobile/scrcpy,1,1,0,1,1,1,1,0,0,58323,58323,6082,3,Genymobile/scrcpy,Genymobile/scrcpy,26,264,290,110,370808,27,138,1762,921,1854,2775,7,263,675.0,177.0,182.0,171.0,182.0,140.0,1,Genymobile/scrcpy,2017-11-21 18:00:27,1565,0.07028753993610223,0.08817891373801917,0.017252396166134186,1.1258785942492013,5.111111111111111,6.254242101526446,675.0
netdata/netdata,0,1,0,1,0,1,1,1,0,56950,56950,5120,4,netdata/netdata,netdata/netdata,91,5584,5675,575,435971,30,131,13491,183,6364,6547,0,290,707.0,182.0,181.0,168.0,181.0,177.0,1,netdata/netdata,2013-06-17 18:39:10,3183,0.18064718818724473,0.04115614200439836,0.00942507068803016,4.238454288407163,4.366666666666666,8.61454602576186,707.0
redis/redis,0,1,0,1,0,0,1,1,0,52099,52099,20373,1,redis/redis,redis/redis,452,4509,4961,671,0,28,0,11000,1606,3676,5282,6,53,716.0,183.0,180.0,180.0,180.0,176.0,1,redis/redis,2009-03-21 22:32:25,4732,0.14180050718512258,0.0,0.005917159763313609,2.3245984784446323,0.0,2.3305156382079457,716.0
git/git,0,0,1,0,0,0,0,0,0,40324,40324,22576,2,git/git,git/git,87,938,1025,2230,0,0,0,66077,0,0,0,0,19,699.0,179.0,179.0,181.0,179.0,160.0,1,git/git,2008-07-23 14:21:26,4973,0.4484214759702393,0.0,0.0,13.287150613311884,-1,12.287150613311884,699.0
obsproject/obs-studio,0,1,0,0,0,0,1,1,0,33638,33638,5385,7,obsproject/obs-studio,obsproject/obs-studio,151,3741,3892,555,362213,30,83,10536,483,1501,1984,0,20,698.0,178.0,178.0,169.0,178.0,173.0,1,obsproject/obs-studio,2013-10-01 02:40:31,3077,0.18037049073773156,0.026974325641858955,0.009749756256093598,3.4241143971400714,2.7666666666666666,6.2005308200628315,698.0
php/php-src,0,1,0,1,0,1,1,1,0,32784,32784,6949,5,php/php-src,php/php-src,248,7604,7852,1334,0,0,0,127798,82,168,250,3,33,705.0,181.0,177.0,173.0,177.0,178.0,1,php/php-src,2011-06-16 01:52:25,3915,0.34074074074074073,0.0,0.0,32.64316730523627,-1,31.64316730523627,705.0
wg/wrk,0,1,0,1,0,0,1,0,0,30731,30731,2526,13,wg/wrk,wg/wrk,49,0,49,1,0,0,0,80,111,252,363,0,1,600.0,155.0,176.0,141.0,176.0,107.0,1,wg/wrk,2012-03-20 11:12:28,3637,0.00027495188342040145,0.0,0.0,0.021996150673632114,-1,-0.9780038493263679,600.0
bilibili/ijkplayer,1,1,0,1,1,1,0,0,0,29679,29679,7673,6,bilibili/ijkplayer,bilibili/ijkplayer,59,162,221,62,0,0,0,2627,2658,2491,5149,0,178,659.0,172.0,175.0,176.0,175.0,133.0,1,bilibili/ijkplayer,2013-06-03 04:12:04,3197,0.019393181107288084,0.0,0.0,0.821707851110416,-1,-0.178292148889584,659.0
ventoy/Ventoy,1,1,0,1,0,0,1,0,1,28939,28939,2157,16,ventoy/Ventoy,ventoy/Ventoy,44,173,217,60,511899,30,87,623,257,902,1159,0,58,617.0,165.0,174.0,137.0,174.0,132.0,1,ventoy/Ventoy,2020-03-10 15:19:19,725,0.08275862068965517,0.12,0.041379310344827586,0.8593103448275862,2.9,3.8006896551724134,617.0
FFmpeg/FFmpeg,0,1,0,1,0,1,1,1,0,27167,27167,8946,8,FFmpeg/FFmpeg,FFmpeg/FFmpeg,1,373,374,2144,8154,11,9,105885,0,0,0,0,11,667.0,175.0,173.0,177.0,173.0,144.0,1,FFmpeg/FFmpeg,2011-04-14 14:12:38,3978,0.538964303670186,0.0022624434389140274,0.002765208647561589,26.61764705882353,0.8181818181818182,27.43859408565291,667.0
ggreer/the_silver_searcher,0,1,0,1,0,0,1,0,0,22958,22958,1312,28,ggreer/the_silver_searcher,ggreer/the_silver_searcher,0,552,552,250,0,0,0,2057,389,402,791,2,151,613.0,164.0,172.0,118.0,172.0,151.0,1,ggreer/the_silver_searcher,2011-11-19 19:50:47,3759,0.06650704974727321,0.0,0.0,0.547220005320564,-1,-0.45277999467943597,613.0
curl/curl,1,1,0,1,0,1,1,0,0,22742,22742,4761,10,curl/curl,curl/curl,45,0,45,1086,43790,30,240,28334,19,3182,3201,1,37,611.0,162.0,171.0,165.0,171.0,104.0,1,curl/curl,2010-03-18 22:32:22,4370,0.24851258581235697,0.05491990846681922,0.006864988558352402,6.483752860411899,8.0,14.490617848970253,611.0
cfenollosa/os-tutorial,0,1,0,1,0,0,0,1,0,22081,22081,2715,18,cfenollosa/os-tutorial,cfenollosa/os-tutorial,45,43,88,14,0,0,0,147,54,87,141,1,16,598.0,154.0,170.0,146.0,170.0,112.0,1,cfenollosa/os-tutorial,2014-09-29 08:39:34,2714,0.005158437730287398,0.0,0.0,0.054163596168017684,-1,-0.9458364038319823,598.0
pjreddie/darknet,0,0,0,1,0,0,1,0,0,21845,21845,18855,9,pjreddie/darknet,pjreddie/darknet,162,88,250,12,0,0,0,452,1740,526,2266,0,17,652.0,171.0,169.0,179.0,169.0,135.0,1,pjreddie/darknet,2014-04-11 07:59:16,2885,0.004159445407279029,0.0,0.0,0.15667244367417676,-1,-0.8433275563258232,652.0
emscripten-core/emscripten,0,1,0,0,0,1,0,0,0,21511,21511,2700,20,emscripten-core/emscripten,emscripten-core/emscripten,235,8811,9046,743,0,1,0,23873,984,6249,7233,0,14,661.0,173.0,168.0,145.0,168.0,180.0,1,emscripten-core/emscripten,2011-02-12 05:23:30,4039,0.18395642485763802,0.0,0.0002475860361475613,5.91062144095073,0.0,5.9108690269868776,661.0
julycoding/The-Art-Of-Programming-By-July,1,0,0,0,1,1,1,1,0,20161,20161,7142,11,julycoding/The-Art-Of-Programming-By-July,julycoding/The-Art-Of-Programming-By-July,21,0,21,120,0,0,0,3646,47,83,130,0,431,601.0,157.0,167.0,174.0,167.0,93.0,1,julycoding/The-Art-Of-Programming-By-July,2013-12-14 10:00:06,3003,0.03996003996003996,0.0,0.0,1.214119214119214,-1,0.21411921411921409,601.0
SamyPesse/How-to-Make-a-Computer-Operating-System,0,1,0,0,0,1,1,0,0,19634,19634,3358,15,SamyPesse/How-to-Make-a-Computer-Operating-System,SamyPesse/How-to-Make-a-Computer-Operating-System,39,55,94,40,0,1,0,243,44,27,71,1,34,606.0,160.0,166.0,159.0,166.0,115.0,1,SamyPesse/How-to-Make-a-Computer-Operating-System,2013-11-29 17:36:32,3018,0.013253810470510271,0.0,0.0003313452617627568,0.0805168986083499,0.0,0.08084824387011266,606.0
coolsnowwolf/lede,1,0,0,0,1,0,0,0,0,18866,18866,15686,12,coolsnowwolf/lede,coolsnowwolf/lede,3,0,3,346,32313,2,3,4319,275,6048,6323,0,27,572.0,151.0,165.0,178.0,165.0,64.0,1,coolsnowwolf/lede,2017-09-06 07:39:03,1641,0.21084704448507008,0.0018281535648994515,0.001218769043266301,2.631931748933577,1.5,4.133150517976843,572.0
libuv/libuv,1,1,0,1,1,1,1,0,0,18531,18531,2992,22,libuv/libuv,libuv/libuv,62,1890,1952,537,0,3,0,4948,104,1315,1419,11,89,647.0,170.0,164.0,151.0,164.0,168.0,1,libuv/libuv,2013-11-30 00:29:56,3017,0.17799138216771626,0.0,0.0009943652635067948,1.6400397746105402,0.0,1.641034139874047,647.0
Awesome-HarmonyOS/HarmonyOS,1,1,0,1,1,0,1,0,0,18373,18373,3319,21,Awesome-HarmonyOS/HarmonyOS,Awesome-HarmonyOS/HarmonyOS,15,31,46,16,0,0,0,78,0,0,0,0,32,588.0,153.0,163.0,157.0,163.0,105.0,1,Awesome-HarmonyOS/HarmonyOS,2019-08-09 11:24:00,939,0.01703940362087327,0.0,0.0,0.08306709265175719,-1,-0.9169329073482428,588.0
robertdavidgraham/masscan,0,1,0,1,1,1,1,0,0,18161,18161,2612,26,robertdavidgraham/masscan,robertdavidgraham/masscan,37,0,37,65,0,11,0,705,309,150,459,0,46,568.0,150.0,162.0,144.0,162.0,100.0,1,robertdavidgraham/masscan,2013-07-28 05:35:33,3142,0.020687460216422662,0.0,0.003500954805856143,0.2243793761935073,0.0,0.22788033099936345,568.0
go-delve/delve,0,1,0,0,0,0,0,0,0,17392,17392,1760,33,go-delve/delve,go-delve/delve,9,1531,1540,189,0,17,0,2214,105,1261,1366,4,88,612.0,163.0,161.0,127.0,161.0,163.0,1,go-delve/delve,2014-05-20 19:24:43,2846,0.06640899508081517,0.0,0.0059732958538299364,0.7779339423752635,0.0,0.7839072382290934,612.0
taosdata/TDengine,1,1,0,1,0,1,1,1,0,17376,17376,4149,19,taosdata/TDengine,taosdata/TDengine,12,7946,7958,260,0,30,0,23834,496,2060,2556,0,91,663.0,174.0,160.0,164.0,160.0,179.0,1,taosdata/TDengine,2019-07-11 08:33:48,968,0.26859504132231404,0.0,0.030991735537190084,24.621900826446282,0.0,24.65289256198347,663.0
nothings/stb,1,1,0,1,1,1,1,0,0,17341,17341,6075,17,nothings/stb,nothings/stb,51,537,588,218,0,0,0,2126,78,593,671,2,177,640.0,168.0,159.0,170.0,159.0,152.0,1,nothings/stb,2014-05-25 16:51:23,2841,0.07673354452657515,0.0,0.0,0.7483280535022879,-1,-0.2516719464977121,640.0
openssl/openssl,0,1,0,1,0,1,1,1,0,17062,17062,7459,14,openssl/openssl,openssl/openssl,0,10604,10604,862,0,0,0,30993,1410,5498,6908,1,19,672.0,176.0,158.0,175.0,158.0,181.0,1,openssl/openssl,2013-01-15 22:34:48,3336,0.25839328537170264,0.0,0.0,9.29046762589928,-1,8.29046762589928,672.0
mpv-player/mpv,1,1,0,1,1,1,1,1,0,16904,16904,2087,34,mpv-player/mpv,mpv-player/mpv,92,2435,2527,583,9224,30,2,49475,687,6552,7239,9,84,618.0,166.0,157.0,133.0,157.0,171.0,1,mpv-player/mpv,2012-10-13 08:08:44,3430,0.16997084548104957,0.0005830903790087463,0.008746355685131196,14.424198250728862,0.06666666666666667,14.49961127308066,618.0
pbatard/rufus,0,1,0,1,0,0,1,1,0,16825,16825,1739,37,pbatard/rufus,pbatard/rufus,0,149,149,158,10878747,30,204,1876,13,1693,1706,3,35,562.0,147.0,156.0,126.0,156.0,124.0,1,pbatard/rufus,2011-11-19 19:12:05,3759,0.04203245544027667,0.05426975259377494,0.007980845969672785,0.49906890130353815,6.8,7.3070497472732105,562.0
arendst/Tasmota,0,1,0,1,1,1,1,1,0,16538,16538,3635,25,arendst/Tasmota,arendst/Tasmota,11,0,11,426,177565,30,810,14921,7,8459,8466,1,550,544.0,142.0,155.0,160.0,155.0,74.0,1,arendst/Tasmota,2017-01-28 13:37:08,1862,0.22878625134264233,0.43501611170784105,0.01611170784103115,8.01342642320086,27.0,35.02953813104189,544.0
facebook/zstd,1,1,0,1,1,1,1,1,0,15916,15916,1514,41,facebook/zstd,facebook/zstd,19,0,19,281,1338197,30,148,9517,96,905,1001,2,82,521.0,138.0,154.0,122.0,154.0,91.0,1,facebook/zstd,2015-01-24 00:22:38,2597,0.10820177127454755,0.05698883326915672,0.011551790527531768,3.6646130150173275,4.933333333333334,8.609498138878193,521.0
radareorg/radare2,1,1,0,1,1,1,1,1,0,15342,15342,2591,32,radareorg/radare2,radareorg/radare2,22,11383,11405,1000,2576,30,196,27472,818,7129,7947,0,140,631.0,167.0,153.0,143.0,153.0,182.0,1,radareorg/radare2,2012-07-03 07:42:26,3532,0.28312570781426954,0.05549263873159683,0.008493771234428085,7.778029445073613,6.533333333333333,14.319856549641374,631.0
gentilkiwi/mimikatz,1,0,0,1,0,1,1,0,0,14504,14504,2884,30,gentilkiwi/mimikatz,gentilkiwi/mimikatz,25,22,47,7,40176,10,20,322,109,228,337,0,16,559.0,145.0,152.0,149.0,152.0,106.0,1,gentilkiwi/mimikatz,2014-04-06 18:30:02,2890,0.002422145328719723,0.006920415224913495,0.0034602076124567475,0.11141868512110727,2.0,2.114878892733564,559.0
allinurl/goaccess,1,1,0,1,1,0,1,1,0,14041,14041,948,45,allinurl/goaccess,allinurl/goaccess,8,280,288,147,0,0,0,3701,342,1601,1943,2,335,549.0,144.0,151.0,108.0,151.0,139.0,1,allinurl/goaccess,2013-07-14 03:42:08,3156,0.04657794676806084,0.0,0.0,1.1726869455006337,-1,0.17268694550063368,549.0
micropython/micropython,0,1,0,1,0,0,0,1,0,13380,13380,4918,27,micropython/micropython,micropython/micropython,273,0,273,494,29809,12,24,13186,1142,2934,4076,2,86,605.0,159.0,150.0,167.0,150.0,138.0,1,micropython/micropython,2013-12-20 11:47:07,2997,0.1648314981648315,0.008008008008008008,0.004004004004004004,4.399733066399733,2.0,6.4037370704037375,605.0
vurtun/nuklear,1,1,0,1,0,1,1,0,0,13349,13349,1114,46,vurtun/nuklear,vurtun/nuklear,29,239,268,113,0,0,0,1712,207,451,658,1,258,547.0,143.0,149.0,112.0,149.0,137.0,1,vurtun/nuklear,2015-03-25 13:32:06,2537,0.04454079621600315,0.0,0.0,0.6748127709893575,-1,-0.32518722901064245,547.0
iovisor/bcc,1,1,0,1,0,1,1,1,0,13072,13072,2529,38,iovisor/bcc,iovisor/bcc,82,2362,2444,534,13443,15,28,4091,608,837,1445,6,166,608.0,161.0,148.0,142.0,148.0,170.0,1,iovisor/bcc,2015-05-01 19:52:32,2500,0.2136,0.0112,0.006,1.6364,1.8666666666666667,3.5090666666666666,608.0
jarun/nnn,1,1,0,1,0,1,1,0,0,13023,13023,509,52,jarun/nnn,jarun/nnn,1,540,541,151,2360,30,350,3872,2,757,759,1,900,537.0,140.0,147.0,93.0,147.0,150.0,1,jarun/nnn,2016-08-20 14:10:14,2023,0.07464162135442412,0.17301038062283736,0.014829461196243203,1.9139891250617895,11.666666666666666,13.595485252924698,537.0
timescale/timescaledb,1,1,0,1,0,1,1,1,0,12166,12166,641,50,timescale/timescaledb,timescale/timescaledb,16,2260,2276,82,4199,30,19,3192,382,1418,1800,1,87,561.0,146.0,146.0,100.0,146.0,169.0,1,timescale/timescaledb,2017-03-07 20:03:41,1824,0.044956140350877194,0.010416666666666666,0.01644736842105263,1.75,0.6333333333333333,2.399780701754386,561.0
Foundry376/Mailspring,0,1,0,1,0,1,1,1,0,11867,11867,757,51,Foundry376/Mailspring,Foundry376/Mailspring,4,218,222,239,75020,30,202,7389,3,2142,2145,2,141,526.0,139.0,145.0,102.0,145.0,134.0,1,Foundry376/Mailspring,2016-10-13 06:45:50,1969,0.12138141188420518,0.10259014728288471,0.015236160487557136,3.7526663280853225,6.733333333333333,10.501235821906214,526.0
TheAlgorithms/C,1,1,0,0,0,1,1,1,0,11757,11757,3089,35,TheAlgorithms/C,TheAlgorithms/C,16,825,841,209,0,0,0,1379,2,81,83,0,74,600.0,155.0,144.0,154.0,144.0,158.0,1,TheAlgorithms/C,2016-07-16 10:17:03,2058,0.10155490767735666,0.0,0.0,0.6700680272108843,-1,-0.3299319727891157,600.0
arut/nginx-rtmp-module,0,1,0,1,0,0,1,0,0,11468,11468,3249,36,arut/nginx-rtmp-module,arut/nginx-rtmp-module,83,63,146,15,0,0,0,958,982,526,1508,0,34,565.0,149.0,143.0,156.0,143.0,123.0,1,arut/nginx-rtmp-module,2012-03-14 05:37:38,3643,0.0041174855888004395,0.0,0.0,0.2629700796047214,-1,-0.7370299203952786,565.0
memcached/memcached,1,1,0,1,1,0,1,1,0,11384,11384,3023,39,memcached/memcached,memcached/memcached,13,0,13,241,0,0,0,1833,55,348,403,0,13,512.0,133.0,142.0,152.0,142.0,76.0,1,memcached/memcached,2009-04-24 23:34:25,4698,0.05129842486164325,0.0,0.0,0.3901660280970626,-1,-0.6098339719029374,512.0
alibaba/tengine,0,1,0,1,0,1,1,0,0,11192,11192,2388,43,alibaba/tengine,alibaba/tengine,48,747,795,114,0,8,0,1525,345,465,810,0,23,578.0,152.0,141.0,139.0,141.0,157.0,1,alibaba/tengine,2012-03-21 06:34:37,3636,0.03135313531353135,0.0,0.0022002200220022,0.41941694169416943,0.0,0.42161716171617164,578.0
twitter/twemproxy,1,1,0,1,0,1,1,0,0,11121,11121,1952,44,twitter/twemproxy,twitter/twemproxy,39,0,39,76,1658,5,2,602,133,281,414,6,108,512.0,133.0,140.0,130.0,140.0,102.0,1,twitter/twemproxy,2012-02-22 16:53:58,3664,0.02074235807860262,0.0005458515283842794,0.0013646288209606986,0.16430131004366813,0.4,0.5656659388646288,512.0
qmk/qmk_firmware,0,1,0,1,0,1,1,0,0,11072,11072,23036,29,qmk/qmk_firmware,qmk/qmk_firmware,399,13726,14125,2675,0,0,0,20155,465,1886,2351,0,116,643.0,169.0,139.0,182.0,139.0,183.0,1,qmk/qmk_firmware,2014-12-08 22:02:05,2644,1.0117246596066565,0.0,0.0,7.622919818456883,-1,6.622919818456883,643.0
s-matyukevich/raspberry-pi-os,0,1,0,0,1,0,0,0,0,10975,10975,1065,53,s-matyukevich/raspberry-pi-os,s-matyukevich/raspberry-pi-os,4,135,139,59,0,0,0,498,45,60,105,0,41,509.0,130.0,138.0,111.0,138.0,122.0,1,s-matyukevich/raspberry-pi-os,2017-06-22 16:09:36,1717,0.0343622597553873,0.0,0.0,0.29004076878276064,-1,-0.7099592312172394,509.0
ish-app/ish,0,1,0,1,0,0,1,0,0,10924,10924,585,63,ish-app/ish,ish-app/ish,15,241,256,60,38,30,90,3005,369,971,1340,4,57,506.0,127.0,137.0,96.0,137.0,136.0,1,ish-app/ish,2017-05-05 00:10:35,1765,0.0339943342776204,0.05099150141643059,0.0169971671388102,1.7025495750708215,3.0,4.719546742209632,506.0
hashcat/hashcat,0,0,0,1,0,1,1,1,0,10923,10923,1867,47,hashcat/hashcat,hashcat/hashcat,7,1559,1566,120,64516,23,14,8334,131,1487,1618,0,22,564.0,148.0,136.0,128.0,136.0,164.0,1,hashcat/hashcat,2015-12-04 14:46:51,2283,0.052562417871222074,0.006132282084975909,0.010074463425317565,3.650459921156373,0.6086956521739131,4.269230036755603,564.0
cloudwu/skynet,0,1,0,1,1,0,1,0,0,10764,10764,3736,40,cloudwu/skynet,cloudwu/skynet,5,0,5,123,0,30,0,2083,12,810,822,0,39,498.0,119.0,135.0,162.0,135.0,66.0,1,cloudwu/skynet,2012-08-01 03:30:42,3503,0.035112760491007707,0.0,0.008564087924636025,0.5946331715672281,0.0,0.6031972594918641,498.0
octalmage/robotjs,1,1,0,1,1,1,1,0,0,10679,10679,788,60,octalmage/robotjs,octalmage/robotjs,24,0,24,60,1479,30,241,651,129,419,548,0,101,466.0,109.0,134.0,104.0,134.0,94.0,1,octalmage/robotjs,2014-08-31 14:13:47,2743,0.02187386073641998,0.08786000729128692,0.01093693036820999,0.23733138899015677,8.033333333333333,8.2816016526917,466.0
google/brotli,1,1,0,1,1,1,0,0,0,10622,10622,1015,56,google/brotli,google/brotli,10,0,10,91,8157,16,65,1042,69,257,326,3,35,448.0,99.0,133.0,110.0,133.0,72.0,0,google/brotli,2014-10-09 14:35:14,2704,0.03365384615384615,0.02403846153846154,0.005917159763313609,0.3853550295857988,4.0625,4.453772189349112,448.0
jonas/tig,0,1,0,1,0,1,1,1,0,10446,10446,579,69,jonas/tig,jonas/tig,23,431,454,186,78780,25,31,2732,162,559,721,1,15,505.0,125.0,132.0,95.0,132.0,146.0,1,jonas/tig,2009-03-01 20:39:25,4752,0.039141414141414144,0.006523569023569023,0.005260942760942761,0.5749158249158249,1.24,1.8201767676767677,505.0
skywind3000/kcp,1,1,0,0,1,1,0,1,0,10408,10408,2033,48,skywind3000/kcp,skywind3000/kcp,13,44,57,28,0,4,0,219,133,158,291,0,113,503.0,124.0,131.0,132.0,131.0,109.0,1,skywind3000/kcp,2014-12-26 16:46:34,2626,0.010662604722010662,0.0,0.0015232292460015233,0.0833968012185834,0.0,0.08492003046458492,503.0
reactos/reactos,1,1,0,1,0,1,1,1,0,10133,10133,1216,57,reactos/reactos,reactos/reactos,206,0,206,332,2035,8,11,81279,0,0,0,0,40,505.0,125.0,130.0,114.0,130.0,131.0,1,reactos/reactos,2017-10-03 08:04:52,1614,0.2057001239157373,0.006815365551425031,0.004956629491945477,50.358736059479554,1.375,51.7386926889715,505.0
andlabs/libui,0,1,0,1,1,0,1,1,1,10099,10099,604,70,andlabs/libui,andlabs/libui,82,94,176,41,2172,7,65,3957,172,191,363,6,152,486.0,115.0,129.0,99.0,129.0,129.0,1,andlabs/libui,2015-04-17 00:35:54,2514,0.016308671439936355,0.025855210819411296,0.0027844073190135244,1.5739856801909309,9.285714285714286,10.86248437322423,486.0
openwrt/openwrt,0,1,0,1,0,1,1,0,0,10087,10087,6506,42,openwrt/openwrt,openwrt/openwrt,263,4596,4859,1092,0,1,0,53530,1437,3083,4520,0,11,603.0,158.0,128.0,172.0,128.0,175.0,1,openwrt/openwrt,2015-11-09 07:13:55,2308,0.4731369150779896,0.0,0.0004332755632582322,23.193240901213173,0.0,23.19367417677643,603.0
openresty/openresty,0,1,0,1,0,1,1,1,0,10032,10032,1332,58,openresty/openresty,openresty/openresty,7,165,172,34,29931,13,18,1644,224,416,640,1,22,501.0,122.0,127.0,119.0,127.0,128.0,1,openresty/openresty,2010-01-20 03:57:59,4427,0.007680144567427152,0.0040659588886379034,0.0029365258640162636,0.3713575784955952,1.3846153846153846,1.758909488974996,501.0
woltapp/blurhash,0,1,0,1,0,0,1,1,0,9841,9841,220,80,woltapp/blurhash,woltapp/blurhash,60,54,114,41,0,0,0,252,38,13,51,2,41,459.0,104.0,126.0,89.0,126.0,118.0,1,woltapp/blurhash,2019-06-26 10:45:33,983,0.04170905391658189,0.0,0.0,0.25635808748728384,-1,-0.7436419125127162,459.0
swaywm/sway,0,0,0,1,0,1,1,0,0,9790,9790,829,71,swaywm/sway,swaywm/sway,103,0,103,471,7256,30,48,6887,550,3151,3701,2,153,471.0,111.0,125.0,105.0,125.0,116.0,1,swaywm/sway,2015-08-05 01:31:45,2404,0.1959234608985025,0.019966722129783693,0.012479201331114808,2.864808652246256,1.6,4.477287853577371,471.0
jedisct1/libsodium,1,1,0,1,0,1,1,1,0,9737,9737,1514,61,jedisct1/libsodium,jedisct1/libsodium,0,329,329,131,8440902,30,50,4039,2,763,765,0,136,513.0,135.0,124.0,122.0,124.0,143.0,1,jedisct1/libsodium,2013-01-20 00:03:40,3331,0.03932752927048934,0.015010507355148604,0.009006304413089163,1.2125487841489042,1.6666666666666667,2.88822175522866,513.0
h2o/h2o,0,1,0,0,0,1,1,1,0,9670,9670,758,77,h2o/h2o,h2o/h2o,86,1628,1714,148,0,30,0,10025,539,688,1227,1,94,514.0,136.0,122.0,103.0,122.0,167.0,1,h2o/h2o,2014-08-16 23:59:03,2758,0.05366207396664249,0.0,0.010877447425670777,3.6348803480783176,0.0,3.6457577955039886,514.0
openresty/lua-nginx-module,1,1,0,1,1,1,1,0,0,9670,9670,1901,55,openresty/lua-nginx-module,openresty/lua-nginx-module,61,0,61,144,0,0,0,3731,237,958,1195,1,805,483.0,114.0,122.0,129.0,122.0,110.0,1,openresty/lua-nginx-module,2010-04-16 15:59:01,4341,0.0331720801658604,0.0,0.0,0.8594793826307302,-1,-0.1405206173692698,483.0
koekeishiya/yabai,0,1,0,1,0,1,1,0,0,9597,9597,346,85,koekeishiya/yabai,koekeishiya/yabai,6,47,53,4,78149,30,30,1087,201,803,1004,3,33,441.0,98.0,121.0,91.0,121.0,108.0,0,koekeishiya/yabai,2019-05-04 15:00:50,1036,0.003861003861003861,0.02895752895752896,0.02895752895752896,1.0492277992277992,1.0,2.078185328185328,441.0
apple/darwin-xnu,0,1,0,1,1,0,1,0,0,9466,9466,1466,68,apple/darwin-xnu,apple/darwin-xnu,1,28,29,1,0,0,0,123,0,0,0,0,9,458.0,103.0,120.0,121.0,120.0,97.0,1,apple/darwin-xnu,2017-06-02 21:33:51,1737,0.0005757052389176742,0.0,0.0,0.07081174438687392,-1,-0.9291882556131261,458.0
postgres/postgres,0,1,0,1,0,0,0,0,0,9272,9272,3037,49,postgres/postgres,postgres/postgres,1,77,78,53,0,0,0,53143,0,0,0,0,42,502.0,123.0,119.0,153.0,119.0,111.0,1,postgres/postgres,2010-09-21 11:35:45,4183,0.012670332297394215,0.0,0.0,12.704518288309826,-1,11.704518288309826,502.0
SpacehuhnTech/esp8266_deauther,0,1,0,1,1,1,1,0,0,9261,9261,2020,62,SpacehuhnTech/esp8266_deauther,SpacehuhnTech/esp8266_deauther,3,125,128,60,318803,18,257,769,80,758,838,0,115,488.0,116.0,118.0,131.0,118.0,121.0,1,SpacehuhnTech/esp8266_deauther,2017-01-07 13:39:23,1883,0.03186404673393521,0.13648433351035583,0.009559214020180564,0.40839086563993626,14.277777777777779,14.695727857437895,488.0
Tencent/wcdb,1,1,0,1,0,0,1,1,0,9250,9250,1224,74,Tencent/wcdb,Tencent/wcdb,3,34,37,22,267,12,40,1070,224,589,813,1,44,450.0,100.0,117.0,116.0,117.0,100.0,1,Tencent/wcdb,2017-05-11 09:25:03,1759,0.012507106310403639,0.02274019329164298,0.006822057987492893,0.6083001705514497,3.3333333333333335,3.948455561872276,450.0
phpredis/phpredis,1,1,0,1,0,1,1,0,1,9183,9183,2088,64,phpredis/phpredis,phpredis/phpredis,17,615,632,176,0,0,0,2708,130,1308,1438,10,377,519.0,137.0,116.0,134.0,116.0,153.0,1,phpredis/phpredis,2011-03-15 14:40:14,4008,0.043912175648702596,0.0,0.0,0.6756487025948104,-1,-0.32435129740518964,519.0
haiwen/seafile,1,1,0,1,0,1,1,1,0,9169,9169,1367,73,haiwen/seafile,haiwen/seafile,6,0,6,87,0,30,0,2238,154,1929,2083,1,53,417.0,93.0,115.0,120.0,115.0,67.0,0,haiwen/seafile,2012-07-12 06:47:55,3523,0.024694862333238716,0.0,0.008515469770082317,0.6352540448481407,0.0,0.6437695146182231,417.0
webview/webview,1,1,0,1,0,1,1,0,1,9155,9155,719,87,webview/webview,webview/webview,12,138,150,58,0,0,0,379,229,304,533,0,67,454.0,101.0,114.0,101.0,114.0,125.0,1,webview/webview,2017-08-19 08:26:00,1659,0.03496081977094635,0.0,0.0,0.22845087402049427,-1,-0.7715491259795058,454.0
fogleman/Craft,1,1,0,1,0,0,1,0,0,8945,8945,1176,82,fogleman/Craft,fogleman/Craft,39,88,127,18,0,1,0,753,72,78,150,0,46,459.0,104.0,113.0,113.0,113.0,120.0,1,fogleman/Craft,2013-04-09 19:47:38,3252,0.005535055350553505,0.0,0.0003075030750307503,0.23154981549815498,0.0,0.23185731857318573,459.0
HandBrake/HandBrake,0,1,0,1,0,1,1,1,0,8917,8917,863,86,HandBrake/HandBrake,HandBrake/HandBrake,20,0,20,118,268917,30,405,11190,246,3130,3376,0,20,422.0,95.0,112.0,106.0,112.0,92.0,0,HandBrake/HandBrake,2015-08-22 16:32:28,2387,0.049434436531210726,0.16966904063678256,0.012568077084206116,4.687892752408882,13.5,18.20046082949309,422.0
systemd/systemd,0,1,0,1,0,0,0,0,0,8761,8761,2768,59,systemd/systemd,systemd/systemd,184,0,184,2288,0,30,0,56564,1572,6941,8513,4,45,499.0,120.0,111.0,147.0,111.0,130.0,1,systemd/systemd,2015-03-25 15:27:27,2537,0.9018525817895152,0.0,0.011824990145841546,22.295624753646038,0.0,22.307449743791878,499.0
torch/torch7,0,1,0,1,0,0,1,0,0,8671,8671,2389,67,torch/torch7,torch/torch7,15,492,507,167,0,0,0,1337,277,443,720,0,13,508.0,128.0,110.0,140.0,110.0,148.0,1,torch/torch7,2013-10-18 12:13:58,3060,0.05457516339869281,0.0,0.0,0.4369281045751634,-1,-0.5630718954248366,508.0
irungentoo/toxcore,1,1,0,1,1,0,1,0,0,8666,8666,1274,84,irungentoo/toxcore,irungentoo/toxcore,7,849,856,221,0,0,0,3771,90,554,644,2,95,494.0,118.0,109.0,117.0,109.0,159.0,1,irungentoo/toxcore,2013-06-24 00:12:13,3176,0.06958438287153652,0.0,0.0,1.1873425692695214,-1,0.18734256926952142,494.0
acidanthera/OpenCorePkg,0,1,0,1,0,1,1,0,0,8636,8636,1521,79,acidanthera/OpenCorePkg,acidanthera/OpenCorePkg,1,319,320,81,359568,30,62,4060,0,0,0,0,31,482.0,113.0,108.0,124.0,108.0,142.0,1,acidanthera/OpenCorePkg,2019-04-03 19:14:29,1067,0.07591377694470477,0.05810684161199625,0.028116213683223992,3.8050609184629804,2.066666666666667,5.899843798812871,482.0
raspberrypi/linux,0,0,0,0,0,0,1,0,0,8550,8550,4005,54,raspberrypi/linux,raspberrypi/linux,52,1651,1703,29267,0,0,0,1049812,617,2572,3189,0,46,543.0,141.0,107.0,163.0,107.0,166.0,1,raspberrypi/linux,2012-01-17 12:10:20,3700,7.91,0.0,0.0,283.73297297297296,-1,282.73297297297296,543.0
squeaky-pl/japronto,0,1,0,1,0,1,0,0,0,8512,8512,588,92,squeaky-pl/japronto,squeaky-pl/japronto,8,31,39,24,0,0,0,736,83,62,145,0,26,411.0,92.0,106.0,97.0,106.0,102.0,0,squeaky-pl/japronto,2016-10-26 19:51:32,1956,0.012269938650306749,0.0,0.0,0.37627811860940696,-1,-0.623721881390593,411.0
SoftEtherVPN/SoftEtherVPN,0,1,0,1,0,1,1,1,0,8505,8505,2132,76,SoftEtherVPN/SoftEtherVPN,SoftEtherVPN/SoftEtherVPN,8,646,654,113,219036,19,116,1648,189,670,859,0,38,499.0,120.0,105.0,135.0,105.0,154.0,1,SoftEtherVPN/SoftEtherVPN,2014-01-02 12:40:57,2984,0.037868632707774796,0.0388739946380697,0.006367292225201072,0.5522788203753352,6.105263157894737,6.663909270495274,499.0
upx/upx,0,1,0,1,1,1,1,0,0,8399,8399,918,90,upx/upx,upx/upx,1,0,1,20,729580,7,85,3551,126,364,490,0,43,355.0,87.0,104.0,107.0,104.0,40.0,0,upx/upx,2016-08-31 11:23:13,2012,0.009940357852882704,0.04224652087475149,0.0034791252485089465,1.764910536779324,12.142857142857142,13.911246804884975,355.0
glfw/glfw,1,1,0,1,1,1,1,1,0,8360,8360,3228,65,glfw/glfw,glfw/glfw,57,473,530,185,422650,17,58,4424,422,1080,1502,26,708,510.0,132.0,103.0,155.0,103.0,149.0,1,glfw/glfw,2013-04-18 15:24:53,3243,0.05704594511255011,0.017884674683934627,0.005242059821153253,1.3641689793401173,3.411764705882353,4.781175745043623,510.0
davatorium/rofi,0,1,0,1,0,1,1,0,1,8325,8325,437,95,davatorium/rofi,davatorium/rofi,11,297,308,134,34480,30,61,3615,52,1056,1108,3,98,437.0,96.0,102.0,92.0,102.0,141.0,0,davatorium/rofi,2013-01-20 11:54:45,3331,0.04022815971179826,0.018312818973281297,0.009006304413089163,1.085259681777244,2.033333333333333,3.127599319523666,437.0
videolan/vlc,1,1,0,1,0,1,1,1,0,8285,8285,2879,72,videolan/vlc,videolan/vlc,0,118,118,1063,0,0,0,91885,0,0,0,0,3,469.0,110.0,101.0,148.0,101.0,119.0,1,videolan/vlc,2012-01-29 19:30:36,3688,0.28823210412147504,0.0,0.0,24.914587852494577,-1,23.914587852494577,469.0
huangz1990/redis-3.0-annotated,1,0,0,1,0,0,1,1,0,8272,8272,3717,66,huangz1990/redis-3.0-annotated,huangz1990/redis-3.0-annotated,9,6,15,125,0,0,0,3933,16,10,26,0,16,439.0,97.0,100.0,161.0,100.0,78.0,0,huangz1990/redis-3.0-annotated,2014-06-28 02:40:10,2807,0.04453152832205201,0.0,0.0,1.4011400071250446,-1,0.4011400071250446,439.0
libgit2/libgit2,1,1,0,1,1,1,1,1,0,8179,8179,2153,83,libgit2/libgit2,libgit2/libgit2,113,4150,4263,550,66497,30,10,14483,328,1536,1864,0,159,508.0,128.0,99.0,136.0,99.0,174.0,1,libgit2/libgit2,2010-09-10 16:17:48,4194,0.13113972341440153,0.002384358607534573,0.00715307582260372,3.4532665712923225,0.3333333333333333,3.79375298044826,508.0
libevent/libevent,0,0,0,1,0,0,1,0,0,8177,8177,2921,75,libevent/libevent,libevent/libevent,0,468,468,273,3041140,18,14,4613,119,649,768,3,38,493.0,117.0,98.0,150.0,98.0,147.0,1,libevent/libevent,2011-06-06 21:42:50,3925,0.06955414012738853,0.0035668789808917197,0.0045859872611464965,1.1752866242038216,0.7777777777777778,1.9576503892427457,493.0
raysan5/raylib,0,1,0,1,0,1,1,0,0,8084,8084,959,93,raysan5/raylib,raysan5/raylib,1,1074,1075,338,7181,19,89,5670,10,1126,1136,0,144,464.0,107.0,97.0,109.0,97.0,161.0,1,raysan5/raylib,2013-10-24 15:46:04,3054,0.11067452521283562,0.029142108709888672,0.006221349050425672,1.856581532416503,4.684210526315789,6.547013407782718,464.0
lvgl/lvgl,1,1,0,1,0,0,1,1,0,8047,8047,1599,89,lvgl/lvgl,lvgl/lvgl,0,1209,1209,277,150,30,1,7829,35,1881,1916,1,171,479.0,112.0,96.0,125.0,96.0,162.0,1,lvgl/lvgl,2016-06-08 04:14:34,2096,0.1321564885496183,0.00047709923664122136,0.01431297709923664,3.7352099236641223,0.03333333333333333,3.782856234096692,479.0
darlinghq/darling,0,0,0,1,0,0,1,0,0,7922,7922,328,98,darlinghq/darling,darlinghq/darling,2,165,167,67,9197,8,16,3690,205,734,939,3,36,407.0,91.0,95.0,90.0,95.0,127.0,0,darlinghq/darling,2012-12-09 10:31:44,3373,0.019863622887637118,0.004743551734361103,0.0023717758671805513,1.0939816187370293,2.0,3.09635339460421,407.0
microsoft/react-native-code-push,0,1,0,1,1,0,1,0,0,7841,7841,1222,94,microsoft/react-native-code-push,microsoft/react-native-code-push,15,730,745,159,0,30,0,1733,43,1443,1486,6,421,459.0,104.0,94.0,115.0,94.0,156.0,1,microsoft/react-native-code-push,2015-06-02 17:19:20,2468,0.06442463533225283,0.0,0.012155591572123177,0.7021880064829822,0.0,0.7143435980551054,459.0
antirez/disque,1,1,0,1,0,1,1,0,0,7823,7823,547,99,antirez/disque,antirez/disque,18,91,109,59,0,1,0,602,41,65,106,4,133,397.0,90.0,93.0,94.0,93.0,117.0,0,antirez/disque,2015-04-27 16:06:09,2504,0.02356230031948882,0.0,0.00039936102236421724,0.24041533546325877,0.0,0.24081469648562298,397.0
borgbackup/borg,0,1,0,0,1,1,1,0,0,7752,7752,595,97,borgbackup/borg,borgbackup/borg,24,2999,3023,281,4636,30,360,6589,576,2766,3342,13,95,454.0,101.0,92.0,98.0,92.0,172.0,1,borgbackup/borg,2015-05-12 23:10:47,2489,0.11289674568099639,0.1446364001607071,0.012053033346725592,2.6472478907191643,12.0,14.65930092406589,454.0
cesanta/mongoose,0,1,0,1,0,0,1,1,0,7706,7706,2178,88,cesanta/mongoose,cesanta/mongoose,5,405,410,142,3798,30,9,3655,2,1055,1057,0,247,465.0,108.0,91.0,138.0,91.0,145.0,1,cesanta/mongoose,2012-08-14 15:09:51,3490,0.040687679083094556,0.0025787965616045844,0.008595988538681949,1.0472779369627507,0.3,1.3558739255014327,465.0
EZLippi/Tinyhttpd,0,0,0,1,0,0,1,0,0,7685,7685,3324,81,EZLippi/Tinyhttpd,EZLippi/Tinyhttpd,7,9,16,7,0,0,0,25,18,20,38,0,10,417.0,93.0,90.0,158.0,90.0,79.0,0,EZLippi/Tinyhttpd,2015-05-20 06:44:01,2481,0.0028214429665457475,0.0,0.0,0.01007658202337767,-1,-0.9899234179766223,417.0
espressif/arduino-esp32,0,1,0,0,1,1,1,1,0,7682,7682,4847,78,espressif/arduino-esp32,espressif/arduino-esp32,39,1588,1627,522,1421752,30,114,1678,357,4384,4741,1,45,509.0,130.0,89.0,166.0,89.0,165.0,1,espressif/arduino-esp32,2016-10-06 06:04:20,1976,0.26417004048583,0.057692307692307696,0.015182186234817813,0.8491902834008097,3.8,4.6643724696356275,509.0
PX4/NuttX,1,1,0,1,0,1,1,1,1,99,99,160,100,PX4/NuttX,PX4/NuttX,0,162,162,521,0,0,0,42212,4,13,17,0,13,390.0,89.0,88.0,88.0,88.0,126.0,0,PX4/NuttX,2015-07-22 22:06:58,2418,0.21546732837055418,0.0,0.0,17.457402812241522,-1,16.457402812241522,390.0
hvqzao/foolavc,0,1,0,1,0,1,1,0,0,98,98,33,102,hvqzao/foolavc,hvqzao/foolavc,0,0,0,1,0,0,0,9,0,1,1,0,7,248.0,75.0,87.0,73.0,87.0,1.0,0,hvqzao/foolavc,2016-06-04 11:57:29,2100,0.0004761904761904762,0.0,0.0,0.004285714285714286,-1,-0.9957142857142857,248.0
DanieleDeSensi/peafowl,0,1,0,0,1,1,0,1,0,97,97,33,104,DanieleDeSensi/peafowl,DanieleDeSensi/peafowl,0,35,35,13,29,2,3,456,1,8,9,0,70,343.0,86.0,86.0,73.0,86.0,98.0,0,DanieleDeSensi/peafowl,2013-04-05 10:56:18,3256,0.003992628992628993,0.0009213759213759214,0.0006142506142506142,0.14004914004914004,1.5,1.6406633906633907,343.0
xiph/opusfile,0,0,0,0,0,1,1,0,0,96,96,47,101,xiph/opusfile,xiph/opusfile,3,10,13,26,16019,6,12,457,8,9,17,0,6,328.0,85.0,85.0,82.0,85.0,76.0,0,xiph/opusfile,2014-12-18 07:15:34,2634,0.009870918754745633,0.004555808656036446,0.002277904328018223,0.17350037965072135,2.0,2.1757782839787394,328.0
rigglemania/pysqlcipher3,0,1,0,1,1,0,1,0,0,95,95,29,107,rigglemania/pysqlcipher3,rigglemania/pysqlcipher3,1,0,1,5,0,0,0,33,8,10,18,0,10,277.0,80.0,84.0,69.0,84.0,40.0,0,rigglemania/pysqlcipher3,2015-02-10 23:03:20,2580,0.001937984496124031,0.0,0.0,0.012790697674418604,-1,-0.9872093023255814,277.0
moonpolysoft/cherly,1,1,0,1,0,0,1,0,0,94,94,16,115,moonpolysoft/cherly,moonpolysoft/cherly,0,0,0,1,0,0,0,50,2,0,2,0,7,207.0,61.0,83.0,40.0,83.0,1.0,0,moonpolysoft/cherly,2009-02-22 23:00:17,4759,0.0002101281781886951,0.0,0.0,0.010506408909434755,-1,-0.9894935910905652,207.0
heltonWernik/OpenLuck,0,0,0,1,0,0,1,0,0,93,93,47,103,heltonWernik/OpenLuck,heltonWernik/OpenLuck,0,1,1,3,0,0,0,9,3,0,3,0,5,286.0,82.0,82.0,82.0,82.0,40.0,0,heltonWernik/OpenLuck,2018-06-24 18:36:26,1350,0.0022222222222222222,0.0,0.0,0.006666666666666667,-1,-0.9933333333333333,286.0
Jiantastic/c-to-mips-compiler,0,0,0,1,0,0,1,0,0,92,92,28,110,Jiantastic/c-to-mips-compiler,Jiantastic/c-to-mips-compiler,0,10,10,4,0,0,0,69,0,1,1,0,13,298.0,83.0,81.0,64.0,81.0,72.0,0,Jiantastic/c-to-mips-compiler,2016-02-04 11:23:50,2221,0.0018009905447996398,0.0,0.0,0.031067086897793788,-1,-0.9689329131022062,298.0
bubicn/bubichain-v3,1,0,0,0,0,1,0,0,0,91,91,57,106,bubicn/bubichain-v3,bubicn/bubichain-v3,0,0,0,17,0,0,0,278,5,0,5,0,7,245.0,74.0,80.0,84.0,80.0,1.0,0,bubicn/bubichain-v3,2017-08-22 07:08:51,1656,0.010265700483091788,0.0,0.0,0.1678743961352657,-1,-0.8321256038647343,245.0
JUMA-IO/STM32_Platform,1,1,0,1,0,0,1,1,0,90,90,69,105,JUMA-IO/STM32_Platform,JUMA-IO/STM32_Platform,0,93,93,17,0,7,0,261,4,7,11,0,19,358.0,88.0,79.0,86.0,79.0,114.0,0,JUMA-IO/STM32_Platform,2016-01-13 03:49:37,2243,0.007579135086937138,0.0,0.003120820329915292,0.11636201515827017,0.0,0.11948283548818546,358.0
juce/sockproc,0,1,0,1,1,1,1,0,0,89,89,34,108,juce/sockproc,juce/sockproc,1,0,1,6,0,0,0,43,1,7,8,0,11,272.0,78.0,78.0,76.0,78.0,40.0,0,juce/sockproc,2014-03-19 00:09:29,2908,0.0020632737276478678,0.0,0.0,0.014786795048143054,-1,-0.9852132049518569,272.0
pprett/bolt,0,1,0,1,0,0,1,0,0,88,88,17,118,pprett/bolt,pprett/bolt,0,1,1,4,0,0,0,117,0,0,0,0,5,237.0,71.0,77.0,43.0,77.0,40.0,0,pprett/bolt,2009-08-04 09:19:38,4596,0.0008703220191470844,0.0,0.0,0.025456919060052218,-1,-0.9745430809399478,237.0
dimitri/pgextwlist,1,0,0,1,0,1,0,0,0,86,86,31,111,dimitri/pgextwlist,dimitri/pgextwlist,2,23,25,17,0,4,0,102,4,17,21,4,13,320.0,84.0,76.0,72.0,76.0,96.0,0,dimitri/pgextwlist,2011-12-11 14:11:13,3737,0.004549103559004549,0.0,0.0010703773080010704,0.027294621354027295,0.0,0.028364998662028365,320.0
jamesmunns/nrf52dk-sys,1,1,0,1,0,0,1,0,0,85,85,18,120,jamesmunns/nrf52dk-sys,jamesmunns/nrf52dk-sys,0,8,8,3,0,0,0,57,1,7,8,0,6,272.0,78.0,75.0,52.0,75.0,70.0,0,jamesmunns/nrf52dk-sys,2017-04-01 00:59:33,1799,0.0016675931072818232,0.0,0.0,0.03168426903835464,-1,-0.9683157309616454,272.0
yubo/ip_vs_ca,1,1,0,1,1,0,1,0,0,84,84,26,116,yubo/ip_vs_ca,yubo/ip_vs_ca,0,0,0,3,48,3,7,32,3,11,14,0,20,210.0,63.0,74.0,61.0,74.0,1.0,0,yubo/ip_vs_ca,2016-02-24 07:31:12,2201,0.0013630168105406633,0.0031803725579282144,0.0013630168105406633,0.014538845979100408,2.3333333333333335,2.3492351961229745,210.0
atnan/QLPrettyPatch,0,0,0,1,0,1,0,0,0,83,83,4,137,atnan/QLPrettyPatch,atnan/QLPrettyPatch,1,0,1,1,89326,1,1,11,0,0,0,0,5,199.0,55.0,73.0,13.0,73.0,40.0,0,atnan/QLPrettyPatch,2013-11-27 22:14:43,3020,0.00033112582781456954,0.00033112582781456954,0.00033112582781456954,0.003642384105960265,1.0,1.0039735099337748,199.0
vonj/snippets.org,0,0,0,0,0,0,1,0,0,82,82,37,112,vonj/snippets.org,vonj/snippets.org,0,0,0,3,0,0,0,5,0,0,0,0,3,223.0,66.0,72.0,78.0,72.0,1.0,0,vonj/snippets.org,2012-12-13 22:24:59,3369,0.0008904719501335708,0.0,0.0,0.0014841199168892847,-1,-0.9985158800831108,223.0
awailly/nrop,1,0,0,1,0,1,0,0,1,81,81,16,123,awailly/nrop,awailly/nrop,0,2,2,3,0,0,0,126,3,1,4,1,10,238.0,72.0,71.0,40.0,71.0,56.0,0,awailly/nrop,2014-07-21 11:29:39,2784,0.0010775862068965517,0.0,0.0,0.04525862068965517,-1,-0.9547413793103449,238.0
zhanghuicuc/ffmpeg_camera_streamer,0,0,0,1,0,0,1,0,0,80,80,71,109,zhanghuicuc/ffmpeg_camera_streamer,zhanghuicuc/ffmpeg_camera_streamer,0,0,0,1,0,0,0,10,1,0,1,0,7,228.0,68.0,70.0,87.0,70.0,1.0,0,zhanghuicuc/ffmpeg_camera_streamer,2015-08-27 13:22:04,2382,0.00041981528127623844,0.0,0.0,0.0041981528127623844,-1,-0.9958018471872376,228.0
InfiniteSearchSpace/PyCl-Convergence,0,0,0,1,0,0,1,0,0,79,79,9,131,InfiniteSearchSpace/PyCl-Convergence,InfiniteSearchSpace/PyCl-Convergence,1,0,1,1,0,0,0,51,0,0,0,0,16,204.0,59.0,69.0,26.0,69.0,40.0,0,InfiniteSearchSpace/PyCl-Convergence,2014-08-16 00:37:07,2758,0.00036258158085569254,0.0,0.0,0.01849166062364032,-1,-0.9815083393763597,204.0
postmodern/digest-crc,1,1,0,1,1,1,1,0,0,78,78,28,117,postmodern/digest-crc,postmodern/digest-crc,0,0,0,8,0,0,0,229,4,18,22,0,50,201.0,56.0,68.0,64.0,68.0,1.0,0,postmodern/digest-crc,2010-05-28 11:33:17,4299,0.0018608978832286578,0.0,0.0,0.05326820190742033,-1,-0.9467317980925797,201.0
illuspas/SayHi,0,0,1,0,0,0,0,0,0,77,77,66,113,illuspas/SayHi,illuspas/SayHi,0,0,0,1,0,0,0,19,0,3,3,0,7,220.0,65.0,67.0,85.0,67.0,1.0,0,illuspas/SayHi,2013-05-18 13:00:28,3213,0.0003112356053532524,0.0,0.0,0.005913476501711796,-1,-0.9940865234982882,220.0
PaulKlinger/cnn_card,1,1,0,0,0,0,0,0,0,76,76,2,144,PaulKlinger/cnn_card,PaulKlinger/cnn_card,0,0,0,1,0,0,0,65,0,0,0,0,4,140.0,28.0,66.0,7.0,66.0,1.0,0,PaulKlinger/cnn_card,2020-09-12 19:36:33,539,0.0018552875695732839,0.0,0.0,0.12059369202226346,-1,-0.8794063079777366,140.0
CedricGuillemet/libProfiler,0,0,0,1,0,0,0,0,0,74,74,16,126,CedricGuillemet/libProfiler,CedricGuillemet/libProfiler,0,0,0,1,0,0,0,6,0,0,0,0,6,171.0,42.0,65.0,40.0,65.0,1.0,0,CedricGuillemet/libProfiler,2012-12-23 13:00:15,3359,0.00029770765108663293,0.0,0.0,0.0017862459065197975,-1,-0.9982137540934802,171.0
MerlijnWajer/tracy,0,1,0,1,0,0,1,0,0,72,72,21,124,MerlijnWajer/tracy,MerlijnWajer/tracy,1,0,1,10,0,0,0,596,12,33,45,0,10,223.0,66.0,64.0,55.0,64.0,40.0,0,MerlijnWajer/tracy,2012-05-23 21:13:17,3573,0.00279876854184159,0.0,0.0,0.16680660509375875,-1,-0.8331933949062412,223.0
upring/virtdbg,0,1,0,0,0,0,0,0,0,71,71,34,119,upring/virtdbg,upring/virtdbg,0,0,0,1,0,0,0,9,0,0,0,0,2,203.0,57.0,63.0,76.0,63.0,1.0,0,upring/virtdbg,2015-06-25 02:25:44,2445,0.00040899795501022495,0.0,0.0,0.0036809815950920245,-1,-0.996319018404908,203.0
socketpair/nltrace,1,0,0,0,0,0,0,0,0,70,70,11,141,socketpair/nltrace,socketpair/nltrace,0,2,2,3,0,0,0,27,2,0,2,0,1,209.0,62.0,62.0,29.0,62.0,56.0,0,socketpair/nltrace,2012-08-30 22:37:49,3474,0.0008635578583765112,0.0,0.0,0.007772020725388601,-1,-0.9922279792746114,209.0
drotiro/boxfs2,0,0,0,1,0,1,0,1,0,69,69,13,139,drotiro/boxfs2,drotiro/boxfs2,1,0,1,10,0,0,0,112,1,17,18,0,6,195.0,54.0,61.0,33.0,61.0,40.0,0,drotiro/boxfs2,2013-10-29 09:22:22,3049,0.0032797638570022957,0.0,0.0,0.036733355198425716,-1,-0.9632666448015743,195.0
wujr5/c-and-cpp-language-learning,1,0,0,0,1,0,0,0,0,68,68,33,122,wujr5/c-and-cpp-language-learning,wujr5/c-and-cpp-language-learning,0,1,1,3,0,0,0,92,46,2,48,0,45,233.0,69.0,60.0,73.0,60.0,40.0,0,wujr5/c-and-cpp-language-learning,2015-09-21 08:15:03,2357,0.0012728044123886295,0.0,0.0,0.03903266864658464,-1,-0.9609673313534154,233.0
xerub/ropc,0,0,0,1,0,0,0,0,0,67,67,14,140,xerub/ropc,xerub/ropc,0,0,0,1,0,0,0,70,0,1,1,0,3,154.0,36.0,59.0,35.0,59.0,1.0,0,xerub/ropc,2015-09-24 20:08:33,2354,0.0004248088360237893,0.0,0.0,0.029736618521665252,-1,-0.9702633814783348,154.0
joelgwebber/bench2d,0,1,0,1,1,0,0,0,0,66,66,40,121,joelgwebber/bench2d,joelgwebber/bench2d,0,17,17,15,0,0,0,115,1,3,4,0,12,278.0,81.0,58.0,81.0,58.0,81.0,0,joelgwebber/bench2d,2011-12-09 18:46:14,3739,0.004011767852366943,0.0,0.0,0.030756886868146562,-1,-0.9692431131318534,278.0
PinkP4nther/Sutekh,0,0,0,1,1,0,0,0,0,65,65,25,129,PinkP4nther/Sutekh,PinkP4nther/Sutekh,0,1,1,1,0,0,0,21,0,0,0,0,12,212.0,64.0,57.0,58.0,57.0,40.0,0,PinkP4nther/Sutekh,2018-06-18 14:21:44,1356,0.0007374631268436578,0.0,0.0,0.015486725663716814,-1,-0.9845132743362832,212.0
nathan-osman/gimp-webp,0,1,0,1,0,0,0,0,0,63,63,7,145,nathan-osman/gimp-webp,nathan-osman/gimp-webp,1,6,7,7,0,0,0,83,6,3,9,0,9,203.0,57.0,56.0,22.0,56.0,69.0,0,nathan-osman/gimp-webp,2015-06-07 02:59:37,2463,0.0028420625253755584,0.0,0.0,0.033698741372310194,-1,-0.9663012586276898,203.0
noduino/noduino-sdk,0,1,0,1,0,0,1,0,0,62,62,18,135,noduino/noduino-sdk,noduino/noduino-sdk,0,0,0,5,0,0,0,1190,7,1,8,0,14,163.0,38.0,55.0,52.0,55.0,1.0,0,noduino/noduino-sdk,2015-11-04 07:53:10,2313,0.00216169476869866,0.0,0.0,0.514483354950281,-1,-0.48551664504971903,163.0
psmoveservice/psmove-ue4,0,1,0,1,1,0,1,0,0,61,61,28,128,psmoveservice/psmove-ue4,psmoveservice/psmove-ue4,0,8,8,3,0,0,0,186,11,11,22,1,38,242.0,73.0,54.0,64.0,54.0,70.0,0,psmoveservice/psmove-ue4,2015-02-12 20:12:27,2578,0.0011636927851047323,0.0,0.0,0.0721489526764934,-1,-0.9278510473235067,242.0
lqs/crabdb,1,0,0,0,1,0,1,0,0,60,60,5,155,lqs/crabdb,lqs/crabdb,0,0,0,1,0,0,0,3,0,0,0,0,2,124.0,26.0,53.0,17.0,53.0,1.0,0,lqs/crabdb,2013-04-25 14:44:32,3236,0.00030902348578491963,0.0,0.0,0.000927070457354759,-1,-0.9990729295426453,124.0
tresacton/exploits,0,0,0,1,0,0,1,0,0,59,59,29,127,tresacton/exploits,tresacton/exploits,0,0,0,5,0,0,0,42,0,0,0,0,22,174.0,52.0,52.0,69.0,52.0,1.0,0,tresacton/exploits,2014-07-02 22:47:11,2803,0.0017838030681412772,0.0,0.0,0.014983945772386728,-1,-0.9850160542276133,174.0
drawapp8/cantk-runtime,1,0,0,0,1,0,0,0,0,58,58,24,138,drawapp8/cantk-runtime,drawapp8/cantk-runtime,0,0,0,1,0,0,0,28,0,0,0,0,18,160.0,37.0,51.0,57.0,51.0,1.0,0,drawapp8/cantk-runtime,2015-05-12 11:49:56,2489,0.0004017677782241864,0.0,0.0,0.01124949779027722,-1,-0.9887505022097228,160.0
ldthomas/apg-6.3,0,0,0,1,0,0,0,0,0,56,56,12,149,ldthomas/apg-6.3,ldthomas/apg-6.3,2,1,3,2,0,0,0,6,1,0,1,0,3,194.0,53.0,50.0,30.0,50.0,64.0,0,ldthomas/apg-6.3,2014-12-04 17:46:37,2648,0.0007552870090634441,0.0,0.0,0.0022658610271903325,-1,-0.9977341389728097,194.0
bazad/launchd-portrep,0,1,0,1,0,1,0,0,0,53,53,4,163,bazad/launchd-portrep,bazad/launchd-portrep,0,0,0,1,0,0,0,10,0,0,0,0,4,112.0,25.0,49.0,13.0,49.0,1.0,0,bazad/launchd-portrep,2018-01-22 06:22:59,1503,0.0006653359946773121,0.0,0.0,0.00665335994677312,-1,-0.9933466400532269,112.0
3gstudent/Bypass-Windows-AppLocker,0,0,0,1,0,0,0,0,0,52,52,29,133,3gstudent/Bypass-Windows-AppLocker,3gstudent/Bypass-Windows-AppLocker,0,0,0,1,0,0,0,3,0,0,0,0,1,166.0,39.0,48.0,69.0,48.0,1.0,0,3gstudent/Bypass-Windows-AppLocker,2016-01-05 09:45:08,2251,0.000444247001332741,0.0,0.0,0.0013327410039982231,-1,-0.9986672589960017,166.0
Juniper/juise,1,0,0,1,0,1,0,0,0,50,50,14,154,Juniper/juise,Juniper/juise,0,12,12,14,1472,16,23,869,14,10,24,0,6,204.0,59.0,47.0,35.0,47.0,75.0,0,Juniper/juise,2013-05-23 14:16:22,3208,0.004364089775561097,0.007169576059850374,0.004987531172069825,0.2708852867830424,1.4375,1.7133728179551122,204.0
varnish/libvmod-curl,0,0,0,1,0,0,0,0,0,47,47,37,134,varnish/libvmod-curl,varnish/libvmod-curl,0,0,0,21,0,0,0,202,0,26,26,2,11,171.0,42.0,46.0,78.0,46.0,1.0,0,varnish/libvmod-curl,2011-08-03 07:48:10,3867,0.005430566330488751,0.0,0.0,0.05223687613136799,-1,-0.947763123868632,171.0
GRSource/Emoji,1,0,0,0,0,0,0,0,0,46,46,20,146,GRSource/Emoji,GRSource/Emoji,0,0,0,1,0,0,0,5,1,1,2,0,2,145.0,32.0,45.0,54.0,45.0,1.0,0,GRSource/Emoji,2014-12-14 06:37:36,2638,0.0003790750568612585,0.0,0.0,0.0018953752843062926,-1,-0.9981046247156937,145.0
zephyrproject-rtos/meta-zephyr-sdk,0,0,0,1,0,0,1,0,0,45,45,28,143,zephyrproject-rtos/meta-zephyr-sdk,zephyrproject-rtos/meta-zephyr-sdk,0,35,35,9,45614,27,20,232,4,75,79,0,5,250.0,76.0,44.0,64.0,44.0,98.0,0,zephyrproject-rtos/meta-zephyr-sdk,2016-06-14 20:38:26,2090,0.00430622009569378,0.009569377990430622,0.01291866028708134,0.11100478468899522,0.7407407407407407,0.8646641857168172,250.0
tangrs/usb-gba-multiboot,1,1,0,1,0,1,0,0,0,44,44,2,170,tangrs/usb-gba-multiboot,tangrs/usb-gba-multiboot,0,0,0,1,0,0,0,8,1,0,1,0,1,94.0,19.0,43.0,7.0,43.0,1.0,0,tangrs/usb-gba-multiboot,2012-07-06 11:16:20,3529,0.00028336639274582036,0.0,0.0,0.002266931141966563,-1,-0.9977330688580335,94.0
quetwo/as3-arduino-connector,0,0,0,1,0,0,0,0,0,43,43,21,153,quetwo/as3-arduino-connector,quetwo/as3-arduino-connector,0,0,0,3,0,0,0,52,15,21,36,0,1,140.0,28.0,42.0,55.0,42.0,1.0,0,quetwo/as3-arduino-connector,2015-03-22 01:00:51,2540,0.0011811023622047244,0.0,0.0,0.02047244094488189,-1,-0.9795275590551181,140.0
ailispaw/docker-root-xhyve,1,1,0,1,0,0,1,0,0,42,42,4,168,ailispaw/docker-root-xhyve,ailispaw/docker-root-xhyve,0,0,0,1,568,9,9,89,2,9,11,0,60,96.0,20.0,41.0,13.0,41.0,1.0,0,ailispaw/docker-root-xhyve,2015-08-07 21:56:17,2402,0.00041631973355537054,0.003746877601998335,0.003746877601998335,0.037052456286427976,1.0,1.0407993338884263,96.0
rsyslog/libfastjson,0,1,0,1,1,0,0,0,0,41,41,26,148,rsyslog/libfastjson,rsyslog/libfastjson,1,88,89,69,0,0,0,698,29,45,74,2,7,254.0,77.0,40.0,61.0,40.0,113.0,0,rsyslog/libfastjson,2015-11-18 14:59:42,2299,0.03001304915180513,0.0,0.0,0.30361026533275337,-1,-0.6963897346672466,254.0
eldarkg/emdr1986x-std-per-lib,1,0,0,1,1,0,0,0,0,40,40,26,150,eldarkg/emdr1986x-std-per-lib,eldarkg/emdr1986x-std-per-lib,0,24,24,8,0,0,0,154,9,24,33,1,27,233.0,69.0,39.0,61.0,39.0,94.0,0,eldarkg/emdr1986x-std-per-lib,2015-04-04 18:09:13,2527,0.0031658092599920855,0.0,0.0,0.060941828254847646,-1,-0.9390581717451524,233.0
promisechen/dpdk,1,0,0,1,1,0,1,0,0,39,39,28,147,promisechen/dpdk,promisechen/dpdk,0,0,0,3,0,0,0,54,1,0,1,0,19,141.0,30.0,38.0,64.0,38.0,1.0,0,promisechen/dpdk,2015-10-24 01:16:52,2324,0.0012908777969018934,0.0,0.0,0.02323580034423408,-1,-0.9767641996557659,141.0
WetDesertRock/GifCat,1,1,0,1,1,1,1,0,1,36,36,5,173,WetDesertRock/GifCat,WetDesertRock/GifCat,0,2,2,2,0,1,0,6,4,0,4,0,6,147.0,34.0,37.0,17.0,37.0,56.0,0,WetDesertRock/GifCat,2016-06-26 17:20:00,2078,0.0009624639076034649,0.0,0.00048123195380173246,0.0028873917228103944,0.0,0.003368623676612127,147.0
mltframework/melted,0,1,0,1,0,0,1,0,0,35,35,25,159,mltframework/melted,mltframework/melted,0,1,1,11,0,0,0,1408,1,2,3,0,14,170.0,41.0,36.0,58.0,36.0,40.0,0,mltframework/melted,2012-04-23 22:25:51,3603,0.0030530113794060504,0.0,0.0,0.39078545656397445,-1,-0.6092145434360255,170.0
nickgammon/MAX7219_Dot_Matrix,0,0,0,1,0,0,0,0,0,33,33,14,164,nickgammon/MAX7219_Dot_Matrix,nickgammon/MAX7219_Dot_Matrix,0,1,1,2,0,0,0,10,2,4,6,0,3,145.0,32.0,35.0,35.0,35.0,40.0,0,nickgammon/MAX7219_Dot_Matrix,2015-05-13 04:25:54,2488,0.0008038585209003215,0.0,0.0,0.0040192926045016075,-1,-0.9959807073954984,145.0
dji-sdk/Manifold-Cam,0,1,0,1,0,0,1,0,0,32,32,25,161,dji-sdk/Manifold-Cam,dji-sdk/Manifold-Cam,1,0,1,5,0,0,0,11,10,7,17,0,7,166.0,39.0,34.0,58.0,34.0,40.0,0,dji-sdk/Manifold-Cam,2015-11-03 03:16:19,2314,0.00216076058772688,0.0,0.0,0.004753673292999135,-1,-0.9952463267070009,166.0
phplang/php-past,0,0,1,0,0,0,0,0,0,31,31,1,179,phplang/php-past,phplang/php-past,0,0,0,1,0,0,0,32,0,0,0,0,1,69.0,14.0,33.0,2.0,33.0,1.0,0,phplang/php-past,2016-06-28 07:19:47,2076,0.0004816955684007707,0.0,0.0,0.015414258188824663,-1,-0.9845857418111753,69.0
friendlyarm/uboot_tiny4412,1,1,0,1,1,1,1,0,1,30,30,37,152,friendlyarm/uboot_tiny4412,friendlyarm/uboot_tiny4412,0,0,0,1,0,0,0,7,0,0,0,0,1,143.0,31.0,32.0,78.0,32.0,1.0,0,friendlyarm/uboot_tiny4412,2015-10-31 07:10:33,2317,0.00043159257660768235,0.0,0.0,0.0030211480362537764,-1,-0.9969788519637462,143.0
toby20130333/qtquickqrencode,1,1,0,1,1,1,1,0,0,29,29,14,167,toby20130333/qtquickqrencode,toby20130333/qtquickqrencode,0,0,0,1,0,0,0,18,0,0,0,0,12,98.0,21.0,31.0,35.0,31.0,1.0,0,toby20130333/qtquickqrencode,2015-11-03 10:14:45,2314,0.000432152117545376,0.0,0.0,0.007778738115816767,-1,-0.9922212618841832,98.0
wireapp/cryptobox-c,1,1,0,1,1,0,1,0,0,28,28,17,165,wireapp/cryptobox-c,wireapp/cryptobox-c,0,18,18,17,0,6,0,213,2,0,2,0,17,172.0,44.0,23.0,43.0,23.0,83.0,0,wireapp/cryptobox-c,2015-12-11 15:02:09,2276,0.007469244288224956,0.0,0.0026362038664323375,0.09358523725834798,0.0,0.09622144112478032,172.0
wireapp/cryptobox-c,1,1,0,1,1,0,1,0,0,28,28,17,166,wireapp/cryptobox-c,wireapp/cryptobox-c,0,18,18,17,0,6,0,213,2,0,2,0,17,172.0,44.0,23.0,43.0,23.0,83.0,0,wireapp/cryptobox-c,2015-12-11 15:02:09,2276,0.007469244288224956,0.0,0.0026362038664323375,0.09358523725834798,0.0,0.09622144112478032,172.0
wireapp/cryptobox-c,1,1,0,1,1,0,1,0,0,28,28,17,165,wireapp/cryptobox-c,wireapp/cryptobox-c,0,18,18,17,0,6,0,213,2,0,2,0,17,172.0,44.0,23.0,43.0,23.0,83.0,0,wireapp/cryptobox-c,2015-12-11 15:02:09,2276,0.007469244288224956,0.0,0.0026362038664323375,0.09358523725834798,0.0,0.09622144112478032,172.0
wireapp/cryptobox-c,1,1,0,1,1,0,1,0,0,28,28,17,166,wireapp/cryptobox-c,wireapp/cryptobox-c,0,18,18,17,0,6,0,213,2,0,2,0,17,172.0,44.0,23.0,43.0,23.0,83.0,0,wireapp/cryptobox-c,2015-12-11 15:02:09,2276,0.007469244288224956,0.0,0.0026362038664323375,0.09358523725834798,0.0,0.09622144112478032,172.0
wireapp/cryptobox-c,1,1,0,1,1,0,1,0,0,28,28,17,165,wireapp/cryptobox-c,wireapp/cryptobox-c,0,18,18,17,0,6,0,213,2,0,2,0,17,172.0,44.0,23.0,43.0,23.0,83.0,0,wireapp/cryptobox-c,2015-12-11 15:02:09,2276,0.007469244288224956,0.0,0.0026362038664323375,0.09358523725834798,0.0,0.09622144112478032,172.0
wireapp/cryptobox-c,1,1,0,1,1,0,1,0,0,28,28,17,166,wireapp/cryptobox-c,wireapp/cryptobox-c,0,18,18,17,0,6,0,213,2,0,2,0,17,172.0,44.0,23.0,43.0,23.0,83.0,0,wireapp/cryptobox-c,2015-12-11 15:02:09,2276,0.007469244288224956,0.0,0.0026362038664323375,0.09358523725834798,0.0,0.09622144112478032,172.0
wireapp/cryptobox-c,1,1,0,1,1,0,1,0,0,28,28,17,165,wireapp/cryptobox-c,wireapp/cryptobox-c,0,18,18,17,0,6,0,213,2,0,2,0,17,172.0,44.0,23.0,43.0,23.0,83.0,0,wireapp/cryptobox-c,2015-12-11 15:02:09,2276,0.007469244288224956,0.0,0.0026362038664323375,0.09358523725834798,0.0,0.09622144112478032,172.0
wireapp/cryptobox-c,1,1,0,1,1,0,1,0,0,28,28,17,166,wireapp/cryptobox-c,wireapp/cryptobox-c,0,18,18,17,0,6,0,213,2,0,2,0,17,172.0,44.0,23.0,43.0,23.0,83.0,0,wireapp/cryptobox-c,2015-12-11 15:02:09,2276,0.007469244288224956,0.0,0.0026362038664323375,0.09358523725834798,0.0,0.09622144112478032,172.0
markvanderloo/gower,0,1,0,1,0,0,1,0,0,27,27,2,182,markvanderloo/gower,markvanderloo/gower,0,2,2,3,0,0,0,96,5,11,16,1,11,107.0,22.0,22.0,7.0,22.0,56.0,0,markvanderloo/gower,2016-06-02 21:22:00,2102,0.0014272121788772598,0.0,0.0,0.04567078972407231,-1,-0.9543292102759277,107.0
sooty1892/packet-pro,0,1,0,1,0,0,0,0,0,26,26,8,176,sooty1892/packet-pro,sooty1892/packet-pro,0,0,0,7,0,0,0,276,0,0,0,0,6,67.0,13.0,21.0,24.0,21.0,1.0,0,sooty1892/packet-pro,2014-11-20 19:40:46,2662,0.002629601803155522,0.0,0.0,0.10368144252441773,-1,-0.8963185574755823,67.0
fm4dd/viper,0,1,0,1,1,0,0,0,0,24,24,15,171,fm4dd/viper,fm4dd/viper,0,0,0,1,0,0,0,24,0,0,0,0,17,80.0,16.0,20.0,39.0,20.0,1.0,0,fm4dd/viper,2015-12-15 12:16:16,2272,0.00044014084507042255,0.0,0.0,0.01056338028169014,-1,-0.9894366197183099,80.0
open-power/capiflash,0,1,0,1,0,0,0,0,0,23,23,12,175,open-power/capiflash,open-power/capiflash,0,16,16,7,0,11,0,98,3,6,9,0,15,147.0,34.0,19.0,30.0,19.0,79.0,0,open-power/capiflash,2015-10-28 00:19:54,2320,0.003017241379310345,0.0,0.0047413793103448275,0.04224137931034483,0.0,0.04698275862068966,147.0
billyriantono/s2geometry-node,0,0,0,1,1,1,1,0,0,22,22,10,177,billyriantono/s2geometry-node,billyriantono/s2geometry-node,0,6,6,7,0,0,0,71,6,11,17,0,17,130.0,27.0,18.0,27.0,18.0,67.0,0,billyriantono/s2geometry-node,2016-07-18 10:11:56,2056,0.003404669260700389,0.0,0.0,0.03453307392996109,-1,-0.9654669260700389,130.0
bk2204/php-hash-dos,0,1,0,1,0,0,0,0,0,21,21,3,187,bk2204/php-hash-dos,bk2204/php-hash-dos,0,0,0,1,0,0,0,8,0,0,0,0,5,45.0,6.0,17.0,10.0,17.0,1.0,0,bk2204/php-hash-dos,2015-09-30 23:05:31,2348,0.00042589437819420784,0.0,0.0,0.0034071550255536627,-1,-0.9965928449744463,45.0
cesanta/polar,0,0,0,1,0,1,0,0,0,18,18,6,185,cesanta/polar,cesanta/polar,0,2,2,3,0,0,0,5,1,0,1,0,2,109.0,24.0,16.0,21.0,16.0,56.0,0,cesanta/polar,2015-03-22 21:43:16,2540,0.0011811023622047244,0.0,0.0,0.001968503937007874,-1,-0.9980314960629921,109.0
SwiftOnTheServer/CCurl,0,1,0,1,0,0,0,0,0,17,17,7,184,SwiftOnTheServer/CCurl,SwiftOnTheServer/CCurl,0,0,0,1,0,0,0,8,0,0,0,0,4,53.0,8.0,15.0,22.0,15.0,1.0,0,SwiftOnTheServer/CCurl,2015-12-22 21:29:31,2265,0.0004415011037527594,0.0,0.0,0.003532008830022075,-1,-0.996467991169978,53.0
hikdo/idevice,1,1,0,1,0,0,0,0,0,16,16,8,183,hikdo/idevice,hikdo/idevice,0,0,0,5,0,0,0,12,0,0,0,0,8,53.0,8.0,14.0,24.0,14.0,1.0,0,hikdo/idevice,2015-10-29 11:28:48,2319,0.0021561017680034496,0.0,0.0,0.00517464424320828,-1,-0.9948253557567918,53.0
Lyq1st/chromeExtInstaller,0,0,0,1,0,0,1,0,0,15,15,13,178,Lyq1st/chromeExtInstaller,Lyq1st/chromeExtInstaller,0,0,0,1,0,0,0,24,1,1,2,0,7,60.0,10.0,13.0,33.0,13.0,1.0,0,Lyq1st/chromeExtInstaller,2015-05-03 05:18:53,2498,0.00040032025620496394,0.0,0.0,0.009607686148919135,-1,-0.9903923138510808,60.0
kolasa/fglrx-core-15.201,0,0,0,0,1,0,0,0,0,14,14,4,189,kolasa/fglrx-core-15.201,kolasa/fglrx-core-15.201,0,1,1,1,0,0,0,7,2,3,5,0,1,77.0,15.0,12.0,13.0,12.0,40.0,0,kolasa/fglrx-core-15.201,2015-09-16 15:49:34,2362,0.0004233700254022015,0.0,0.0,0.0029635901778154107,-1,-0.9970364098221846,77.0
spaze/upc_keys-lambda,0,1,0,1,0,0,0,0,0,13,13,12,180,spaze/upc_keys-lambda,spaze/upc_keys-lambda,0,2,2,2,0,0,0,18,1,0,1,0,4,108.0,23.0,11.0,30.0,11.0,56.0,0,spaze/upc_keys-lambda,2016-05-23 17:45:57,2112,0.000946969696969697,0.0,0.0,0.008522727272727272,-1,-0.9914772727272727,108.0
pili-engineering/cpili,1,1,0,1,0,1,0,0,0,12,12,10,186,pili-engineering/cpili,pili-engineering/cpili,0,0,0,1,0,0,0,34,0,1,1,0,11,48.0,7.0,10.0,27.0,10.0,1.0,0,pili-engineering/cpili,2015-09-15 16:57:10,2363,0.00042319085907744394,0.0,0.0,0.014388489208633094,-1,-0.9856115107913669,48.0
mpatraw/butterfly,0,1,0,1,0,0,0,0,0,11,11,0,193,mpatraw/butterfly,mpatraw/butterfly,0,0,0,2,0,0,0,99,0,0,0,0,43,20.0,4.0,9.0,1.0,9.0,1.0,0,mpatraw/butterfly,2015-09-24 23:23:23,2354,0.0008496176720475786,0.0,0.0,0.04205607476635514,-1,-0.9579439252336449,20.0
starwing/lua-miniz,0,0,0,1,0,0,0,0,0,10,10,3,191,starwing/lua-miniz,starwing/lua-miniz,0,1,1,2,0,0,0,13,0,1,1,0,3,66.0,12.0,8.0,10.0,8.0,40.0,0,starwing/lua-miniz,2015-10-11 12:22:46,2337,0.0008557980316645272,0.0,0.0,0.005562687205819427,-1,-0.9944373127941806,66.0
pts/pts-swiggle,0,1,0,1,0,0,0,0,0,8,8,1,194,pts/pts-swiggle,pts/pts-swiggle,0,0,0,1,0,0,0,63,0,0,0,0,1,17.0,3.0,7.0,2.0,7.0,1.0,0,pts/pts-swiggle,2015-10-15 18:19:14,2333,0.0004286326618088298,0.0,0.0,0.02700385769395628,-1,-0.9729961423060437,17.0
rebelbot/OptimizerLesson,0,0,1,0,0,0,0,0,0,7,7,5,190,rebelbot/OptimizerLesson,rebelbot/OptimizerLesson,0,2,2,2,0,2,0,7,0,0,0,0,1,85.0,17.0,6.0,17.0,6.0,56.0,0,rebelbot/OptimizerLesson,2015-09-27 20:41:06,2351,0.0008507018290089324,0.0,0.0008507018290089324,0.0029774564015312634,0.0,0.0038281582305401958,85.0
beebeeep/recent,0,1,0,0,0,0,0,0,0,6,6,1,196,beebeeep/recent,beebeeep/recent,0,0,0,3,0,0,0,11,0,0,0,0,2,13.0,2.0,5.0,2.0,5.0,1.0,0,beebeeep/recent,2015-05-09 22:51:29,2492,0.001203852327447833,0.0,0.0,0.004414125200642055,-1,-0.9955858747993579,13.0
JayKothari/uart_rtdm,1,0,0,0,0,0,1,0,0,5,5,1,197,JayKothari/uart_rtdm,JayKothari/uart_rtdm,0,0,0,1,0,0,0,6,0,0,0,0,2,11.0,1.0,4.0,2.0,4.0,1.0,0,JayKothari/uart_rtdm,2015-05-13 09:18:34,2488,0.00040192926045016077,0.0,0.0,0.002411575562700965,-1,-0.997588424437299,11.0
lariodiniz/REFO,0,1,0,0,0,0,0,0,0,4,4,1,198,lariodiniz/REFO,lariodiniz/REFO,0,2,2,2,0,0,0,12,0,0,0,0,1,64.0,11.0,3.0,2.0,3.0,56.0,0,lariodiniz/REFO,2015-05-09 19:40:28,2492,0.0008025682182985554,0.0,0.0,0.004815409309791332,-1,-0.9951845906902087,64.0
OpenKore/grftool,0,1,0,1,0,0,0,0,0,3,3,5,192,OpenKore/grftool,OpenKore/grftool,0,0,0,1,0,0,0,5,0,0,0,0,1,22.0,5.0,2.0,17.0,2.0,1.0,0,OpenKore/grftool,2015-10-01 00:35:12,2347,0.00042607584149978694,0.0,0.0,0.0021303792074989347,-1,-0.9978696207925011,22.0
HomeBankCode/lena-its-tools,0,1,0,1,0,0,0,0,0,2,2,3,195,HomeBankCode/lena-its-tools,HomeBankCode/lena-its-tools,0,17,17,5,0,2,0,130,0,0,0,0,10,93.0,18.0,1.0,10.0,1.0,81.0,0,HomeBankCode/lena-its-tools,2015-05-11 04:12:46,2490,0.002008032128514056,0.0,0.0008032128514056225,0.05220883534136546,0.0,0.05301204819277108,93.0
