fullname_x,C0,C1,C2,C3,C4,C5,C6,C7,C8,number_of_stars,num_of_watchers,num_of_forks,repo_id,repository,community,downloads,releases,assets,commits,open_issues,closed_issues,total_issues,open_prs,closed_prs,total_prs,readme_issues,readme_commits,fullname_y,created_date,days,download_score,community_score,assets_score,releases_score,commits_score,avg_assets_release,Label
public-apis/public-apis,1,1,0,1,0,1,1,0,0,169389,169389,19529,0,public-apis/public-apis,1378,0,2,0,4478,3,360,363,7,2639,2646,0,3467,public-apis/public-apis,2016-03-20 23:49:42,2210,0.0,0.6235294118,0.0,0.0009049774,2.0262443439,0.0,1
donnemartin/system-design-primer,1,1,0,1,1,1,1,1,0,152515,152515,28185,1,donnemartin/system-design-primer,115,0,2,0,323,147,63,210,143,256,399,8,197,donnemartin/system-design-primer,2017-02-26 16:15:28,1867,0.0,0.0615961435,0.0,0.0010712373,0.1730048206,0.0,1
TheAlgorithms/Python,0,1,0,1,0,0,1,0,0,125028,125028,33349,2,TheAlgorithms/Python,836,0,2,0,2392,31,916,947,222,4730,4952,1,73,TheAlgorithms/Python,2016-07-16 09:44:01,2092,0.0,0.3996175908,0.0,0.0009560229,1.1434034417,0.0,1
jackfrued/Python-100-Days,1,0,0,0,1,0,0,0,0,112745,112745,43903,3,jackfrued/Python-100-Days,15,0,2,0,365,450,93,543,176,103,279,0,106,jackfrued/Python-100-Days,2018-03-01 16:05:52,1499,0.0,0.0100066711,0.0,0.0013342228,0.2434956638,0.0,0
tensorflow/models,1,1,0,1,0,1,1,1,0,72140,72140,45201,4,tensorflow/models,904,0,2,0,7814,1135,5669,6804,173,3410,3583,0,62,tensorflow/models,2016-02-05 01:15:20,2254,0.0,0.4010647737,0.0,0.0008873114,3.4667258208,0.0,1
nvbn/thefuck,1,1,0,1,0,1,1,0,0,64961,64961,3005,5,nvbn/thefuck,190,0,2,0,1624,194,434,628,55,557,612,10,392,nvbn/thefuck,2015-04-08 15:08:04,2557,0.0,0.0743058271,0.0,0.0007821666,0.6351192804,0.0,1
django/django,0,1,0,0,0,0,1,0,0,61021,61021,26066,6,django/django,2658,0,2,0,30560,0,0,0,155,15231,15386,0,14,django/django,2012-04-28 02:47:18,3632,0.0,0.7318281938,0.0,0.0005506608,8.4140969163,0.0,1
pallets/flask,0,1,0,1,0,1,1,1,0,57290,57290,14729,7,pallets/flask,774,600,16,18,4564,14,2257,2271,1,2096,2097,0,24,pallets/flask,2010-04-06 11:11:59,4385,0.1368301026,0.1765108324,0.0041049031,0.0036488027,1.0408209806,1.125,1
huggingface/transformers,0,1,0,1,0,1,1,0,0,55053,55053,13012,8,huggingface/transformers,1184,0,2,0,9159,352,8465,8817,117,7040,7157,0,451,huggingface/transformers,2018-10-29 13:56:00,1257,0.0,0.9419252188,0.0,0.0015910899,7.2863961814,0.0,1
keras-team/keras,0,1,0,1,1,0,1,1,0,53351,53351,18915,9,keras-team/keras,1055,0,2,0,6594,241,10899,11140,54,4969,5023,0,92,keras-team/keras,2015-03-28 00:35:42,2568,0.0,0.4108255452,0.0,0.0007788162,2.5677570093,0.0,1
httpie/httpie,0,1,0,1,0,1,1,1,0,52929,52929,3422,10,httpie/httpie,146,0,2,0,1670,94,646,740,2,483,485,0,33,httpie/httpie,2012-02-25 12:39:13,3695,0.0,0.0395128552,0.0,0.000541272,0.451962111,0.0,1
josephmisiti/awesome-machine-learning,1,1,0,1,0,1,1,0,1,52020,52020,12885,11,josephmisiti/awesome-machine-learning,561,0,2,0,1695,1,72,73,3,751,754,0,1001,josephmisiti/awesome-machine-learning,2014-07-15 19:11:19,2824,0.0,0.1986543909,0.0,0.0007082153,0.6002124646,0.0,1
521xueweihan/HelloGitHub,1,0,0,0,1,0,0,0,0,49222,49222,7115,12,521xueweihan/HelloGitHub,8,19,16,1,121,9,2042,2051,1,27,28,0,79,521xueweihan/HelloGitHub,2016-05-04 06:24:11,2165,0.0087759815,0.0036951501,0.0004618938,0.0073903002,0.0558891455,0.0625,0
scikit-learn/scikit-learn,0,1,0,1,0,1,1,0,0,48153,48153,22354,13,scikit-learn/scikit-learn,2569,647,26,4,28005,1665,7552,9217,768,12238,13006,1,154,scikit-learn/scikit-learn,2010-08-17 09:43:38,4252,0.1521636877,0.6041862653,0.0009407338,0.0061147695,6.5863123236,0.1538461538,1
home-assistant/core,0,1,0,0,0,0,0,0,0,47963,47963,16022,14,home-assistant/core,3136,0,2,0,47011,1320,26067,27387,391,39724,40115,0,26,home-assistant/core,2013-09-17 07:29:48,3125,0.0,1.00352,0.0,0.00064,15.04352,0.0,1
psf/requests,0,1,0,1,0,0,1,0,0,46506,46506,8562,15,psf/requests,723,180,2,4,6105,166,3376,3542,51,2188,2239,1,168,psf/requests,2011-02-13 18:38:17,4072,0.0442043222,0.1775540275,0.0009823183,0.0004911591,1.4992632613,2.0,1
soimort/you-get,0,1,0,1,0,1,1,1,0,42502,42502,8651,16,soimort/you-get,240,48978,30,120,2421,0,0,0,123,863,986,0,166,soimort/you-get,2012-08-20 15:53:36,3518,13.922114838,0.0682205799,0.0341102899,0.0085275725,0.6881750995,4.0,1
ageitgey/face_recognition,1,1,0,1,0,1,1,0,0,42375,42375,11797,17,ageitgey/face_recognition,47,455,2,1,219,649,558,1207,30,160,190,0,65,ageitgey/face_recognition,2017-03-03 21:52:39,1862,0.2443609023,0.0252416756,0.0005370569,0.0010741139,0.1176154672,0.5,1
scrapy/scrapy,0,1,0,1,0,1,1,1,0,42266,42266,9425,18,scrapy/scrapy,536,0,2,0,9113,501,2093,2594,274,2508,2782,5,42,scrapy/scrapy,2010-02-22 02:01:14,4428,0.0,0.1210478771,0.0,0.0004516712,2.0580397471,0.0,1
python/cpython,0,0,0,1,1,1,1,1,0,41581,41581,21056,19,python/cpython,1986,0,2,0,112571,0,0,0,1578,30063,31641,0,83,python/cpython,2017-02-10 19:23:51,1883,0.0,1.0546999469,0.0,0.0010621349,59.7827934148,0.0,1
deepfakes/faceswap,0,1,0,1,1,1,1,1,1,39731,39731,11369,20,deepfakes/faceswap,91,340466,3,4,1411,22,710,732,2,467,469,0,56,deepfakes/faceswap,2017-12-19 09:44:13,1571,216.7192870783,0.0579248886,0.0025461489,0.0019096117,0.898154042,1.3333333333,1
3b1b/manim,0,0,0,1,0,1,1,1,0,39457,39457,4482,21,3b1b/manim,163,38,8,6,4444,317,625,942,7,678,685,0,109,3b1b/manim,2015-03-22 18:50:58,2574,0.0147630148,0.0633255633,0.0023310023,0.0031080031,1.7264957265,0.75,1
tiangolo/fastapi,1,1,0,1,0,1,1,0,0,39025,39025,2890,22,tiangolo/fastapi,296,0,2,0,1980,952,1781,2733,487,1077,1564,0,63,tiangolo/fastapi,2018-12-08 08:21:47,1217,0.0,0.2432210353,0.0,0.0016433854,1.6269515201,0.0,1
localstack/localstack,1,1,0,1,1,1,1,1,0,37506,37506,2829,23,localstack/localstack,458,0,2,0,2970,348,3000,3348,21,2207,2228,0,325,localstack/localstack,2016-10-25 23:48:03,1991,0.0,0.2300351582,0.0,0.0010045203,1.4917127072,0.0,1
fighting41love/funNLP,1,0,0,0,0,0,0,0,0,35228,35228,10199,24,fighting41love/funNLP,10,0,2,0,124,16,29,45,5,13,18,0,94,fighting41love/funNLP,2018-08-21 11:20:39,1326,0.0,0.0075414781,0.0,0.0015082956,0.0935143288,0.0,0
0voice/interview_internal_reference,1,0,0,0,1,0,0,0,0,32907,32907,8917,26,0voice/interview_internal_reference,31,0,2,0,339,26,18,44,3,41,44,0,94,0voice/interview_internal_reference,2019-06-10 06:54:19,1033,0.0,0.0300096805,0.0,0.0019361084,0.3281703775,0.0,1
isocpp/CppCoreGuidelines,0,1,0,1,0,1,1,1,0,32481,32481,4391,27,isocpp/CppCoreGuidelines,330,0,2,0,2013,188,779,967,9,894,903,0,25,isocpp/CppCoreGuidelines,2015-08-19 20:22:52,2424,0.0,0.1361386139,0.0,0.0008250825,0.8304455446,0.0,1
swisskyrepo/PayloadsAllTheThings,0,0,0,0,0,0,1,0,0,32463,32463,8913,28,swisskyrepo/PayloadsAllTheThings,205,0,2,0,1352,0,0,0,9,389,398,0,56,swisskyrepo/PayloadsAllTheThings,2016-10-18 07:29:07,1998,0.0,0.1026026026,0.0,0.001001001,0.6766766767,0.0,1
apachecn/AiLearning,1,0,0,1,0,0,1,0,0,32180,32180,10612,29,apachecn/AiLearning,9,0,2,0,207,2,100,102,0,520,520,0,36,apachecn/AiLearning,2017-02-25 08:53:02,1868,0.0,0.0048179872,0.0,0.0010706638,0.1108137045,0.0,0
CorentinJ/Real-Time-Voice-Cloning,0,1,0,1,0,0,1,0,0,31514,31514,5774,30,CorentinJ/Real-Time-Voice-Cloning,18,0,2,0,294,38,817,855,0,109,109,0,89,CorentinJ/Real-Time-Voice-Cloning,2019-05-26 08:56:15,1048,0.0,0.0171755725,0.0,0.0019083969,0.2805343511,0.0,1
willmcgugan/rich,0,1,0,1,0,0,1,0,0,31336,31336,1016,31,willmcgugan/rich,168,0,2,0,2872,0,0,0,0,0,0,0,130,willmcgugan/rich,2019-11-10 15:28:09,880,0.0,0.1909090909,0.0,0.0022727273,3.2636363636,0.0,1
floodsung/Deep-Learning-Papers-Reading-Roadmap,1,1,0,1,1,1,1,0,0,30949,30949,6665,32,floodsung/Deep-Learning-Papers-Reading-Roadmap,30,0,2,0,114,43,4,47,40,47,87,1,75,floodsung/Deep-Learning-Papers-Reading-Roadmap,2016-10-14 11:49:48,2002,0.0,0.014985015,0.0,0.000999001,0.0569430569,0.0,1
XX-net/XX-Net,1,0,0,0,0,0,0,0,0,30940,30940,7812,33,XX-net/XX-Net,90,56039,30,66,2298,7773,5181,12954,1,452,453,1,300,XX-net/XX-Net,2015-01-15 09:35:51,2640,21.2268939394,0.0340909091,0.025,0.0113636364,0.8704545455,2.2,1
testerSunshine/12306,1,0,0,0,1,0,0,0,0,30328,30328,9427,34,testerSunshine/12306,33,0,2,0,435,209,465,674,61,80,141,3,100,testerSunshine/12306,2017-05-17 12:23:40,1787,0.0,0.018466704,0.0,0.0011191942,0.2434247342,0.0,1
iperov/DeepFaceLab,1,1,0,1,0,1,1,0,0,30110,30110,6771,35,iperov/DeepFaceLab,21,77086,2,2,1303,400,724,1124,0,106,106,0,281,iperov/DeepFaceLab,2018-06-04 13:10:00,1404,54.9045584046,0.014957265,0.0014245014,0.0014245014,0.9280626781,1.0,1
google-research/bert,1,1,0,1,1,1,1,0,0,29853,29853,8395,36,google-research/bert,32,0,2,0,111,752,343,1095,89,95,184,0,31,google-research/bert,2018-10-25 22:57:34,1261,0.0,0.0253766852,0.0,0.0015860428,0.0880253767,0.0,1
faif/python-patterns,1,1,0,1,0,0,1,1,0,29775,29775,6078,37,faif/python-patterns,127,0,2,0,806,11,65,76,0,304,304,2,45,faif/python-patterns,2012-06-06 21:02:35,3593,0.0,0.0353465071,0.0,0.0005566379,0.2243250765,0.0,1
getsentry/sentry,1,1,0,0,0,0,1,0,0,29579,29579,3289,38,getsentry/sentry,686,2100,30,45,41443,323,4548,4871,140,27108,27248,0,9,getsentry/sentry,2010-08-30 22:06:41,4239,0.4953998585,0.1618306204,0.0106157113,0.0070771408,9.7765982543,1.5,1
d2l-ai/d2l-zh,1,0,0,0,0,0,0,0,0,28447,28447,6702,39,d2l-ai/d2l-zh,235,11483,14,9,3922,0,0,0,16,1072,1088,0,156,d2l-ai/d2l-zh,2017-08-23 04:40:24,1689,6.7986974541,0.1391355832,0.0053285968,0.0082889284,2.3220840734,0.6428571429,1
sherlock-project/sherlock,0,1,0,1,0,1,1,1,0,28386,28386,3062,40,sherlock-project/sherlock,159,0,2,0,1633,74,516,590,64,537,601,1,187,sherlock-project/sherlock,2018-12-24 14:30:48,1201,0.0,0.1323896753,0.0,0.0016652789,1.3597002498,0.0,1
satwikkansal/wtfpython,1,1,0,1,1,1,1,1,0,27724,27724,2330,41,satwikkansal/wtfpython,71,0,2,0,485,45,112,157,15,103,118,16,310,satwikkansal/wtfpython,2017-08-28 20:22:19,1684,0.0,0.0421615202,0.0,0.0011876485,0.2880047506,0.0,1
chubin/cheat.sh,1,1,0,1,0,0,1,1,0,27713,27713,1385,42,chubin/cheat.sh,60,0,2,0,892,90,103,193,3,132,135,13,159,chubin/cheat.sh,2017-05-07 21:40:56,1797,0.0,0.0333889816,0.0,0.0011129661,0.4963828603,0.0,1
fxsjy/jieba,1,1,0,1,1,1,1,0,0,27457,27457,6425,43,fxsjy/jieba,51,0,2,0,523,584,209,793,49,108,157,0,114,fxsjy/jieba,2012-09-29 07:52:01,3478,0.0,0.0146635998,0.0,0.0005750431,0.150373778,0.0,1
openai/gym,0,1,0,1,1,0,1,0,0,25845,25845,7411,44,openai/gym,365,0,2,0,1533,99,1407,1506,11,1153,1164,0,27,openai/gym,2016-04-27 14:59:16,2172,0.0,0.1680478821,0.0,0.0009208103,0.705801105,0.0,1
gto76/python-cheatsheet,1,1,0,1,0,0,1,0,0,25771,25771,4785,45,gto76/python-cheatsheet,12,0,2,0,2188,5,35,40,28,47,75,0,1911,gto76/python-cheatsheet,2018-01-25 04:16:53,1534,0.0,0.0078226858,0.0,0.001303781,1.4263363755,0.0,0
mitmproxy/mitmproxy,0,1,0,1,0,0,1,1,0,25383,25383,3146,46,mitmproxy/mitmproxy,449,78338,30,110,9655,256,2509,2765,35,2218,2253,0,5,mitmproxy/mitmproxy,2010-02-16 04:10:13,4434,17.6675687866,0.101262968,0.0248082995,0.0067658999,2.1774921065,3.6666666667,1
facebookresearch/Detectron,0,1,0,1,0,1,1,1,0,24849,24849,5390,47,facebookresearch/Detectron,40,0,2,0,141,300,614,914,22,77,99,0,5,facebookresearch/Detectron,2017-10-05 17:32:00,1646,0.0,0.0243013366,0.0,0.0012150668,0.0856622114,0.0,1
hankcs/HanLP,1,0,0,1,1,1,1,0,0,24520,24520,6496,48,hankcs/HanLP,45,127997,30,29,1625,2,1316,1318,2,115,117,5,156,hankcs/HanLP,2014-10-09 06:36:16,2738,46.7483564646,0.0164353543,0.0105916728,0.0109569028,0.5934989043,0.9666666667,1
geekcomputers/Python,0,0,0,1,0,0,1,0,0,24273,24273,10527,49,geekcomputers/Python,678,0,2,0,2624,151,94,245,76,1115,1191,0,81,geekcomputers/Python,2011-11-30 09:04:08,3782,0.0,0.1792702274,0.0,0.0005288207,0.6938127975,0.0,1
donnemartin/interactive-coding-challenges,1,1,0,1,0,1,1,1,0,24219,24219,3936,50,donnemartin/interactive-coding-challenges,45,0,2,0,790,33,29,62,34,199,233,1,189,donnemartin/interactive-coding-challenges,2015-04-28 21:36:39,2537,0.0,0.0177374852,0.0,0.0007883327,0.3113914072,0.0,1
trailofbits/algo,0,1,0,1,0,1,1,0,0,24202,24202,1981,51,trailofbits/algo,173,0,2,0,1111,100,1372,1472,11,611,622,14,227,trailofbits/algo,2016-05-15 03:42:48,2154,0.0,0.0803156917,0.0,0.0009285051,0.5157845868,0.0,1
apache/airflow,1,1,0,1,1,0,1,1,0,23959,23959,9682,52,apache/airflow,2360,253897,30,174,15335,757,4298,5055,128,15563,15691,8,614,apache/airflow,2015-04-13 18:04:58,2552,99.4894200627,0.9247648903,0.0681818182,0.0117554859,6.0090125392,5.8,1
0xAX/linux-insides,1,1,0,1,0,1,1,1,0,23927,23927,2778,53,0xAX/linux-insides,325,0,2,0,1830,41,132,173,11,595,606,0,51,0xAX/linux-insides,2015-01-03 18:44:57,2652,0.0,0.1225490196,0.0,0.0007541478,0.6900452489,0.0,1
psf/black,0,1,0,1,1,1,1,1,0,23815,23815,1534,54,psf/black,319,19370,19,42,1285,297,1557,1854,20,1017,1037,10,380,psf/black,2018-03-14 19:54:45,1486,13.0349932705,0.2146702557,0.0282637954,0.0127860027,0.8647375505,2.2105263158,1
pypa/pipenv,1,1,0,1,0,0,1,0,0,22497,22497,1689,55,pypa/pipenv,435,0,2,0,7305,494,3083,3577,32,1331,1363,1,40,pypa/pipenv,2017-01-20 00:44:02,1904,0.0,0.2284663866,0.0,0.0010504202,3.8366596639,0.0,1
yunjey/pytorch-tutorial,1,1,0,1,0,0,1,0,0,22329,22329,6891,56,yunjey/pytorch-tutorial,29,0,2,0,173,62,112,174,22,41,63,0,36,yunjey/pytorch-tutorial,2017-03-10 07:41:47,1855,0.0,0.0156334232,0.0,0.0010781671,0.0932614555,0.0,1
encode/django-rest-framework,1,1,0,1,0,0,1,0,0,22311,22311,5963,57,encode/django-rest-framework,1271,0,2,0,8510,113,3609,3722,124,4154,4278,4,197,encode/django-rest-framework,2011-03-02 17:13:56,4055,0.0,0.3134401973,0.0,0.0004932182,2.0986436498,0.0,1
littlecodersh/ItChat,1,1,0,1,0,0,0,0,0,21903,21903,5181,58,littlecodersh/ItChat,18,428,13,10,188,233,607,840,14,90,104,0,60,littlecodersh/ItChat,2016-01-19 07:49:48,2271,0.1884632321,0.0079260238,0.0044033465,0.0057243505,0.082782915,0.7692307692,0
donnemartin/data-science-ipython-notebooks,1,1,0,1,0,1,1,1,0,21900,21900,6833,59,donnemartin/data-science-ipython-notebooks,13,0,2,0,543,10,21,31,12,41,53,1,187,donnemartin/data-science-ipython-notebooks,2015-01-23 19:38:29,2632,0.0,0.0049392097,0.0,0.0007598784,0.2063069909,0.0,0
explosion/spaCy,0,1,0,1,0,0,1,0,0,21873,21873,3644,60,explosion/spaCy,682,0,2,0,15339,79,4969,5048,20,2953,2973,8,111,explosion/spaCy,2014-07-03 15:15:40,2836,0.0,0.2404795487,0.0,0.0007052186,5.408674189,0.0,1
matterport/Mask_RCNN,1,1,0,1,0,0,1,1,0,20993,20993,10314,61,matterport/Mask_RCNN,48,1031184,3,4,203,1720,802,2522,109,148,257,1,24,matterport/Mask_RCNN,2017-10-19 20:28:34,1632,631.8529411765,0.0294117647,0.0024509804,0.0018382353,0.1243872549,1.3333333333,1
beurtschipper/Depix,0,1,0,1,0,0,1,0,0,20851,20851,2470,62,beurtschipper/Depix,10,0,2,0,38,0,0,0,2,22,24,0,19,beurtschipper/Depix,2020-12-06 12:39:08,488,0.0,0.0204918033,0.0,0.0040983607,0.0778688525,0.0,1
eriklindernoren/ML-From-Scratch,1,1,0,1,1,0,1,0,0,20594,20594,4061,63,eriklindernoren/ML-From-Scratch,10,0,2,0,374,28,36,64,17,14,31,0,153,eriklindernoren/ML-From-Scratch,2017-02-05 12:11:23,1888,0.0,0.0052966102,0.0,0.001059322,0.1980932203,0.0,0
tornadoweb/tornado,0,1,0,0,0,1,1,0,0,20296,20296,5425,64,tornadoweb/tornado,435,0,2,0,4395,202,1507,1709,32,1360,1392,0,20,tornadoweb/tornado,2009-09-09 04:55:16,4594,0.0,0.0946887244,0.0,0.0004353505,0.9566826295,0.0,1
tqdm/tqdm,1,1,0,1,1,1,1,1,0,20215,20215,1050,65,tqdm/tqdm,115,1023,30,60,1906,274,544,818,69,390,459,18,294,tqdm/tqdm,2015-06-03 13:13:14,2501,0.4090363854,0.0459816074,0.0239904038,0.0119952019,0.7620951619,2.0,1
keon/algorithms,0,1,0,1,0,1,1,1,0,20075,20075,4128,66,keon/algorithms,189,0,2,0,940,60,94,154,140,560,700,6,221,keon/algorithms,2016-11-17 22:32:08,1968,0.0,0.0960365854,0.0,0.0010162602,0.4776422764,0.0,1
getredash/redash,0,1,0,1,0,1,1,1,0,20049,20049,3516,67,getredash/redash,428,8522,30,4,7275,472,1715,2187,224,3295,3519,0,72,getredash/redash,2013-10-28 13:19:39,3084,2.7632944228,0.1387808042,0.0012970169,0.0097276265,2.3589494163,0.1333333333,1
wangzheng0822/algo,1,0,0,0,1,0,0,0,0,20030,20030,6430,68,wangzheng0822/algo,147,0,2,0,1065,97,21,118,46,354,400,0,36,wangzheng0822/algo,2018-09-24 05:33:46,1292,0.0,0.1137770898,0.0,0.0015479876,0.8243034056,0.0,1
bregman-arie/devops-exercises,1,1,0,1,1,1,1,1,1,19648,19648,3962,69,bregman-arie/devops-exercises,84,0,2,0,571,12,36,48,5,152,157,0,472,bregman-arie/devops-exercises,2019-10-03 17:31:21,918,0.0,0.091503268,0.0,0.0021786492,0.6220043573,0.0,1
nicolargo/glances,1,1,0,1,0,1,1,1,0,19572,19572,1262,70,nicolargo/glances,168,182,27,11,4242,218,1238,1456,0,510,510,9,191,nicolargo/glances,2011-12-04 08:49:15,3778,0.0481736368,0.0444679725,0.0029115934,0.0071466384,1.1228163049,0.4074074074,1
sebastianruder/NLP-progress,1,1,0,1,0,1,1,1,0,19453,19453,3325,71,sebastianruder/NLP-progress,300,0,2,0,776,30,65,95,5,500,505,0,92,sebastianruder/NLP-progress,2018-06-22 17:43:55,1386,0.0,0.2164502165,0.0,0.0014430014,0.5598845599,0.0,1
ultralytics/yolov5,1,1,0,1,1,1,1,1,0,19331,19331,6752,72,ultralytics/yolov5,220,68120,8,101,1836,219,4694,4913,27,1405,1432,2,127,ultralytics/yolov5,2020-05-18 03:45:11,690,98.7246376812,0.3188405797,0.1463768116,0.0115942029,2.6608695652,12.625,1
StevenBlack/hosts,1,1,0,1,0,1,1,1,0,19272,19272,1708,73,StevenBlack/hosts,135,0,2,0,2893,37,1311,1348,0,523,523,1,837,StevenBlack/hosts,2012-04-12 20:22:50,3648,0.0,0.0370065789,0.0,0.0005482456,0.7930372807,0.0,1
facebookresearch/detectron2,0,0,0,1,0,1,0,0,0,19090,19090,5110,74,facebookresearch/detectron2,210,0,2,0,1339,147,2721,2868,22,422,444,1,13,facebookresearch/detectron2,2019-09-05 21:30:20,946,0.0,0.221987315,0.0,0.0021141649,1.4154334038,0.0,1
drduh/macOS-Security-and-Privacy-Guide,1,1,0,1,0,0,1,0,0,18611,18611,1338,75,drduh/macOS-Security-and-Privacy-Guide,91,0,2,0,571,16,224,240,2,149,151,22,349,drduh/macOS-Security-and-Privacy-Guide,2015-08-31 03:36:35,2412,0.0,0.0377280265,0.0,0.0008291874,0.2367330017,0.0,1
microsoft/cascadia-code,0,1,0,1,0,1,1,1,0,18548,18548,617,76,microsoft/cascadia-code,18,891765,17,23,195,69,447,516,2,88,90,4,36,microsoft/cascadia-code,2019-07-10 22:50:20,1003,889.0977068794,0.0179461615,0.0229312064,0.0169491525,0.1944167498,1.3529411765,1
ray-project/ray,0,1,0,1,0,0,1,0,0,18390,18390,3088,77,ray-project/ray,672,0,2,0,11586,1984,7331,9315,419,12971,13390,0,91,ray-project/ray,2016-10-25 19:38:30,1991,0.0,0.3375188348,0.0,0.0010045203,5.8191863385,0.0,1
celery/celery,1,1,0,1,1,1,1,1,1,18300,18300,4152,78,celery/celery,1179,0,2,0,11844,471,4162,4633,57,2442,2499,2,414,celery/celery,2009-04-24 11:31:24,4732,0.0,0.2491546915,0.0,0.0004226543,2.5029585799,0.0,1
deezer/spleeter,0,1,0,1,0,1,1,1,0,18052,18052,1915,79,deezer/spleeter,22,9339,2,7,477,120,525,645,6,77,83,0,51,deezer/spleeter,2019-09-26 15:40:46,925,10.0962162162,0.0237837838,0.0075675676,0.0021621622,0.5156756757,3.5,1
PaddlePaddle/PaddleOCR,1,1,0,1,0,1,1,1,0,17764,17764,3594,80,PaddlePaddle/PaddleOCR,109,0,2,0,3954,928,3078,4006,80,1589,1669,0,266,PaddlePaddle/PaddleOCR,2020-05-08 10:38:16,700,0.0,0.1557142857,0.0,0.0028571429,5.6485714286,0.0,1
jumpserver/jumpserver,1,1,0,0,0,1,0,1,0,17488,17488,4431,81,jumpserver/jumpserver,138,2348,30,90,6935,161,3909,4070,10,3635,3645,0,112,jumpserver/jumpserver,2014-07-04 03:54:59,2835,0.8282186949,0.0486772487,0.0317460317,0.0105820106,2.4462081129,3.0,1
open-mmlab/mmdetection,0,1,0,1,1,1,1,1,0,17455,17455,6235,82,open-mmlab/mmdetection,338,0,2,0,1962,458,4825,5283,57,1968,2025,0,152,open-mmlab/mmdetection,2018-08-22 07:06:06,1325,0.0,0.2550943396,0.0,0.001509434,1.480754717,0.0,1
pytorch/examples,0,0,0,1,0,0,0,0,0,17428,17428,8123,83,pytorch/examples,205,0,2,0,587,134,381,515,33,415,448,0,22,pytorch/examples,2016-08-24 03:12:48,2053,0.0,0.0998538724,0.0,0.0009741841,0.2859230395,0.0,1
python-poetry/poetry,0,1,0,1,1,0,1,0,0,17367,17367,1439,84,python-poetry/poetry,347,243680,30,258,2059,1117,2452,3569,167,1323,1490,16,84,python-poetry/poetry,2018-02-28 15:23:47,1500,162.4533333333,0.2313333333,0.172,0.02,1.3726666667,8.6,1
PaddlePaddle/Paddle,1,0,0,1,1,1,1,0,0,17126,17126,4160,85,PaddlePaddle/Paddle,734,0,2,0,34417,2045,12235,14280,807,25197,26004,1,95,PaddlePaddle/Paddle,2016-08-15 06:59:08,2062,0.0,0.3559650824,0.0,0.0009699321,16.6910766246,0.0,1
luong-komorebi/Awesome-Linux-Software,1,1,0,1,0,1,1,1,0,16856,16856,1719,86,luong-komorebi/Awesome-Linux-Software,255,0,2,0,1332,13,100,113,13,412,425,4,926,luong-komorebi/Awesome-Linux-Software,2016-08-06 13:16:29,2071,0.0,0.1231289232,0.0,0.000965717,0.6431675519,0.0,1
streamlit/streamlit,0,1,0,1,0,1,1,0,0,16753,16753,1499,87,streamlit/streamlit,151,0,2,0,4619,545,1735,2280,7,2123,2130,3,77,streamlit/streamlit,2019-08-24 00:14:52,958,0.0,0.1576200418,0.0,0.0020876827,4.8215031315,0.0,1
PyTorchLightning/pytorch-lightning,1,1,0,1,1,1,1,0,0,16446,16446,2018,88,PyTorchLightning/pytorch-lightning,665,370,30,60,6646,404,4244,4648,145,5673,5818,0,542,PyTorchLightning/pytorch-lightning,2019-03-31 00:45:57,1104,0.3351449275,0.6023550725,0.0543478261,0.027173913,6.0199275362,2.0,1
toml-lang/toml,0,1,0,1,0,0,1,1,0,16261,16261,774,89,toml-lang/toml,192,0,2,0,803,23,422,445,10,409,419,7,482,toml-lang/toml,2013-02-24 03:03:57,3330,0.0,0.0576576577,0.0,0.0006006006,0.2411411411,0.0,1
chubin/wttr.in,0,0,0,1,0,0,0,0,0,16250,16250,791,90,chubin/wttr.in,160,0,2,0,1164,177,276,453,4,245,249,18,99,chubin/wttr.in,2015-12-26 21:03:43,2295,0.0,0.0697167756,0.0,0.0008714597,0.5071895425,0.0,1
reddit-archive/reddit,0,0,0,1,0,0,1,0,0,15903,15903,2885,91,reddit-archive/reddit,234,0,2,0,7956,0,0,0,0,859,859,0,7,reddit-archive/reddit,2008-06-18 23:30:53,5042,0.0,0.0464101547,0.0,0.000396668,1.5779452598,0.0,1
charlax/professional-programming,1,1,0,1,0,0,1,1,0,15899,15899,1440,92,charlax/professional-programming,25,0,2,0,303,0,9,9,1,31,32,0,238,charlax/professional-programming,2015-11-07 05:07:52,2344,0.0,0.010665529,0.0,0.0008532423,0.1292662116,0.0,0
bokeh/bokeh,1,1,0,1,0,1,1,0,0,15789,15789,3836,93,bokeh/bokeh,619,0,2,0,19507,667,6174,6841,22,5082,5104,3,145,bokeh/bokeh,2012-03-26 15:40:01,3665,0.0,0.1688949523,0.0,0.0005457026,5.3225102319,0.0,1
cookiecutter/cookiecutter,0,1,0,1,0,1,1,0,0,15775,15775,1554,94,cookiecutter/cookiecutter,272,0,2,0,2759,188,505,693,64,873,937,1,27,cookiecutter/cookiecutter,2013-07-14 18:31:22,3190,0.0,0.0852664577,0.0,0.0006269592,0.8648902821,0.0,1
sanic-org/sanic,0,1,0,1,1,1,1,1,0,15621,15621,1395,95,sanic-org/sanic,344,0,2,0,2632,41,1081,1122,12,1271,1283,2,69,sanic-org/sanic,2016-05-26 04:38:22,2143,0.0,0.1605226318,0.0,0.0009332711,1.2281847877,0.0,1
mingrammer/diagrams,0,1,0,1,0,1,1,1,0,15620,15620,884,96,mingrammer/diagrams,106,0,2,0,446,180,144,324,63,273,336,4,66,mingrammer/diagrams,2020-02-02 15:23:24,796,0.0,0.1331658291,0.0,0.0025125628,0.5603015075,0.0,1
plotly/dash,1,1,0,1,0,0,0,0,0,15511,15511,1599,97,plotly/dash,132,0,2,0,5721,557,634,1191,37,648,685,0,29,plotly/dash,2015-04-10 01:53:08,2555,0.0,0.0516634051,0.0,0.0007827789,2.2391389432,0.0,1
nginx-proxy/nginx-proxy,0,0,0,1,1,0,1,0,0,15492,15492,2694,98,nginx-proxy/nginx-proxy,135,0,2,0,852,495,746,1241,60,434,494,3,219,nginx-proxy/nginx-proxy,2014-05-05 17:01:40,2895,0.0,0.0466321244,0.0,0.0006908463,0.2943005181,0.0,1
google/jax,0,1,0,1,0,0,1,0,0,15229,15229,1412,99,google/jax,416,0,2,0,10741,820,2127,2947,179,5743,5922,2,218,google/jax,2018-10-25 21:25:02,1261,0.0,0.3298969072,0.0,0.0015860428,8.5178429818,0.0,1
unifi-hackers/unifi-lab,1,1,0,1,0,0,1,0,0,99,99,35,198,unifi-hackers/unifi-lab,6,0,2,0,60,8,4,12,0,8,8,0,6,unifi-hackers/unifi-lab,2012-10-16 18:46:50,3461,0.0,0.001733603,0.0,0.0005778677,0.01733603,0.0,0
chaordic/tiopatinhas,1,1,0,1,0,1,0,0,0,98,98,24,197,chaordic/tiopatinhas,10,0,2,0,103,0,2,2,1,11,12,0,24,chaordic/tiopatinhas,2012-08-21 13:10:14,3517,0.0,0.0028433324,0.0,0.0005686665,0.0292863236,0.0,0
riptano/cassandra-dtest-deprecated,0,0,0,1,0,0,1,0,0,96,96,87,195,riptano/cassandra-dtest-deprecated,93,0,2,0,5004,28,85,113,8,1375,1383,0,10,riptano/cassandra-dtest-deprecated,2011-10-30 11:15:44,3813,0.0,0.0243902439,0.0,0.0005245214,1.3123524784,0.0,1
nicolehe/grow_slow,0,1,0,1,0,0,1,0,0,95,95,9,194,nicolehe/grow_slow,2,0,2,0,27,2,0,2,0,1,1,0,22,nicolehe/grow_slow,2016-06-19 22:31:11,2119,0.0,0.0009438414,0.0,0.0009438414,0.0127418594,0.0,0
ZFTurbo/KAGGLE_DISTRACTED_DRIVER,0,0,0,0,1,0,0,0,0,94,94,54,193,ZFTurbo/KAGGLE_DISTRACTED_DRIVER,2,0,2,0,19,5,0,5,0,1,1,0,8,ZFTurbo/KAGGLE_DISTRACTED_DRIVER,2016-04-06 10:45:46,2193,0.0,0.0009119927,0.0,0.0009119927,0.0086639307,0.0,0
jinhang/12306_captcha,1,0,0,0,1,0,0,0,0,93,93,48,192,jinhang/12306_captcha,1,0,2,0,2,1,2,3,0,0,0,0,2,jinhang/12306_captcha,2015-12-08 10:48:53,2313,0.0,0.000432339,0.0,0.0008646779,0.0008646779,0.0,0
erik/alexandra,0,0,0,1,0,0,0,0,0,92,92,11,191,erik/alexandra,5,0,2,0,123,0,3,3,2,14,16,0,5,erik/alexandra,2015-11-16 05:49:51,2335,0.0,0.0021413276,0.0,0.000856531,0.0526766595,0.0,0
mitsuse/autocomplete-swift,1,1,0,1,1,1,1,0,0,91,91,5,190,mitsuse/autocomplete-swift,2,0,2,0,190,0,9,9,0,4,4,0,60,mitsuse/autocomplete-swift,2016-02-11 06:16:54,2248,0.0,0.0008896797,0.0,0.0008896797,0.084519573,0.0,0
Sentimentron/Dracula,0,1,0,1,1,1,1,0,0,90,90,19,189,Sentimentron/Dracula,1,0,2,0,129,1,0,1,0,0,0,0,7,Sentimentron/Dracula,2015-06-27 23:00:29,2477,0.0,0.0004037142,0.0,0.0008074283,0.052079128,0.0,0
uber/charlatan,0,1,0,1,0,1,1,0,0,89,89,13,188,uber/charlatan,27,0,2,0,261,8,3,11,0,52,52,0,16,uber/charlatan,2013-02-06 01:51:33,3348,0.0,0.0080645161,0.0,0.0005973716,0.0779569892,0.0,0
jeroennijhof/LoRaWAN,0,0,0,1,1,0,0,0,0,88,88,73,187,jeroennijhof/LoRaWAN,1,0,2,0,16,4,4,8,1,0,1,0,10,jeroennijhof/LoRaWAN,2016-06-21 12:44:59,2117,0.0,0.0004723666,0.0,0.0009447331,0.0075578649,0.0,0
charleshberlin/O-RLY-Book-Generator,0,1,0,0,0,0,1,0,0,86,86,16,185,charleshberlin/O-RLY-Book-Generator,2,0,2,0,2,3,1,4,0,0,0,0,1,charleshberlin/O-RLY-Book-Generator,2016-04-22 19:01:18,2177,0.0,0.0009186955,0.0,0.0009186955,0.0009186955,0.0,0
dashayushman/TAC-GAN,0,1,0,1,0,0,0,0,0,85,85,31,184,dashayushman/TAC-GAN,2,0,2,0,69,11,3,14,0,2,2,0,11,dashayushman/TAC-GAN,2017-05-24 08:48:37,1780,0.0,0.0011235955,0.0,0.0011235955,0.0387640449,0.0,0
mattdreimer/AutonomousGrainCart,0,0,0,1,0,0,0,0,0,84,84,27,183,mattdreimer/AutonomousGrainCart,3,0,2,0,42,0,4,4,0,6,6,0,8,mattdreimer/AutonomousGrainCart,2015-11-04 15:35:01,2347,0.0,0.0012782275,0.0,0.0008521517,0.0178951853,0.0,0
smxlabs/gibbersense,0,1,0,1,0,0,0,0,0,83,83,17,172,smxlabs/gibbersense,1,0,2,0,4,0,0,0,0,0,0,0,3,smxlabs/gibbersense,2017-05-11 12:56:02,1793,0.0,0.0005577245,0.0,0.001115449,0.0022308979,0.0,0
timsutton/aamporter,1,1,0,1,0,1,1,0,0,82,82,13,171,timsutton/aamporter,7,0,2,0,88,5,15,20,0,10,10,0,22,timsutton/aamporter,2012-10-10 20:47:52,3467,0.0,0.0020190366,0.0,0.0005768676,0.0253821748,0.0,0
ryanmcdermott/birdseed,0,1,0,1,0,1,0,1,0,81,81,4,170,ryanmcdermott/birdseed,4,0,2,0,22,0,0,0,0,5,5,0,4,ryanmcdermott/birdseed,2015-11-01 23:45:05,2350,0.0,0.0017021277,0.0,0.0008510638,0.0093617021,0.0,0
yhlleo/cifar10Dataset,0,0,0,1,0,0,0,0,0,80,80,41,169,yhlleo/cifar10Dataset,2,0,2,0,13,2,4,6,0,0,0,0,3,yhlleo/cifar10Dataset,2017-05-07 10:59:50,1797,0.0,0.0011129661,0.0,0.0011129661,0.0072342794,0.0,0
pathak22/seg-by-interaction,0,1,0,1,0,0,0,0,0,79,79,4,168,pathak22/seg-by-interaction,1,0,2,0,2,1,0,1,0,0,0,0,2,pathak22/seg-by-interaction,2018-06-21 16:05:58,1387,0.0,0.0007209805,0.0,0.0014419611,0.0014419611,0.0,0
Tachone/zhihu_spider,1,0,0,0,0,0,0,0,0,78,78,49,167,Tachone/zhihu_spider,1,0,2,0,14,0,2,2,0,1,1,0,6,Tachone/zhihu_spider,2016-05-04 15:01:05,2165,0.0,0.0004618938,0.0,0.0009237875,0.0064665127,0.0,0
zxsecurity/gpsnitch,0,1,0,1,0,0,0,0,0,77,77,18,166,zxsecurity/gpsnitch,2,0,2,0,5,0,0,0,0,0,0,0,4,zxsecurity/gpsnitch,2016-07-07 04:03:43,2101,0.0,0.0009519277,0.0,0.0009519277,0.0023798191,0.0,0
sklam/py2nb,0,1,0,1,0,0,1,0,0,76,76,32,165,sklam/py2nb,2,0,2,0,12,5,1,6,1,2,3,0,4,sklam/py2nb,2015-06-05 15:24:23,2499,0.0,0.0008003201,0.0,0.0008003201,0.0048019208,0.0,0
mattermost/mattermost-integration-gitlab,0,1,0,1,0,0,1,0,0,75,75,92,164,mattermost/mattermost-integration-gitlab,8,0,2,0,65,3,3,6,0,12,12,0,42,mattermost/mattermost-integration-gitlab,2015-10-13 17:49:47,2369,0.0,0.0033769523,0.0,0.0008442381,0.0274377374,0.0,0
peterpakos/checkipaconsistency,0,0,0,1,0,0,1,0,1,74,74,27,163,peterpakos/checkipaconsistency,5,0,2,0,39,7,46,53,3,21,24,10,19,peterpakos/checkipaconsistency,2016-02-02 17:16:35,2257,0.0,0.0022153301,0.0,0.000886132,0.0172795747,0.0,0
jpush/jbox,1,1,0,1,0,1,1,0,0,73,73,25,182,jpush/jbox,10,0,2,0,435,0,2,2,0,1,1,0,20,jpush/jbox,2016-07-19 08:45:19,2089,0.0,0.0047869794,0.0,0.0009573959,0.2082336046,0.0,0
galal-hussein/Rancher-Ansible,0,0,0,1,0,0,0,0,0,72,72,30,181,galal-hussein/Rancher-Ansible,2,0,2,0,13,4,3,7,0,0,0,0,5,galal-hussein/Rancher-Ansible,2015-09-30 19:33:23,2382,0.0,0.0008396306,0.0,0.0008396306,0.0054575987,0.0,0
robbwagoner/aws-lambda-sns-to-slack,1,1,0,1,0,0,0,0,0,71,71,31,180,robbwagoner/aws-lambda-sns-to-slack,5,0,2,0,14,1,1,2,1,6,7,0,4,robbwagoner/aws-lambda-sns-to-slack,2015-11-13 18:48:38,2338,0.0,0.00213858,0.0,0.000855432,0.005988024,0.0,0
ksoona/attackvector,1,1,0,1,0,1,1,0,0,70,70,33,179,ksoona/attackvector,0,0,2,0,0,0,0,0,0,0,0,0,0,ksoona/attackvector,2013-06-08 07:43:43,3226,0.0,0.001,0.0,0.0006199628,0.0,0.0,0
summarization/semantic_summ,0,0,1,0,0,0,0,0,0,69,69,28,178,summarization/semantic_summ,2,0,2,0,6,2,1,3,0,0,0,0,5,summarization/semantic_summ,2015-03-25 23:24:37,2571,0.0,0.0007779074,0.0,0.0007779074,0.0023337223,0.0,0
az0ne/python_backdoor,1,1,0,0,0,0,0,0,0,68,68,41,177,az0ne/python_backdoor,1,0,2,0,8,1,0,1,0,0,0,0,5,az0ne/python_backdoor,2015-11-19 06:47:13,2332,0.0,0.0004288165,0.0,0.0008576329,0.0034305317,0.0,0
codeinn/vcs,0,1,0,0,0,0,1,0,0,67,67,19,176,codeinn/vcs,12,0,2,0,694,21,90,111,2,18,20,1,9,codeinn/vcs,2011-01-21 08:42:06,4095,0.0,0.0029304029,0.0,0.0004884005,0.1694749695,0.0,0
jamespacileo/django-smartagent,1,1,0,1,0,0,1,0,0,66,66,5,175,jamespacileo/django-smartagent,2,0,2,0,69,5,2,7,2,2,4,0,1,jamespacileo/django-smartagent,2011-02-09 14:17:29,4076,0.0,0.0004906771,0.0,0.0004906771,0.0169283611,0.0,0
c01db33f/concolica,0,1,0,1,0,0,0,0,0,65,65,17,174,c01db33f/concolica,2,0,2,0,22,0,0,0,0,0,0,0,4,c01db33f/concolica,2014-09-18 10:16:49,2759,0.0,0.0007249003,0.0,0.0007249003,0.0079739036,0.0,0
peeringdb/peeringdb-py,1,0,0,1,0,0,1,0,0,64,64,21,173,peeringdb/peeringdb-py,10,0,2,0,148,0,0,0,0,0,0,0,8,peeringdb/peeringdb-py,2015-10-20 13:10:14,2362,0.0,0.0042337003,0.0,0.0008467401,0.0626587638,0.0,0
szad670401/OCR_CharGen,1,0,0,0,1,0,0,0,0,63,63,50,162,szad670401/OCR_CharGen,1,0,2,0,7,0,0,0,0,0,0,0,6,szad670401/OCR_CharGen,2016-07-08 17:20:06,2100,0.0,0.0004761905,0.0,0.000952381,0.0033333333,0.0,0
dabeaz/me-al,1,0,0,1,0,1,0,0,0,62,62,6,161,dabeaz/me-al,1,0,2,0,10,0,0,0,2,0,2,0,7,dabeaz/me-al,2015-03-30 00:12:16,2566,0.0,0.0003897116,0.0,0.0007794232,0.0038971161,0.0,0
vektorlab/slacksocket,0,1,0,1,0,0,1,0,0,61,61,11,160,vektorlab/slacksocket,10,0,2,0,177,0,0,0,0,0,0,0,19,vektorlab/slacksocket,2015-02-19 22:09:42,2605,0.0,0.0038387716,0.0,0.0007677543,0.0679462572,0.0,0
iandees/speedtrack,0,1,0,1,0,0,0,0,0,60,60,19,159,iandees/speedtrack,1,0,2,0,5,0,0,0,0,0,0,0,3,iandees/speedtrack,2016-05-28 21:54:22,2141,0.0,0.0004670715,0.0,0.0009341429,0.0023353573,0.0,0
mattmakai/callbot,0,1,0,0,0,0,1,0,0,59,59,3,158,mattmakai/callbot,2,0,2,0,10,0,0,0,0,0,0,0,6,mattmakai/callbot,2016-05-20 21:42:46,2149,0.0,0.0009306654,0.0,0.0009306654,0.0046533271,0.0,0
0xadada/dockdj,0,1,0,1,0,1,0,0,0,58,58,9,157,0xadada/dockdj,4,0,2,0,39,0,0,0,0,1,1,0,13,0xadada/dockdj,2015-09-28 13:58:50,2384,0.0,0.0016778523,0.0,0.0008389262,0.0163590604,0.0,0
ryhanson/keyslack,0,1,0,1,0,0,0,0,0,57,57,11,156,ryhanson/keyslack,3,0,2,0,10,0,0,0,0,1,1,0,4,ryhanson/keyslack,2015-09-25 02:44:01,2387,0.0,0.0012568077,0.0,0.0008378718,0.004189359,0.0,0
char0n/django-profiler,0,1,0,1,0,1,1,0,0,56,56,11,155,char0n/django-profiler,4,0,2,0,53,5,4,9,1,3,4,0,12,char0n/django-profiler,2011-11-04 16:55:17,3808,0.0,0.0010504202,0.0,0.0005252101,0.0139180672,0.0,0
pevma/rule2alert,0,0,0,1,1,0,0,0,0,55,55,17,154,pevma/rule2alert,1,0,2,0,18,3,1,4,0,0,0,0,5,pevma/rule2alert,2013-10-01 13:44:14,3111,0.0,0.0003214401,0.0,0.0006428801,0.0057859209,0.0,0
AmirAzodi/cloudflare_ddns,0,1,0,1,0,0,1,0,0,54,54,26,153,AmirAzodi/cloudflare_ddns,2,0,2,0,13,5,3,8,1,0,1,0,5,AmirAzodi/cloudflare_ddns,2015-09-13 10:09:28,2399,0.0,0.0008336807,0.0,0.0008336807,0.0054189246,0.0,0
lonetwin/expyre,0,1,0,1,1,0,0,0,0,53,53,2,152,lonetwin/expyre,2,0,2,0,20,0,0,0,0,2,2,0,5,lonetwin/expyre,2016-05-14 14:56:07,2155,0.0,0.0009280742,0.0,0.0009280742,0.0092807425,0.0,0
mbeissinger/intro_deep,0,1,0,1,0,0,0,0,0,52,52,27,151,mbeissinger/intro_deep,4,0,2,0,11,1,0,1,1,0,1,0,4,mbeissinger/intro_deep,2015-05-28 03:30:58,2507,0.0,0.0015955325,0.0,0.0007977663,0.0043877144,0.0,0
ssaamm/sign-language-tutor,0,1,0,1,0,0,0,0,0,51,51,20,150,ssaamm/sign-language-tutor,2,0,2,0,59,1,4,5,1,1,2,0,6,ssaamm/sign-language-tutor,2015-10-10 00:59:33,2372,0.0,0.0008431703,0.0,0.0008431703,0.0248735245,0.0,0
metaflow-ai/neural_style,0,0,0,1,0,1,0,0,0,50,50,8,149,metaflow-ai/neural_style,3,0,2,0,150,2,0,2,0,0,0,0,10,metaflow-ai/neural_style,2016-04-26 15:08:37,2173,0.0,0.0013805798,0.0,0.0009203866,0.0690289922,0.0,0
KeizerDev/steeb,0,1,0,1,0,0,0,0,0,49,49,6,148,KeizerDev/steeb,3,0,2,0,41,9,0,9,0,3,3,0,19,KeizerDev/steeb,2015-10-01 07:18:14,2381,0.0,0.0012599748,0.0,0.0008399832,0.0172196556,0.0,0
typesupply/feaPyFoFum,1,1,0,1,0,0,1,0,1,48,48,6,147,typesupply/feaPyFoFum,6,0,2,0,30,4,4,8,0,4,4,2,8,typesupply/feaPyFoFum,2015-12-31 02:19:03,2290,0.0,0.0026200873,0.0,0.0008733624,0.0131004367,0.0,0
inveniosoftware/flask-celeryext,1,1,0,1,0,0,1,0,0,47,47,20,146,inveniosoftware/flask-celeryext,13,0,2,0,40,4,17,21,0,27,27,1,6,inveniosoftware/flask-celeryext,2015-08-17 14:39:57,2426,0.0,0.005358615,0.0,0.0008244023,0.0164880462,0.0,0
divio/aldryn-search,0,1,0,1,0,1,0,1,0,46,46,65,145,divio/aldryn-search,33,0,2,0,255,22,33,55,2,55,57,0,15,divio/aldryn-search,2013-07-10 07:59:42,3194,0.0,0.0103318723,0.0,0.0006261741,0.0798371947,0.0,0
dufferzafar/pocketmon,0,0,0,1,0,0,0,0,1,44,44,6,143,dufferzafar/pocketmon,2,0,2,0,11,1,1,2,0,2,2,1,4,dufferzafar/pocketmon,2015-08-11 17:55:44,2432,0.0,0.0008223684,0.0,0.0008223684,0.0045230263,0.0,0
xinqiu/kechenggezi-Spider,1,0,0,0,0,0,0,0,0,43,43,30,142,xinqiu/kechenggezi-Spider,2,0,2,0,11,0,2,2,0,1,1,0,5,xinqiu/kechenggezi-Spider,2016-02-12 10:27:32,2247,0.0,0.0008900757,0.0,0.0008900757,0.0048954161,0.0,0
apple2373/chainer-simple-fast-rnn,0,1,0,1,0,0,1,0,0,42,42,23,141,apple2373/chainer-simple-fast-rnn,2,0,2,0,8,2,4,6,0,0,0,0,8,apple2373/chainer-simple-fast-rnn,2016-06-14 08:22:43,2124,0.0,0.0009416196,0.0,0.0009416196,0.0037664783,0.0,0
zbears/pyvona,0,1,0,0,0,0,0,0,0,41,41,23,140,zbears/pyvona,13,0,2,0,54,0,26,26,2,11,13,0,3,zbears/pyvona,2015-05-11 04:52:41,2524,0.0,0.0051505547,0.0,0.000792393,0.0213946117,0.0,0
TakahiroHaruyama/openioc_scan,0,1,0,1,0,1,1,0,0,40,40,5,139,TakahiroHaruyama/openioc_scan,2,0,2,0,31,3,0,3,0,2,2,0,5,TakahiroHaruyama/openioc_scan,2015-02-18 02:48:56,2606,0.0,0.0007674597,0.0,0.0007674597,0.0118956255,0.0,0
youthpasses/apriori,0,0,1,0,0,0,0,0,0,39,39,33,138,youthpasses/apriori,3,0,2,0,5,1,0,1,0,0,0,0,1,youthpasses/apriori,2015-05-26 08:18:51,2509,0.0,0.0011956955,0.0,0.0007971303,0.0019928258,0.0,0
owocki/emojibot,0,1,0,1,0,1,1,0,0,37,37,4,136,owocki/emojibot,2,0,2,0,30,10,4,14,0,0,0,0,9,owocki/emojibot,2016-06-21 12:56:20,2117,0.0,0.0009447331,0.0,0.0009447331,0.0141709967,0.0,0
uArm-Developer/pyuarm,0,1,0,1,0,0,1,0,0,36,36,25,135,uArm-Developer/pyuarm,6,0,2,0,165,5,8,13,0,1,1,0,13,uArm-Developer/pyuarm,2015-12-02 23:24:17,2319,0.0,0.0025873221,0.0,0.0008624407,0.0711513583,0.0,0
phate89/Mediaset-Play-plugin.video.videomediaset,1,1,0,1,0,1,1,1,0,35,35,19,134,phate89/Mediaset-Play-plugin.video.videomediaset,9,102923,16,24,71,6,40,46,1,14,15,0,6,phate89/Mediaset-Play-plugin.video.videomediaset,2016-04-20 08:59:39,2179,47.2340523176,0.004130335,0.0110142267,0.0073428178,0.032583754,1.5,0
eregs/regulations-parser,0,1,0,0,1,0,1,0,0,33,33,38,132,eregs/regulations-parser,30,0,2,0,2439,53,50,103,18,289,307,1,55,eregs/regulations-parser,2014-12-05 22:22:48,2681,0.0,0.0111898545,0.0,0.0007459903,0.9097351734,0.0,0
HackBulgaria/Programming101-Python,1,1,0,1,0,1,1,0,0,32,32,25,131,HackBulgaria/Programming101-Python,5,0,2,0,175,0,0,0,0,0,0,0,11,HackBulgaria/Programming101-Python,2015-11-03 16:13:02,2348,0.0,0.0021294719,0.0,0.0008517888,0.0745315162,0.0,0
arahuja/generative-tf,1,0,0,1,0,0,0,0,0,31,31,2,130,arahuja/generative-tf,1,0,2,0,13,1,0,1,0,0,0,0,3,arahuja/generative-tf,2015-12-14 20:34:01,2307,0.0,0.0004334634,0.0,0.0008669267,0.0056350238,0.0,0
kattrali/weemoji,0,0,0,1,0,0,0,0,0,30,30,2,129,kattrali/weemoji,4,0,2,0,6,4,1,5,1,3,4,0,2,kattrali/weemoji,2015-08-13 02:50:40,2430,0.0,0.0016460905,0.0,0.0008230453,0.0024691358,0.0,0
mhagiwara/zmifanva,1,0,0,0,0,0,1,0,0,29,29,5,128,mhagiwara/zmifanva,1,0,2,0,24,2,4,6,0,0,0,0,3,mhagiwara/zmifanva,2015-10-30 01:59:38,2352,0.0,0.0004251701,0.0,0.0008503401,0.0102040816,0.0,0
ha2emnomer/Deep-Trading,0,1,0,0,0,0,0,0,0,28,28,16,127,ha2emnomer/Deep-Trading,1,0,2,0,5,1,0,1,0,0,0,0,3,ha2emnomer/Deep-Trading,2016-06-22 18:06:17,2116,0.0,0.0004725898,0.0,0.0009451796,0.002362949,0.0,0
damsonn/django-docker-compose,0,1,0,1,0,0,1,0,0,26,26,8,125,damsonn/django-docker-compose,2,0,2,0,6,0,0,0,0,0,0,0,4,damsonn/django-docker-compose,2015-10-20 05:43:52,2362,0.0,0.0008467401,0.0,0.0008467401,0.0025402202,0.0,0
joycex99/hp-word-model,0,0,0,1,0,0,0,0,0,25,25,5,124,joycex99/hp-word-model,1,0,2,0,4,0,0,0,0,0,0,0,1,joycex99/hp-word-model,2016-06-28 08:09:08,2110,0.0,0.0004739336,0.0,0.0009478673,0.0018957346,0.0,0
mjg59/python-tikteck,0,1,0,1,0,0,0,0,0,24,24,8,123,mjg59/python-tikteck,3,0,2,0,10,2,4,6,1,1,2,0,2,mjg59/python-tikteck,2016-07-07 22:26:42,2101,0.0,0.0014278915,0.0,0.0009519277,0.0047596383,0.0,0
shancang/spider,1,0,0,0,0,0,0,0,0,23,23,7,122,shancang/spider,1,0,2,0,21,0,4,4,0,0,0,0,4,shancang/spider,2016-06-17 07:27:31,2121,0.0,0.0004714757,0.0,0.0009429514,0.0099009901,0.0,0
matloff/omsi,0,0,0,1,0,1,1,0,0,22,22,15,121,matloff/omsi,15,0,2,0,382,4,2,6,6,4,10,0,99,matloff/omsi,2015-10-13 19:23:04,2369,0.0,0.0063317856,0.0,0.0008442381,0.1612494724,0.0,0
saltstack/pytest-logging,0,1,0,1,0,1,1,1,0,21,21,6,120,saltstack/pytest-logging,1,0,2,0,13,0,6,6,0,2,2,0,3,saltstack/pytest-logging,2015-11-03 13:34:22,2348,0.0,0.0004258944,0.0,0.0008517888,0.0055366269,0.0,0
King-Kuhn/docker_registry_clean,1,0,0,0,0,0,0,0,0,19,19,6,118,King-Kuhn/docker_registry_clean,1,0,2,0,11,0,0,0,0,0,0,0,6,King-Kuhn/docker_registry_clean,2015-10-26 09:17:32,2356,0.0,0.0004244482,0.0,0.0008488964,0.0046689304,0.0,0
Hugoch/flights-analysis,0,0,1,0,0,0,0,0,0,18,18,5,117,Hugoch/flights-analysis,1,0,2,0,5,0,1,1,0,0,0,0,3,Hugoch/flights-analysis,2015-10-19 21:14:39,2363,0.0,0.0004231909,0.0,0.0008463817,0.0021159543,0.0,0
ratazzi/tesseract-ocr,0,0,0,1,0,0,0,0,0,17,17,5,116,ratazzi/tesseract-ocr,2,0,2,0,5,1,0,1,0,0,0,0,3,ratazzi/tesseract-ocr,2015-09-26 07:14:55,2386,0.0,0.000838223,0.0,0.000838223,0.0020955574,0.0,0
ajschumacher/mergic,1,1,0,1,0,0,1,0,1,16,16,4,115,ajschumacher/mergic,1,0,2,0,161,15,32,47,0,0,0,7,28,ajschumacher/mergic,2015-05-02 01:59:07,2533,0.0,0.0003947888,0.0,0.0007895776,0.0635609949,0.0,0
rackerlabs/kthresher,0,0,0,1,0,0,1,1,0,15,15,11,114,rackerlabs/kthresher,8,0,2,0,148,2,17,19,0,67,67,1,25,rackerlabs/kthresher,2015-10-09 20:41:44,2373,0.0,0.00337126,0.0,0.000842815,0.0623683102,0.0,0
shantnu/PandasLargeFiles,1,0,0,0,0,0,0,0,0,14,14,8,113,shantnu/PandasLargeFiles,3,0,2,0,9,0,0,0,0,1,1,0,1,shantnu/PandasLargeFiles,2015-05-02 16:41:30,2533,0.0,0.0011843664,0.0,0.0007895776,0.0035530991,0.0,0
NemProject/nem-slack-telegram,0,1,0,0,0,0,0,0,0,13,13,4,112,NemProject/nem-slack-telegram,6,0,2,0,42,3,3,6,0,4,4,0,2,NemProject/nem-slack-telegram,2015-09-27 07:01:29,2385,0.0,0.0025157233,0.0,0.0008385744,0.0176100629,0.0,0
badlogicmanpreet/htm-drivefailures,1,1,0,1,0,0,1,0,0,12,12,6,111,badlogicmanpreet/htm-drivefailures,2,0,2,0,22,0,0,0,0,0,0,0,7,badlogicmanpreet/htm-drivefailures,2015-09-26 05:29:46,2386,0.0,0.000838223,0.0,0.000838223,0.0092204526,0.0,0
schollz/string_matching,0,0,0,1,0,0,1,0,0,11,11,6,110,schollz/string_matching,2,0,2,0,14,0,0,0,0,0,0,0,7,schollz/string_matching,2015-05-03 14:20:28,2532,0.0,0.0007898894,0.0,0.0007898894,0.0055292259,0.0,0
mgaggero/Adafruit_Python_HTU21D,0,1,0,1,1,1,1,0,0,10,10,1,109,mgaggero/Adafruit_Python_HTU21D,1,0,2,0,12,0,2,2,0,0,0,0,7,mgaggero/Adafruit_Python_HTU21D,2015-05-01 18:24:15,2534,0.0,0.000394633,0.0,0.000789266,0.0047355959,0.0,0
stephane-caron/analytical-wrench-cone,0,0,0,1,0,1,1,0,0,9,9,3,108,stephane-caron/analytical-wrench-cone,2,0,2,0,31,0,2,2,0,0,0,0,25,stephane-caron/analytical-wrench-cone,2015-10-16 04:49:37,2366,0.0,0.0008453085,0.0,0.0008453085,0.0131022823,0.0,0
lazarogamio/datadoc,0,1,0,1,0,0,1,0,0,8,8,3,107,lazarogamio/datadoc,3,0,2,0,8,0,0,0,0,2,2,0,4,lazarogamio/datadoc,2015-05-12 18:03:49,2523,0.0,0.0011890606,0.0,0.0007927071,0.0031708284,0.0,0
deepc94/facerec-lock,0,1,0,1,0,0,1,0,0,7,7,9,106,deepc94/facerec-lock,1,0,2,0,4,0,0,0,0,0,0,0,2,deepc94/facerec-lock,2015-05-01 20:56:47,2534,0.0,0.000394633,0.0,0.000789266,0.001578532,0.0,0
eerimoq/expect,0,0,0,1,0,0,0,0,0,5,5,1,104,eerimoq/expect,3,0,2,0,23,0,0,0,0,0,0,0,5,eerimoq/expect,2015-05-03 12:02:13,2532,0.0,0.0011848341,0.0,0.0007898894,0.0090837283,0.0,0
tyiannak/pySLRF,1,1,0,1,0,0,0,0,0,4,4,0,103,tyiannak/pySLRF,1,0,2,0,5,0,0,0,0,0,0,0,2,tyiannak/pySLRF,2015-05-13 19:43:46,2522,0.0,0.0003965107,0.0,0.0007930214,0.0019825535,0.0,0
Saviio/Clawer,0,0,0,1,0,0,0,0,0,3,3,3,102,Saviio/Clawer,2,0,2,0,3,0,0,0,0,0,0,0,3,Saviio/Clawer,2015-05-02 13:27:06,2533,0.0,0.0007895776,0.0,0.0007895776,0.0011843664,0.0,0
