Name,List,Image,Animation,Video,Table,Github,Links,Project,Inline,Code,repository_ID,fullname,URL,created_date,language,description,number_of_stars,num_of_forks,num_of_watchers,open_issue_count,repo_id,repository,community,downloads,releases,assets,commits,open_issues,closed_issues,total_issues,open_prs,closed_prs,total_prs,readme_issues,readme_commits,Rank,Rank_real,star_rank,fork_rank,watchers_rank,pullrequest_rank,label,days,community_score,assets_score,releases_score,commits_score,avg_assets_release,progress_score,popularity_score
freeCodeCamp/freeCodeCamp,53,6,0,0,0,0,74,0,3,0.0,28457823,freeCodeCamp/freeCodeCamp,https://github.com/freeCodeCamp/freeCodeCamp,2014-12-24 17:49:19,JavaScript,,336875,27460,336875,119,0,freeCodeCamp/freeCodeCamp,4770.0,0.0,0.0,0.0,30025.0,126.0,15709.0,15835.0,23.0,28561.0,28584.0,2.0,458.0,781.0,196.0,196.0,193.0,196.0,196.0,1,2628,1.8150684931506849,0.0,0.0,11.42503805175038,-1,10.42503805175038,781.0
facebook/react,12,1,0,0,0,3,23,0,3,1.0,10270250,facebook/react,https://github.com/facebook/react,2013-05-24 16:15:54,JavaScript,,178604,36193,178604,901,1,facebook/react,1786.0,2259.0,30.0,98.0,14807.0,728.0,10463.0,11191.0,252.0,11638.0,11890.0,0.0,129.0,778.0,194.0,195.0,195.0,195.0,193.0,1,3207,0.5569067664483941,0.030558154038041782,0.009354536950420954,4.617087620829436,3.2666666666666666,7.893108824446523,778.0
twbs/bootstrap,31,27,0,0,0,18,65,1,15,1.0,2126244,twbs/bootstrap,https://github.com/twbs/bootstrap,2011-07-29 21:19:00,JavaScript,,154234,75451,154234,444,2,twbs/bootstrap,1531.0,12121231.0,30.0,49.0,21532.0,314.0,20790.0,21104.0,118.0,13129.0,13247.0,1.0,438.0,778.0,194.0,194.0,196.0,194.0,194.0,1,3872,0.39540289256198347,0.01265495867768595,0.007747933884297521,5.56095041322314,1.6333333333333333,7.20203168044077,778.0
trekhleb/javascript-algorithms,176,3,0,0,0,5,9,2,162,6.0,126577260,trekhleb/javascript-algorithms,https://github.com/trekhleb/javascript-algorithms,2018-03-24 07:47:04,JavaScript,,127524,20877,127524,262,3,trekhleb/javascript-algorithms,196.0,0.0,0.0,0.0,1030.0,97.0,185.0,282.0,139.0,416.0,555.0,0.0,312.0,703.0,186.0,193.0,189.0,193.0,128.0,1,1442,0.13592233009708737,0.0,0.0,0.7142857142857143,-1,-0.2857142857142857,703.0
d3/d3,5,1,0,0,0,5,10,0,4,7.0,943149,d3/d3,https://github.com/d3/d3,2010-09-27 17:22:42,JavaScript,,99484,22896,99484,3,4,d3/d3,136.0,135818.0,30.0,20.0,4322.0,3.0,2100.0,2103.0,0.0,1103.0,1103.0,2.0,192.0,728.0,189.0,192.0,190.0,192.0,154.0,1,4177,0.03255925305242997,0.004788125448886761,0.007182188173330141,1.034713909504429,0.6666666666666666,1.7085627643444257,728.0
facebook/create-react-app,25,5,0,0,0,16,31,1,12,6.0,63537249,facebook/create-react-app,https://github.com/facebook/create-react-app,2016-07-17 14:55:11,JavaScript,,91797,23300,91797,1358,5,facebook/create-react-app,929.0,0.0,30.0,0.0,2753.0,1213.0,6344.0,7557.0,302.0,3577.0,3879.0,0.0,188.0,755.0,193.0,191.0,191.0,191.0,182.0,1,2057,0.45162858531842487,0.0,0.014584346135148274,1.33835683033544,0.0,1.3529411764705883,755.0
axios/axios,35,12,0,0,0,14,35,0,89,38.0,23088740,axios/axios,https://github.com/axios/axios,2014-08-18 22:30:27,JavaScript,,89600,8963,89600,302,6,axios/axios,335.0,0.0,30.0,0.0,1095.0,225.0,3274.0,3499.0,85.0,895.0,980.0,13.0,205.0,707.0,187.0,190.0,178.0,190.0,149.0,1,2756,0.12155297532656023,0.0,0.01088534107402032,0.39731494920174165,0.0,0.408200290275762,707.0
mui-org/material-ui,3,30,0,0,0,7,46,0,1,2.0,23083156,mui-org/material-ui,https://github.com/mui-org/material-ui,2014-08-18 19:11:54,JavaScript,,73433,25121,73433,854,7,mui-org/material-ui,2698.0,0.0,30.0,0.0,19183.0,0.0,0.0,0.0,0.0,0.0,0.0,0.0,225.0,571.0,141.0,189.0,192.0,189.0,1.0,1,2756,0.978955007256894,0.0,0.01088534107402032,6.96044992743106,0.0,6.97133526850508,571.0
awesome-selfhosted/awesome-selfhosted,1307,1,0,40,0,1003,1235,46,1292,0.0,36633370,awesome-selfhosted/awesome-selfhosted,https://github.com/awesome-selfhosted/awesome-selfhosted,2015-06-01 02:33:17,JavaScript,,69232,4999,69232,115,8,awesome-selfhosted/awesome-selfhosted,1095.0,0.0,0.0,0.0,4863.0,106.0,557.0,663.0,57.0,2103.0,2160.0,7.0,4226.0,698.0,184.0,188.0,150.0,188.0,172.0,1,2469,0.44349939246658565,0.0,0.0,1.9696233292831107,-1,0.9696233292831107,698.0
FortAwesome/Font-Awesome,43,1,0,0,0,16,38,0,6,0.0,3470471,FortAwesome/Font-Awesome,https://github.com/FortAwesome/Font-Awesome,2012-02-17 14:19:43,JavaScript,,66820,11728,66820,5677,9,FortAwesome/Font-Awesome,2.0,71795.0,30.0,60.0,3.0,5652.0,12382.0,18034.0,26.0,604.0,630.0,0.0,2.0,689.0,180.0,187.0,183.0,187.0,132.0,1,3669,0.0005451076587626056,0.016353229762878167,0.008176614881439084,0.0008176614881439084,2.0,2.008994276369583,689.0
yangshun/tech-interview-handbook,13,5,0,0,0,7,29,1,1,0.0,62607227,yangshun/tech-interview-handbook,https://github.com/yangshun/tech-interview-handbook,2016-07-05 05:00:48,JavaScript,,61895,8637,61895,8,10,yangshun/tech-interview-handbook,110.0,0.0,0.0,0.0,506.0,8.0,38.0,46.0,0.0,214.0,214.0,0.0,63.0,656.0,175.0,186.0,177.0,186.0,107.0,1,2069,0.053165780570323826,0.0,0.0,0.24456259062348962,-1,-0.7554374093765104,656.0
ryanmcdermott/clean-code-javascript,55,19,0,0,0,24,30,0,33,92.0,74791366,ryanmcdermott/clean-code-javascript,https://github.com/ryanmcdermott/clean-code-javascript,2016-11-25 22:25:41,JavaScript,,60618,7746,60618,50,11,ryanmcdermott/clean-code-javascript,117.0,0.0,0.0,0.0,540.0,40.0,78.0,118.0,14.0,233.0,247.0,0.0,456.0,650.0,172.0,185.0,170.0,185.0,110.0,1,1926,0.06074766355140187,0.0,0.0,0.2803738317757009,-1,-0.719626168224299,650.0
webpack/webpack,43,282,0,0,0,38,329,6,6,2.0,3678731,webpack/webpack,https://github.com/webpack/webpack,2012-03-10 10:08:14,JavaScript,,59919,8110,59919,274,12,webpack/webpack,825.0,0.0,30.0,0.0,15010.0,177.0,8706.0,8883.0,107.0,5490.0,5597.0,1.0,260.0,728.0,189.0,184.0,172.0,184.0,188.0,1,3647,0.22621332602138744,0.0,0.008225939128050452,4.115711543734577,0.0,4.123937482862627,728.0
angular/angular.js,7,2,0,0,0,3,6,0,2,0.0,460078,angular/angular.js,https://github.com/angular/angular.js,2010-01-06 00:34:37,JavaScript,,59582,28414,59582,464,13,angular/angular.js,1855.0,0.0,0.0,0.0,9069.0,391.0,8645.0,9036.0,78.0,7875.0,7953.0,7.0,38.0,752.0,192.0,183.0,194.0,183.0,192.0,1,4441,0.4176987165052916,0.0,0.0,2.042107633415897,-1,1.0421076334158972,752.0
typicode/json-server,58,1,0,2,0,15,34,0,40,43.0,14747598,typicode/json-server,https://github.com/typicode/json-server,2013-11-27 13:21:13,JavaScript,,58244,5613,58244,600,14,typicode/json-server,77.0,0.0,10.0,0.0,848.0,538.0,445.0,983.0,72.0,232.0,304.0,0.0,254.0,635.0,166.0,182.0,157.0,182.0,114.0,1,3020,0.025496688741721854,0.0,0.0033112582781456954,0.280794701986755,0.0,0.2841059602649007,635.0
hakimel/reveal.js,0,3,0,0,0,1,8,0,0,0.0,1861458,hakimel/reveal.js,https://github.com/hakimel/reveal.js,2011-06-07 18:54:22,JavaScript,,57905,15864,57905,682,15,hakimel/reveal.js,333.0,0.0,30.0,0.0,2877.0,604.0,1491.0,2095.0,87.0,859.0,946.0,1.0,594.0,695.0,183.0,181.0,186.0,181.0,147.0,1,3924,0.08486238532110092,0.0,0.00764525993883792,0.7331804281345565,0.0,0.7408256880733944,695.0
jquery/jquery,34,2,0,0,0,4,19,1,42,31.0,167174,jquery/jquery,https://github.com/jquery/jquery,2009-04-03 15:20:14,JavaScript,,55635,20183,55635,82,16,jquery/jquery,359.0,0.0,2.0,0.0,6561.0,70.0,2094.0,2164.0,11.0,2710.0,2721.0,11.0,105.0,724.0,188.0,180.0,188.0,180.0,176.0,1,4719,0.07607543971180335,0.0,0.0004238186056367875,1.3903369357914812,0.0,1.390760754397118,724.0
expressjs/express,13,1,0,0,0,9,20,0,5,9.0,237159,expressjs/express,https://github.com/expressjs/express,2009-06-26 18:56:01,JavaScript,,55146,9324,55146,165,17,expressjs/express,307.0,0.0,30.0,0.0,5688.0,110.0,3564.0,3674.0,46.0,1014.0,1060.0,6.0,254.0,690.0,182.0,179.0,180.0,179.0,152.0,1,4635,0.06623516720604099,0.0,0.006472491909385114,1.2271844660194176,0.0,1.2336569579288026,690.0
adam-p/markdown-here,37,5,0,0,0,13,29,1,11,4.0,4311796,adam-p/markdown-here,https://github.com/adam-p/markdown-here,2012-05-13 03:27:22,JavaScript,,53761,10301,53761,304,18,adam-p/markdown-here,12.0,1518.0,11.0,6.0,807.0,282.0,307.0,589.0,27.0,48.0,75.0,1.0,120.0,635.0,166.0,178.0,182.0,178.0,97.0,1,3583,0.0033491487580240022,0.0016745743790120011,0.0030700530281886685,0.22523025397711416,0.5454545454545454,0.7737548524598482,635.0
gatsbyjs/gatsby,21,0,0,0,0,3,32,0,2,3.0,36040894,gatsbyjs/gatsby,https://github.com/gatsbyjs/gatsby,2015-05-21 22:43:05,JavaScript,,51851,10013,51851,409,20,gatsbyjs/gatsby,4160.0,0.0,30.0,0.0,19923.0,129.0,13182.0,13311.0,201.0,19496.0,19697.0,10.0,416.0,730.0,191.0,177.0,181.0,177.0,195.0,1,2480,1.6774193548387097,0.0,0.012096774193548387,8.033467741935484,0.0,8.045564516129032,730.0
tailwindlabs/tailwindcss,0,0,0,0,0,5,9,0,0,0.0,106017343,tailwindlabs/tailwindcss,https://github.com/tailwindlabs/tailwindcss,2017-10-06 14:59:14,JavaScript,,49715,2356,49715,66,21,tailwindlabs/tailwindcss,225.0,6290.0,30.0,100.0,4548.0,9.0,2169.0,2178.0,14.0,1672.0,1686.0,0.0,24.0,637.0,169.0,176.0,119.0,176.0,166.0,1,1611,0.13966480446927373,0.06207324643078833,0.0186219739292365,2.823091247672253,3.3333333333333335,6.1750465549348235,637.0
scutan90/DeepLearning-500-questions,0,0,0,0,0,0,0,0,0,0.0,138839979,scutan90/DeepLearning-500-questions,https://github.com/scutan90/DeepLearning-500-questions,2018-06-27 06:36:45,JavaScript,,46592,14573,46592,97,22,scutan90/DeepLearning-500-questions,124.0,0.0,0.0,0.0,1275.0,97.0,80.0,177.0,2.0,333.0,335.0,0.0,203.0,652.0,173.0,175.0,185.0,175.0,117.0,1,1347,0.09205642167780252,0.0,0.0,0.9465478841870824,-1,-0.053452115812917644,652.0
leonardomso/33-js-concepts,677,1,0,2,0,41,648,1,4,0.0,147350463,leonardomso/33-js-concepts,https://github.com/leonardomso/33-js-concepts,2018-09-04 13:27:04,JavaScript,,45398,5954,45398,9,23,leonardomso/33-js-concepts,103.0,0.0,0.0,0.0,539.0,7.0,32.0,39.0,5.0,165.0,170.0,1.0,435.0,611.0,162.0,174.0,160.0,174.0,103.0,1,1278,0.08059467918622848,0.0,0.0,0.4217527386541471,-1,-0.5782472613458529,611.0
iptv-org/iptv,4,2,0,0,0,2,2,0,6,2.0,157616880,iptv-org/iptv,https://github.com/iptv-org/iptv,2018-11-14 22:00:57,JavaScript,,42888,4110,42888,196,24,iptv-org/iptv,177.0,0.0,0.0,0.0,19256.0,336.0,1845.0,2181.0,6.0,4049.0,4055.0,0.0,977.0,674.0,176.0,173.0,145.0,173.0,183.0,1,1207,0.14664457332228667,0.0,0.0,15.953603976801988,-1,14.953603976801988,674.0
meteor/meteor,15,3,0,0,0,3,18,0,0,3.0,3214406,meteor/meteor,https://github.com/meteor/meteor,2012-01-19 01:58:17,JavaScript,,42714,5192,42714,119,25,meteor/meteor,818.0,0.0,0.0,0.0,31974.0,111.0,8587.0,8698.0,5.0,3082.0,3087.0,2.0,86.0,678.0,177.0,172.0,153.0,172.0,181.0,1,3698,0.22120064899945915,0.0,0.0,8.646295294753921,-1,7.646295294753921,678.0
NARKOZ/hacker-scripts,0,0,0,0,0,4,4,0,11,2.0,46629305,NARKOZ/hacker-scripts,https://github.com/NARKOZ/hacker-scripts,2015-11-21 19:05:09,JavaScript,,42587,6560,42587,69,26,NARKOZ/hacker-scripts,58.0,0.0,0.0,0.0,148.0,34.0,37.0,71.0,30.0,109.0,139.0,0.0,14.0,608.0,157.0,171.0,164.0,171.0,102.0,1,2296,0.025261324041811847,0.0,0.0,0.06445993031358885,-1,-0.9355400696864111,608.0
serverless/serverless,26,8,1,0,0,4,21,0,1,9.0,34302698,serverless/serverless,https://github.com/serverless/serverless,2015-04-21 03:48:40,JavaScript,,41469,5035,41469,886,27,serverless/serverless,1125.0,64152.0,30.0,90.0,15183.0,850.0,4705.0,5555.0,31.0,4847.0,4878.0,0.0,542.0,678.0,177.0,170.0,152.0,170.0,186.0,1,2510,0.448207171314741,0.035856573705179286,0.01195219123505976,6.049003984063745,3.0,9.060956175298806,678.0
yarnpkg/yarn,9,5,0,0,0,5,14,0,0,0.0,49970642,yarnpkg/yarn,https://github.com/yarnpkg/yarn,2016-01-19 17:39:16,JavaScript,,40296,2755,40296,1956,28,yarnpkg/yarn,544.0,36364.0,30.0,253.0,2351.0,1806.0,4533.0,6339.0,157.0,2110.0,2267.0,7.0,74.0,637.0,169.0,169.0,125.0,169.0,174.0,1,2237,0.24318283415288333,0.11309789897183728,0.013410818059901655,1.0509611086276263,8.433333333333334,9.497705260020862,637.0
ColorlibHQ/AdminLTE,8,8,0,0,0,5,27,0,3,12.0,15428480,ColorlibHQ/AdminLTE,https://github.com/ColorlibHQ/AdminLTE,2013-12-25 02:52:40,JavaScript,,40017,17168,40017,50,29,ColorlibHQ/AdminLTE,127.0,0.0,30.0,0.0,2462.0,38.0,2603.0,2641.0,18.0,1523.0,1541.0,0.0,94.0,686.0,179.0,168.0,187.0,168.0,163.0,1,2992,0.042446524064171126,0.0,0.010026737967914439,0.8228609625668449,0.0,0.8328877005347594,686.0
parcel-bundler/parcel,11,18,0,0,0,2,27,0,0,0.0,99598595,parcel-bundler/parcel,https://github.com/parcel-bundler/parcel,2017-08-07 16:36:47,JavaScript,,39581,2036,39581,680,30,parcel-bundler/parcel,358.0,0.0,14.0,0.0,2636.0,687.0,3758.0,4445.0,72.0,2393.0,2465.0,3.0,37.0,624.0,164.0,167.0,115.0,167.0,175.0,1,1671,0.21424296828246558,0.0,0.008378216636744464,1.5774985038898863,0.0,1.5858767205266309,624.0
TryGhost/Ghost,0,2,0,0,0,5,27,1,1,3.0,9852918,TryGhost/Ghost,https://github.com/TryGhost/Ghost,2013-05-04 11:09:13,JavaScript,,39155,8464,39155,53,31,TryGhost/Ghost,475.0,5603.0,30.0,30.0,15651.0,30.0,6255.0,6285.0,23.0,7878.0,7901.0,11.0,132.0,698.0,184.0,166.0,175.0,166.0,191.0,1,3227,0.1471955376510691,0.009296560272699102,0.009296560272699102,4.850015494267121,1.0,5.859312054539821,698.0
nuxt/nuxt.js,16,13,0,0,0,8,27,0,4,2.0,71995937,nuxt/nuxt.js,https://github.com/nuxt/nuxt.js,2016-10-26 11:18:47,JavaScript,,38887,3152,38887,449,32,nuxt/nuxt.js,346.0,0.0,30.0,0.0,5559.0,473.0,6158.0,6631.0,37.0,2869.0,2906.0,0.0,153.0,646.0,171.0,165.0,137.0,165.0,179.0,1,1956,0.1768916155419223,0.0,0.015337423312883436,2.8420245398773005,0.0,2.857361963190184,646.0
mermaid-js/mermaid,3,4,0,1,0,10,23,2,0,0.0,26066727,mermaid-js/mermaid,https://github.com/mermaid-js/mermaid,2014-11-01 23:52:32,JavaScript,,38813,2865,38813,520,33,mermaid-js/mermaid,342.0,0.0,30.0,0.0,4395.0,603.0,1111.0,1714.0,7.0,1075.0,1082.0,0.0,163.0,609.0,159.0,164.0,128.0,164.0,153.0,1,2681,0.12756434166355837,0.0,0.011189854531891086,1.639313688922044,0.0,1.6505035434539352,609.0
nwjs/nw.js,15,1,0,0,0,6,19,0,11,8.0,3100121,nwjs/nw.js,https://github.com/nwjs/nw.js,2012-01-04 06:21:10,JavaScript,,38575,3936,38575,879,34,nwjs/nw.js,128.0,0.0,0.0,0.0,4647.0,878.0,6131.0,7009.0,12.0,782.0,794.0,0.0,375.0,610.0,160.0,163.0,144.0,163.0,140.0,1,3713,0.03447347158631834,0.0,0.0,1.2515486129814166,-1,0.2515486129814166,610.0
mozilla/pdf.js,22,1,0,0,0,12,17,1,12,0.0,1663468,mozilla/pdf.js,https://github.com/mozilla/pdf.js,2011-04-26 06:32:03,JavaScript,,36839,8506,36839,355,35,mozilla/pdf.js,436.0,1253069.0,30.0,40.0,15413.0,335.0,7773.0,8108.0,18.0,6454.0,6472.0,2.0,120.0,689.0,180.0,162.0,176.0,162.0,189.0,1,3966,0.10993444276348967,0.010085728693898134,0.007564296520423601,3.8862834089762988,1.3333333333333333,5.2271810388300555,689.0
Unitech/pm2,0,9,0,0,0,2,14,0,2,17.0,10187082,Unitech/pm2,https://github.com/Unitech/pm2,2013-05-21 03:25:25,JavaScript,,36045,2350,36045,556,36,Unitech/pm2,311.0,0.0,30.0,0.0,4970.0,547.0,3943.0,4490.0,18.0,801.0,819.0,0.0,481.0,582.0,148.0,161.0,118.0,161.0,142.0,1,3210,0.09688473520249222,0.0,0.009345794392523364,1.5482866043613708,0.0,1.557632398753894,582.0
algorithm-visualizer/algorithm-visualizer,4,3,0,0,0,6,7,0,3,0.0,58836534,algorithm-visualizer/algorithm-visualizer,https://github.com/algorithm-visualizer/algorithm-visualizer,2016-05-15 00:27:45,JavaScript,,35938,5839,35938,34,37,algorithm-visualizer/algorithm-visualizer,28.0,0.0,0.0,0.0,664.0,19.0,65.0,84.0,17.0,216.0,233.0,1.0,25.0,588.0,149.0,160.0,159.0,160.0,109.0,1,2120,0.013207547169811321,0.0,0.0,0.3132075471698113,-1,-0.6867924528301887,588.0
GitSquared/edex-ui,32,17,2,2,0,27,51,6,12,0.0,80276391,GitSquared/edex-ui,https://github.com/GitSquared/edex-ui,2017-01-28 09:35:02,JavaScript,,34702,1905,34702,6,38,GitSquared/edex-ui,69.0,33734.0,29.0,129.0,1428.0,6.0,553.0,559.0,0.0,475.0,475.0,5.0,105.0,553.0,133.0,159.0,110.0,159.0,125.0,1,1862,0.03705692803437164,0.06928034371643395,0.015574650912996778,0.7669172932330827,4.448275862068965,5.230767806215045,553.0
Marak/faker.js,274,66,0,0,0,2,75,0,6,10.0,667561,Marak/faker.js,https://github.com/Marak/faker.js,2010-05-15 00:53:07,JavaScript,,34208,2925,34208,294,39,Marak/faker.js,0.0,0.0,2.0,0.0,0.0,0.0,0.0,0.0,0.0,0.0,0.0,0.0,0.0,448.0,102.0,158.0,131.0,158.0,1.0,1,4312,0.0,0.0,0.00046382189239332097,0.0,0.0,0.00046382189239332097,448.0
hexojs/hexo,11,15,0,0,0,6,30,2,0,6.0,5923215,hexojs/hexo,https://github.com/hexojs/hexo,2012-09-23 15:17:08,JavaScript,,33813,4229,33813,100,40,hexojs/hexo,197.0,0.0,30.0,0.0,3517.0,73.0,3696.0,3769.0,5.0,1041.0,1046.0,1.0,51.0,612.0,163.0,157.0,147.0,157.0,151.0,1,3450,0.05710144927536232,0.0,0.008695652173913044,1.0194202898550724,0.0,1.0281159420289854,612.0
sahat/hackathon-starter,288,47,1,1,0,26,126,4,136,78.0,14370955,sahat/hackathon-starter,https://github.com/sahat/hackathon-starter,2013-11-13 17:24:12,JavaScript,,32466,7489,32466,45,41,sahat/hackathon-starter,202.0,0.0,13.0,0.0,2541.0,24.0,583.0,607.0,30.0,530.0,560.0,0.0,560.0,610.0,160.0,156.0,169.0,156.0,129.0,1,3034,0.06657877389584707,0.0,0.0042847725774555045,0.8375082399472643,0.0,0.8417930125247198,610.0
gulpjs/gulp,22,0,0,0,0,0,2,1,13,5.0,11167738,gulpjs/gulp,https://github.com/gulpjs/gulp,2013-07-04 05:26:06,JavaScript,,32407,4398,32407,28,42,gulpjs/gulp,263.0,0.0,22.0,0.0,1197.0,26.0,1836.0,1862.0,3.0,645.0,648.0,5.0,140.0,592.0,152.0,155.0,148.0,155.0,134.0,1,3166,0.08307012002526848,0.0,0.006948831332912192,0.37807959570435884,0.0,0.385028427037271,592.0
videojs/video.js,4,1,0,8,0,2,7,0,6,6.0,667006,videojs/video.js,https://github.com/videojs/video.js,2010-05-14 18:45:10,JavaScript,,32394,6992,32394,380,43,videojs/video.js,495.0,14002.0,30.0,30.0,3798.0,393.0,4307.0,4700.0,15.0,2804.0,2819.0,2.0,59.0,653.0,174.0,154.0,167.0,154.0,178.0,1,4313,0.1147693021099003,0.006955715279387897,0.006955715279387897,0.8805935543705078,1.0,1.8875492696498957,653.0
koajs/koa,20,64,0,0,0,8,78,0,17,8.0,11551538,koajs/koa,https://github.com/koajs/koa,2013-07-20 18:53:45,JavaScript,,32032,3108,32032,55,44,koajs/koa,228.0,0.0,0.0,0.0,1150.0,33.0,826.0,859.0,29.0,719.0,748.0,3.0,107.0,581.0,146.0,153.0,136.0,153.0,139.0,1,3150,0.07238095238095238,0.0,0.0,0.36507936507936506,-1,-0.6349206349206349,581.0
microsoft/playwright,15,1,0,0,0,1,11,0,1,5.0,221981891,microsoft/playwright,https://github.com/microsoft/playwright,2019-11-15 18:32:42,JavaScript,,31060,1328,31060,456,45,microsoft/playwright,213.0,0.0,30.0,0.0,7197.0,410.0,4173.0,4583.0,22.0,7595.0,7617.0,6.0,217.0,597.0,154.0,152.0,103.0,152.0,190.0,1,841,0.25326991676575505,0.0,0.0356718192627824,8.557669441141499,0.0,8.593341260404282,597.0
lerna/lerna,40,6,0,0,0,8,17,0,49,8.0,47394776,lerna/lerna,https://github.com/lerna/lerna,2015-12-04 09:36:55,JavaScript,,30890,2038,30890,736,46,lerna/lerna,282.0,0.0,30.0,0.0,2218.0,703.0,1488.0,2191.0,70.0,815.0,885.0,13.0,201.0,561.0,137.0,151.0,116.0,151.0,143.0,1,2283,0.12352168199737187,0.0,0.013140604467805518,0.9715286903197548,0.0,0.9846692947875603,561.0
photonstorm/phaser,30,26,1,3,0,13,61,2,13,8.0,9393759,photonstorm/phaser,https://github.com/photonstorm/phaser,2013-04-12 12:27:51,JavaScript,,30850,6600,30850,126,47,photonstorm/phaser,601.0,26144.0,30.0,99.0,17143.0,141.0,3705.0,3846.0,7.0,2092.0,2099.0,0.0,1706.0,635.0,166.0,150.0,165.0,150.0,170.0,1,3249,0.18497999384425978,0.030470914127423823,0.009233610341643583,5.276392736226531,3.3,8.585626346568175,635.0
jondot/awesome-react-native,1290,1,0,25,0,1100,1286,13,9,0.0,32948863,jondot/awesome-react-native,https://github.com/jondot/awesome-react-native,2015-03-26 19:58:06,JavaScript,,30706,3784,30706,49,48,jondot/awesome-react-native,631.0,0.0,0.0,0.0,2193.0,30.0,34.0,64.0,24.0,991.0,1015.0,0.0,1812.0,590.0,151.0,149.0,142.0,149.0,150.0,1,2536,0.24881703470031546,0.0,0.0,0.8647476340694006,-1,-0.13525236593059942,590.0
preactjs/preact,7,71,1,0,0,6,78,1,1,2.0,42283287,preactjs/preact,https://github.com/preactjs/preact,2015-09-11 02:40:18,JavaScript,,30465,1696,30465,222,49,preactjs/preact,324.0,33.0,30.0,1.0,4993.0,145.0,1334.0,1479.0,83.0,1776.0,1859.0,2.0,133.0,570.0,140.0,148.0,107.0,148.0,167.0,1,2367,0.13688212927756654,0.0004224757076468103,0.012674271229404309,2.1094212082805237,0.03333333333333333,2.1554288128432613,570.0
carbon-app/carbon,30,13,0,1,0,91,133,4,18,0.0,94498635,carbon-app/carbon,https://github.com/carbon-app/carbon,2017-06-16 02:50:28,JavaScript,,29206,1629,29206,21,50,carbon-app/carbon,183.0,0.0,30.0,0.0,1764.0,17.0,566.0,583.0,1.0,733.0,734.0,7.0,236.0,538.0,129.0,147.0,106.0,147.0,138.0,1,1723,0.10621009866511898,0.0,0.017411491584445733,1.0237957051654092,0.0,1.0412071967498548,538.0
SheetJS/sheetjs,208,9,0,0,0,12,42,0,622,85.0,6988020,SheetJS/sheetjs,https://github.com/SheetJS/sheetjs,2012-12-03 19:25:52,JavaScript,,28307,7237,28307,94,51,SheetJS/sheetjs,184.0,0.0,0.0,0.0,674.0,105.0,2114.0,2219.0,10.0,275.0,285.0,53.0,189.0,571.0,141.0,146.0,168.0,146.0,111.0,1,3379,0.05445398046759396,0.0,0.0,0.19946729801716484,-1,-0.8005327019828352,571.0
react-boilerplate/react-boilerplate,17,23,0,1,0,3,32,1,7,0.0,30969188,react-boilerplate/react-boilerplate,https://github.com/react-boilerplate/react-boilerplate,2015-02-18 14:36:32,JavaScript,,28118,5960,28118,83,52,react-boilerplate/react-boilerplate,234.0,0.0,16.0,0.0,1457.0,57.0,1813.0,1870.0,36.0,1122.0,1158.0,11.0,119.0,608.0,157.0,145.0,161.0,145.0,157.0,1,2572,0.09097978227060653,0.0,0.006220839813374806,0.5664852255054432,0.0,0.5727060653188181,608.0
tastejs/todomvc,0,13,0,0,0,10,13,1,0,0.0,1844251,tastejs/todomvc,https://github.com/tastejs/todomvc,2011-06-03 19:56:33,JavaScript,,27594,13929,27594,184,53,tastejs/todomvc,366.0,0.0,5.0,0.0,2905.0,128.0,628.0,756.0,59.0,1223.0,1282.0,6.0,87.0,631.0,165.0,144.0,184.0,144.0,159.0,1,3928,0.09317718940936863,0.0,0.0012729124236252546,0.7395621181262729,0.0,0.7408350305498982,631.0
caolan/async,0,8,0,0,0,1,11,0,2,2.0,698041,caolan/async,https://github.com/caolan/async,2010-06-01 21:01:30,JavaScript,,27384,2414,27384,5,54,caolan/async,268.0,0.0,7.0,0.0,1855.0,5.0,1092.0,1097.0,8.0,704.0,712.0,10.0,309.0,544.0,131.0,143.0,121.0,143.0,137.0,1,4295,0.06239813736903376,0.0,0.001629802095459837,0.4318975552968568,0.0,0.4335273573923166,544.0
kenwheeler/slick,2,0,0,0,0,2,3,0,23,11.5,18049133,kenwheeler/slick,https://github.com/kenwheeler/slick,2014-03-24 02:10:05,JavaScript,,27204,5805,27204,1326,55,kenwheeler/slick,174.0,0.0,30.0,0.0,921.0,1130.0,2358.0,3488.0,209.0,466.0,675.0,5.0,131.0,577.0,145.0,142.0,158.0,142.0,135.0,1,2903,0.059937995177402684,0.0,0.010334137099552188,0.31725800895625217,0.0,0.32759214605580433,577.0
gorhill/uBlock,13,13,0,0,0,23,40,1,4,0.0,33263118,gorhill/uBlock,https://github.com/gorhill/uBlock,2015-04-01 17:51:11,JavaScript,,27192,2225,27192,35,56,gorhill/uBlock,111.0,75694.0,30.0,103.0,9679.0,35.0,3416.0,3451.0,0.0,325.0,325.0,3.0,371.0,514.0,123.0,141.0,117.0,141.0,115.0,1,2530,0.04387351778656127,0.040711462450592886,0.011857707509881422,3.825691699604743,3.433333333333333,7.2708827404479575,514.0
vuejs/vuex,5,2,0,0,0,10,17,0,1,1.0,39176269,vuejs/vuex,https://github.com/vuejs/vuex,2015-07-16 04:21:26,JavaScript,,27072,9221,27072,92,57,vuejs/vuex,337.0,0.0,30.0,0.0,1199.0,80.0,1131.0,1211.0,39.0,876.0,915.0,0.0,44.0,604.0,155.0,140.0,179.0,140.0,145.0,1,2424,0.13902640264026403,0.0,0.012376237623762377,0.4946369636963696,0.0,0.507013201320132,604.0
jgraph/drawio,0,1,0,0,0,3,6,3,0,0.0,67508428,jgraph/drawio,https://github.com/jgraph/drawio,2016-09-06 12:59:15,JavaScript,,26671,5411,26671,268,58,jgraph/drawio,37.0,3113.0,30.0,30.0,1728.0,230.0,2067.0,2297.0,1.0,135.0,136.0,0.0,78.0,532.0,128.0,139.0,154.0,139.0,100.0,1,2006,0.018444666001994018,0.014955134596211365,0.014955134596211365,0.8614157527417746,1.0,1.8763708873379858,532.0
markedjs/marked,6,7,0,0,0,2,13,0,2,3.0,2096579,markedjs/marked,https://github.com/markedjs/marked,2011-07-24 13:15:51,JavaScript,,26461,3097,26461,46,59,markedjs/marked,147.0,0.0,30.0,0.0,2681.0,47.0,1175.0,1222.0,2.0,1121.0,1123.0,0.0,141.0,565.0,138.0,138.0,134.0,138.0,155.0,1,3877,0.037915914366778436,0.0,0.007737941707505804,0.6915140572607686,0.0,0.6992519989682745,565.0
jashkenas/underscore,0,0,0,0,0,0,4,0,0,0.0,349241,jashkenas/underscore,https://github.com/jashkenas/underscore,2009-10-25 18:31:06,JavaScript,,26227,5610,26227,52,60,jashkenas/underscore,335.0,0.0,0.0,0.0,2775.0,32.0,1367.0,1399.0,18.0,1484.0,1502.0,0.0,10.0,592.0,152.0,137.0,156.0,137.0,162.0,1,4514,0.0742135578201152,0.0,0.0,0.6147540983606558,-1,-0.38524590163934425,592.0
elsewhencode/project-guidelines,130,12,0,0,0,9,32,2,42,21.0,95876775,elsewhencode/project-guidelines,https://github.com/elsewhencode/project-guidelines,2017-06-30 10:17:55,JavaScript,,25915,2792,25915,11,61,elsewhencode/project-guidelines,77.0,0.0,0.0,0.0,165.0,9.0,28.0,37.0,2.0,118.0,120.0,2.0,113.0,497.0,118.0,136.0,126.0,136.0,99.0,1,1709,0.04505558806319485,0.0,0.0,0.0965476887068461,-1,-0.9034523112931538,497.0
atlassian/react-beautiful-dnd,83,10,2,0,0,7,21,0,22,0.0,99761907,atlassian/react-beautiful-dnd,https://github.com/atlassian/react-beautiful-dnd,2017-08-09 03:37:15,JavaScript,,25693,1938,25693,482,62,atlassian/react-beautiful-dnd,129.0,0.0,30.0,0.0,795.0,446.0,998.0,1444.0,62.0,863.0,925.0,10.0,163.0,528.0,127.0,135.0,112.0,135.0,146.0,1,1669,0.07729179149191133,0.0,0.017974835230677052,0.4763331336129419,0.0,0.49430796884361894,528.0
webtorrent/webtorrent,31,10,1,1,0,12,40,0,11,15.0,13584262,webtorrent/webtorrent,https://github.com/webtorrent/webtorrent,2013-10-15 08:16:40,JavaScript,,25470,2471,25470,119,63,webtorrent/webtorrent,189.0,0.0,30.0,0.0,3088.0,99.0,1392.0,1491.0,7.0,704.0,711.0,0.0,298.0,526.0,126.0,134.0,122.0,134.0,136.0,1,3063,0.061704211557296766,0.0,0.009794319294809012,1.0081619327456741,0.0,1.0179562520404832,526.0
sentsin/layui,0,7,0,0,0,0,10,0,0,3.0,42920477,sentsin/layui,https://github.com/sentsin/layui,2015-09-22 08:12:03,JavaScript,,25412,6849,25412,738,64,sentsin/layui,20.0,2664.0,30.0,8.0,335.0,633.0,125.0,758.0,115.0,100.0,215.0,0.0,49.0,540.0,130.0,133.0,166.0,133.0,108.0,1,2356,0.008488964346349746,0.003395585738539898,0.012733446519524618,0.14219015280135824,0.26666666666666666,0.42159026598754956,540.0
request/request,106,7,0,0,0,15,45,0,168,41.0,1283503,request/request,https://github.com/request/request,2011-01-23 01:25:14,JavaScript,,25378,3106,25378,116,65,request/request,347.0,0.0,0.0,0.0,2270.0,88.0,2130.0,2218.0,29.0,1128.0,1157.0,3.0,282.0,555.0,136.0,132.0,135.0,132.0,156.0,1,4059,0.0854890367085489,0.0,0.0,0.5592510470559251,-1,-0.4407489529440749,555.0
sequelize/sequelize,14,7,0,0,0,13,27,0,0,1.0,790359,sequelize/sequelize,https://github.com/sequelize/sequelize,2010-07-22 07:11:11,JavaScript,,25349,3899,25349,944,66,sequelize/sequelize,1181.0,0.0,30.0,0.0,9210.0,787.0,8829.0,9616.0,54.0,4403.0,4457.0,4.0,214.0,589.0,150.0,131.0,143.0,131.0,184.0,1,4244,0.2782752120640905,0.0,0.00706880301602262,2.1701225259189445,0.0,2.177191328934967,589.0
naptha/tesseract.js,21,25,2,1,0,8,30,0,4,6.0,37958358,naptha/tesseract.js,https://github.com/naptha/tesseract.js,2015-06-24 02:49:52,JavaScript,,25178,1716,25178,110,67,naptha/tesseract.js,59.0,0.0,30.0,0.0,627.0,105.0,373.0,478.0,19.0,97.0,116.0,0.0,182.0,466.0,104.0,130.0,108.0,130.0,98.0,1,2446,0.0241210139002453,0.0,0.012264922322158627,0.25633687653311527,0.0,0.2686017988552739,466.0
select2/select2,28,15,0,0,0,2,16,0,6,0.0,3620194,select2/select2,https://github.com/select2/select2,2012-03-04 18:43:12,JavaScript,,25166,6266,25166,69,68,select2/select2,551.0,0.0,29.0,0.0,2635.0,64.0,4622.0,4686.0,12.0,1436.0,1448.0,4.0,67.0,581.0,146.0,129.0,162.0,129.0,161.0,1,3653,0.1508349301943608,0.0,0.007938680536545305,0.7213249384067889,0.0,0.7292636189433342,581.0
github/fetch,27,0,0,0,0,3,9,1,29,15.0,25136308,github/fetch,https://github.com/github/fetch,2014-10-13 00:26:19,JavaScript,,25095,3096,25095,17,69,github/fetch,76.0,11658017.0,30.0,5.0,654.0,15.0,570.0,585.0,2.0,286.0,288.0,10.0,77.0,501.0,119.0,128.0,133.0,128.0,112.0,1,2700,0.028148148148148148,0.001851851851851852,0.011111111111111112,0.24222222222222223,0.16666666666666666,0.42000000000000004,501.0
typicode/husky,0,0,0,0,0,0,0,0,2,4.0,21125024,typicode/husky,https://github.com/typicode/husky,2014-06-23 12:14:21,JavaScript,,24920,875,24920,38,70,typicode/husky,91.0,0.0,30.0,0.0,814.0,10.0,800.0,810.0,3.0,295.0,298.0,0.0,193.0,467.0,105.0,127.0,100.0,127.0,113.0,1,2812,0.032361308677098154,0.0,0.010668563300142247,0.2894736842105263,0.0,0.3001422475106686,467.0
GitbookIO/gitbook,9,5,0,0,0,2,22,0,0,0.0,18280236,GitbookIO/gitbook,https://github.com/GitbookIO/gitbook,2014-03-31 03:01:56,JavaScript,,24224,3592,24224,1012,71,GitbookIO/gitbook,97.0,0.0,0.0,0.0,2377.0,0.0,0.0,0.0,64.0,315.0,379.0,0.0,125.0,515.0,125.0,126.0,141.0,126.0,122.0,1,2896,0.033494475138121545,0.0,0.0,0.8207872928176796,-1,-0.1792127071823204,515.0
codemirror/CodeMirror,0,2,0,0,0,2,7,0,2,0.0,1254497,codemirror/CodeMirror,https://github.com/codemirror/CodeMirror,2011-01-14 13:44:03,JavaScript,,23970,4779,23970,436,72,codemirror/CodeMirror,982.0,0.0,30.0,0.0,7048.0,415.0,3640.0,4055.0,25.0,2763.0,2788.0,1.0,29.0,576.0,144.0,125.0,149.0,125.0,177.0,1,4068,0.24139626352015733,0.0,0.007374631268436578,1.7325467059980335,0.0,1.7399213372664701,576.0
GoogleChrome/lighthouse,91,6,0,0,0,33,70,0,20,7.0,53370988,GoogleChrome/lighthouse,https://github.com/GoogleChrome/lighthouse,2016-03-08 01:03:11,JavaScript,,23828,8261,23828,591,73,GoogleChrome/lighthouse,334.0,0.0,30.0,0.0,5124.0,490.0,7673.0,8163.0,56.0,4750.0,4806.0,0.0,277.0,607.0,156.0,124.0,174.0,124.0,185.0,1,2188,0.1526508226691042,0.0,0.013711151736745886,2.341864716636197,0.0,2.3555758683729433,607.0
goabstract/Awesome-Design-Tools,640,367,0,30,0,375,635,22,0,0.0,170326929,goabstract/Awesome-Design-Tools,https://github.com/goabstract/Awesome-Design-Tools,2019-02-12 13:55:30,JavaScript,,23707,1788,23707,48,74,goabstract/Awesome-Design-Tools,241.0,0.0,0.0,0.0,1649.0,1.0,25.0,26.0,53.0,306.0,359.0,0.0,867.0,474.0,108.0,123.0,109.0,123.0,119.0,1,1117,0.21575649059982094,0.0,0.0,1.4762757385854968,-1,0.47627573858549677,474.0
Automattic/mongoose,24,4,0,0,0,8,42,0,24,19.0,597879,Automattic/mongoose,https://github.com/Automattic/mongoose,2010-04-06 21:39:05,JavaScript,,23547,3289,23547,332,75,Automattic/mongoose,784.0,0.0,21.0,0.0,15718.0,326.0,8925.0,9251.0,15.0,2097.0,2112.0,8.0,160.0,553.0,133.0,122.0,138.0,122.0,171.0,1,4351,0.1801884624224316,0.0,0.004826476672029419,3.612502872902781,0.0,3.6173293495748102,553.0
SortableJS/Sortable,72,14,0,0,0,21,41,0,89,23.0,15308499,SortableJS/Sortable,https://github.com/SortableJS/Sortable,2013-12-19 10:10:13,JavaScript,,23508,3354,23508,346,76,SortableJS/Sortable,178.0,0.0,23.0,0.0,1074.0,348.0,1262.0,1610.0,14.0,450.0,464.0,11.0,207.0,505.0,121.0,121.0,139.0,121.0,124.0,1,2998,0.059372915276851235,0.0,0.007671781187458306,0.35823882588392264,0.0,0.36591060707138096,505.0
parallax/jsPDF,14,8,0,0,0,9,24,0,8,15.5,402046,parallax/jsPDF,https://github.com/parallax/jsPDF,2009-12-06 14:56:32,JavaScript,,23228,4159,23228,108,77,parallax/jsPDF,208.0,0.0,30.0,0.0,2266.0,100.0,2084.0,2184.0,11.0,1184.0,1195.0,1.0,53.0,544.0,131.0,120.0,146.0,120.0,158.0,1,4472,0.046511627906976744,0.0,0.006708407871198569,0.5067084078711985,0.0,0.5134168157423971,544.0
bvaughn/react-virtualized,31,71,0,0,0,12,108,1,11,6.0,45431898,bvaughn/react-virtualized,https://github.com/bvaughn/react-virtualized,2015-11-03 00:48:07,JavaScript,,22874,2848,22874,435,78,bvaughn/react-virtualized,223.0,0.0,4.0,0.0,1985.0,387.0,709.0,1096.0,60.0,547.0,607.0,1.0,94.0,496.0,117.0,119.0,127.0,119.0,131.0,1,2314,0.09636992221261884,0.0,0.001728608470181504,0.8578219533275713,0.0,0.8595505617977528,496.0
pcottle/learnGitBranching,33,36,1,0,0,36,38,0,13,1.0,5405654,pcottle/learnGitBranching,https://github.com/pcottle/learnGitBranching,2012-08-13 22:36:09,JavaScript,,22870,5024,22870,13,79,pcottle/learnGitBranching,265.0,0.0,0.0,0.0,2646.0,10.0,382.0,392.0,2.0,535.0,537.0,15.0,119.0,514.0,123.0,118.0,151.0,118.0,127.0,1,3491,0.07590948152391865,0.0,0.0,0.7579490117444858,-1,-0.2420509882555142,514.0
OAI/OpenAPI-Specification,5,3,0,0,0,3,8,0,1,0.0,17372733,OAI/OpenAPI-Specification,https://github.com/OAI/OpenAPI-Specification,2014-03-03 16:53:36,JavaScript,,22528,7928,22528,519,80,OAI/OpenAPI-Specification,218.0,0.0,10.0,0.0,1927.0,488.0,1324.0,1812.0,40.0,924.0,964.0,60.0,144.0,553.0,133.0,117.0,171.0,117.0,148.0,1,2924,0.07455540355677155,0.0,0.003419972640218878,0.6590287277701778,0.0,0.6624487004103967,553.0
ccxt/ccxt,40,154,0,0,0,56,179,1,4,14.0,91253698,ccxt/ccxt,https://github.com/ccxt/ccxt,2017-05-14 15:41:56,JavaScript,,22322,5478,22322,686,81,ccxt/ccxt,654.0,0.0,0.0,0.0,50063.0,518.0,6145.0,6663.0,164.0,5340.0,5504.0,0.0,7061.0,574.0,143.0,116.0,155.0,116.0,187.0,1,1756,0.3724373576309795,0.0,0.0,28.50968109339408,-1,27.50968109339408,574.0
Binaryify/NeteaseCloudMusicApi,241,9,0,0,0,8,15,0,6,8.0,61715431,Binaryify/NeteaseCloudMusicApi,https://github.com/Binaryify/NeteaseCloudMusicApi,2016-06-22 11:58:03,JavaScript,,22139,6410,22139,86,82,Binaryify/NeteaseCloudMusicApi,75.0,0.0,30.0,0.0,1144.0,92.0,1032.0,1124.0,14.0,324.0,338.0,55.0,139.0,511.0,122.0,115.0,163.0,115.0,118.0,1,2082,0.03602305475504323,0.0,0.01440922190201729,0.5494716618635928,0.0,0.5638808837656101,511.0
balderdashy/sails,24,9,0,1,0,13,51,1,1,4.0,3757512,balderdashy/sails,https://github.com/balderdashy/sails,2012-03-18 19:46:15,JavaScript,,22111,1934,22111,508,83,balderdashy/sails,294.0,0.0,30.0,0.0,7143.0,456.0,5835.0,6291.0,64.0,831.0,895.0,1.0,249.0,483.0,111.0,114.0,111.0,114.0,144.0,1,3639,0.0807914262159934,0.0,0.008244023083264633,1.962901896125309,0.0,1.9711459192085736,483.0
pure-css/pure,23,3,0,0,0,1,2,1,16,1.0,9603240,pure-css/pure,https://github.com/pure-css/pure,2013-04-22 16:16:39,JavaScript,,22059,2405,22059,4,84,pure-css/pure,71.0,42833.0,24.0,11.0,719.0,0.0,562.0,562.0,0.0,367.0,367.0,5.0,82.0,467.0,105.0,113.0,120.0,113.0,121.0,1,3239,0.021920345785736338,0.0033961099104661933,0.007409694350108058,0.2219820932386539,0.4583333333333333,0.6877251209220953,467.0
redux-saga/redux-saga,16,68,0,0,0,9,92,0,19,13.0,47071941,redux-saga/redux-saga,https://github.com/redux-saga/redux-saga,2015-11-29 16:58:12,JavaScript,,21957,1986,21957,237,85,redux-saga/redux-saga,353.0,0.0,30.0,0.0,1902.0,38.0,1392.0,1430.0,13.0,790.0,803.0,4.0,137.0,479.0,110.0,112.0,114.0,112.0,141.0,1,2288,0.15428321678321677,0.0,0.013111888111888112,0.8312937062937062,0.0,0.8444055944055944,479.0
mdbootstrap/mdb-ui-kit,0,5,16,2,0,2,57,0,0,0.0,23069399,mdbootstrap/mdb-ui-kit,https://github.com/mdbootstrap/mdb-ui-kit,2014-08-18 11:54:00,JavaScript,,21789,3432,21789,4,86,mdbootstrap/mdb-ui-kit,117.0,0.0,16.0,0.0,1447.0,2.0,1134.0,1136.0,0.0,328.0,328.0,4.0,129.0,478.0,109.0,111.0,140.0,111.0,116.0,1,2756,0.04245283018867924,0.0,0.005805515239477504,0.5250362844702468,0.0,0.5308417997097242,478.0
immerjs/immer,3,3,0,0,0,1,3,0,1,0.0,115720575,immerjs/immer,https://github.com/immerjs/immer,2017-12-29 12:25:47,JavaScript,,21681,672,21681,23,87,immerjs/immer,159.0,0.0,30.0,0.0,1242.0,21.0,531.0,552.0,14.0,348.0,362.0,23.0,177.0,438.0,101.0,110.0,98.0,110.0,120.0,1,1527,0.10412573673870335,0.0,0.019646365422396856,0.8133595284872298,0.0,0.8330058939096266,438.0
Tencent/wepy,9,6,0,0,0,14,24,0,2,5.0,73681508,Tencent/wepy,https://github.com/Tencent/wepy,2016-11-14 08:06:56,JavaScript,,21625,3047,21625,373,88,Tencent/wepy,191.0,0.0,8.0,0.0,2381.0,346.0,1783.0,2129.0,34.0,609.0,643.0,0.0,137.0,483.0,111.0,109.0,132.0,109.0,133.0,1,1937,0.0986060918946825,0.0,0.004130098089829634,1.2292204439855448,0.0,1.2333505420753743,483.0
ramda/ramda,19,7,0,0,0,13,33,0,16,10.0,10851820,ramda/ramda,https://github.com/ramda/ramda,2013-06-21 20:32:35,JavaScript,,21444,1366,21444,334,89,ramda/ramda,344.0,0.0,26.0,0.0,2963.0,120.0,1428.0,1548.0,22.0,1662.0,1684.0,7.0,134.0,485.0,113.0,108.0,104.0,108.0,165.0,1,3179,0.10821012897137465,0.0,0.00817867253853413,0.9320541050644857,0.0,0.9402327776030198,485.0
fastify/fastify,86,10,0,0,0,46,58,2,34,9.0,69495170,fastify/fastify,https://github.com/fastify/fastify,2016-09-28 19:10:14,JavaScript,,21343,1577,21343,79,90,fastify/fastify,497.0,0.0,30.0,0.0,3154.0,50.0,1303.0,1353.0,9.0,2236.0,2245.0,14.0,198.0,492.0,114.0,107.0,105.0,107.0,173.0,1,1984,0.2505040322580645,0.0,0.015120967741935484,1.5897177419354838,0.0,1.6048387096774193,492.0
swagger-api/swagger-ui,21,9,0,0,0,12,19,0,4,0.0,2055965,swagger-api/swagger-ui,https://github.com/swagger-api/swagger-ui,2011-07-15 22:56:39,JavaScript,,21213,8131,21213,702,91,swagger-api/swagger-ui,527.0,0.0,30.0,0.0,5360.0,677.0,4064.0,4741.0,51.0,2978.0,3029.0,1.0,321.0,565.0,138.0,106.0,173.0,106.0,180.0,1,3886,0.13561502830674216,0.0,0.007720020586721565,1.3793103448275863,0.0,1.387030365414308,565.0
facebook/draft-js,3,2,1,0,0,3,18,1,6,5.0,52113921,facebook/draft-js,https://github.com/facebook/draft-js,2016-02-19 20:18:26,JavaScript,,21107,2481,21107,909,92,facebook/draft-js,338.0,0.0,26.0,0.0,1147.0,764.0,964.0,1728.0,166.0,1179.0,1345.0,4.0,30.0,493.0,115.0,105.0,123.0,105.0,160.0,1,2206,0.15321849501359927,0.0,0.011786038077969175,0.5199456029011786,0.0,0.5317316409791478,493.0
bevacqua/dragula,18,0,0,0,0,0,0,0,87,13.0,33895378,bevacqua/dragula,https://github.com/bevacqua/dragula,2015-04-13 21:35:38,JavaScript,,20997,1961,20997,148,93,bevacqua/dragula,44.0,0.0,0.0,0.0,366.0,98.0,406.0,504.0,51.0,134.0,185.0,2.0,85.0,425.0,99.0,104.0,113.0,104.0,104.0,0,2518,0.017474185861795076,0.0,0.0,0.1453534551231136,-1,-0.8546465448768864,425.0
feathericons/feather,26,6,0,0,0,16,40,0,32,20.0,20270252,feathericons/feather,https://github.com/feathericons/feather,2014-05-28 19:49:55,JavaScript,,20975,1007,20975,447,94,feathericons/feather,40.0,0.0,30.0,0.0,634.0,339.0,221.0,560.0,113.0,450.0,563.0,1.0,72.0,437.0,100.0,103.0,101.0,103.0,130.0,1,2838,0.014094432699083862,0.0,0.010570824524312896,0.22339675828047922,0.0,0.23396758280479213,437.0
mochajs/mocha,14,16,0,0,0,15,28,3,0,0.0,1451352,mochajs/mocha,https://github.com/mochajs/mocha,2011-03-07 18:44:25,JavaScript,,20949,2903,20949,265,95,mochajs/mocha,556.0,0.0,30.0,0.0,3558.0,225.0,2568.0,2793.0,38.0,1939.0,1977.0,7.0,37.0,501.0,119.0,102.0,129.0,102.0,168.0,1,4016,0.13844621513944222,0.0,0.007470119521912351,0.8859561752988048,0.0,0.8934262948207171,501.0
rollup/rollup,0,3,0,0,0,6,17,2,5,5.0,35640229,rollup/rollup,https://github.com/rollup/rollup,2015-05-14 22:26:28,JavaScript,,20928,1079,20928,361,96,rollup/rollup,317.0,0.0,30.0,0.0,4858.0,362.0,2392.0,2754.0,21.0,1645.0,1666.0,1.0,67.0,468.0,107.0,101.0,102.0,101.0,164.0,1,2487,0.12746280659429032,0.0,0.012062726176115802,1.9533574587856857,0.0,1.9654201849618014,468.0
sampotts/plyr,71,23,0,8,0,16,87,0,234,34.0,30794868,sampotts/plyr,https://github.com/sampotts/plyr,2015-02-14 11:33:07,JavaScript,,20806,2507,20806,696,97,sampotts/plyr,185.0,0.0,30.0,0.0,2205.0,702.0,1143.0,1845.0,32.0,462.0,494.0,8.0,28.0,450.0,103.0,100.0,124.0,100.0,126.0,1,2576,0.07181677018633541,0.0,0.011645962732919254,0.8559782608695652,0.0,0.8676242236024845,450.0
paularmstrong/normalizr,11,1,0,0,0,2,4,0,2,5.0,23141830,paularmstrong/normalizr,https://github.com/paularmstrong/normalizr,2014-08-20 08:41:38,JavaScript,,20686,844,20686,36,98,paularmstrong/normalizr,72.0,147.0,25.0,54.0,454.0,22.0,279.0,301.0,16.0,173.0,189.0,3.0,21.0,402.0,98.0,99.0,99.0,99.0,105.0,0,2754,0.026143790849673203,0.0196078431372549,0.00907770515613653,0.16485112563543936,2.16,2.333928830791576,402.0
fabricjs/fabric.js,55,13,0,0,0,14,49,0,10,3.0,712530,fabricjs/fabric.js,https://github.com/fabricjs/fabric.js,2010-06-09 22:24:38,JavaScript,,20580,2912,20580,263,99,fabricjs/fabric.js,289.0,0.0,30.0,0.0,4390.0,247.0,5104.0,5351.0,36.0,2039.0,2075.0,2.0,157.0,495.0,116.0,98.0,130.0,98.0,169.0,1,4287,0.06741310940051318,0.0,0.006997900629811057,1.0240261254956846,0.0,1.0310240261254957,495.0
Polyfiller/polyfiller,0,51,0,0,0,51,59,0,23,21.0,34984618,Polyfiller/polyfiller,https://github.com/Polyfiller/polyfiller,2015-05-03 12:04:07,JavaScript,,99,5,99,3,198,Polyfiller/polyfiller,1.0,0.0,0.0,0.0,217.0,0.0,0.0,0.0,0.0,0.0,0.0,0.0,82.0,222.0,61.0,97.0,27.0,97.0,1.0,0,2498,0.00040032025620496394,0.0,0.0,0.08686949559647718,-1,-0.9131305044035228,222.0
philipshurpik/react-native-animated-tabs,4,1,2,0,0,0,0,0,11,2.0,48310766,philipshurpik/react-native-animated-tabs,https://github.com/philipshurpik/react-native-animated-tabs,2015-12-20 07:09:42,JavaScript,,98,14,98,2,197,philipshurpik/react-native-animated-tabs,1.0,0.0,0.0,0.0,34.0,2.0,2.0,4.0,0.0,0.0,0.0,0.0,8.0,261.0,80.0,96.0,68.0,96.0,1.0,0,2267,0.0004411116012351125,0.0,0.0,0.014997794441993825,-1,-0.9850022055580062,261.0
springernature/webpagetest-mapper,55,0,0,0,0,0,0,0,104,8.0,28625525,springernature/webpagetest-mapper,https://github.com/springernature/webpagetest-mapper,2014-12-30 09:42:54,JavaScript,,97,13,97,4,196,springernature/webpagetest-mapper,5.0,0.0,0.0,0.0,340.0,3.0,10.0,13.0,1.0,11.0,12.0,1.0,46.0,334.0,92.0,95.0,63.0,95.0,81.0,0,2622,0.0019069412662090007,0.0,0.0,0.12967200610221205,-1,-0.8703279938977879,334.0
jedireza/generator-hapi-style,2,3,0,0,0,0,4,0,1,10.0,27970665,jedireza/generator-hapi-style,https://github.com/jedireza/generator-hapi-style,2014-12-13 19:06:00,JavaScript,,96,17,96,1,195,jedireza/generator-hapi-style,3.0,0.0,0.0,0.0,74.0,1.0,14.0,15.0,0.0,20.0,20.0,1.0,12.0,346.0,94.0,94.0,71.0,94.0,87.0,0,2639,0.0011367942402425162,0.0,0.0,0.02804092459264873,-1,-0.9719590754073513,346.0
uupaa/UserAgent.js,2,2,0,0,0,3,5,0,0,3.0,40609288,uupaa/UserAgent.js,https://github.com/uupaa/UserAgent.js,2015-08-12 15:43:06,JavaScript,,95,12,95,1,194,uupaa/UserAgent.js,1.0,0.0,0.0,0.0,36.0,1.0,3.0,4.0,0.0,1.0,1.0,1.0,8.0,294.0,84.0,93.0,60.0,93.0,48.0,0,2397,0.00041718815185648727,0.0,0.0,0.015018773466833541,-1,-0.9849812265331664,294.0
RealOrangeOne/react-native-busy-indicator,0,4,1,0,0,0,3,0,9,3.0,48919374,RealOrangeOne/react-native-busy-indicator,https://github.com/RealOrangeOne/react-native-busy-indicator,2016-01-02 18:24:17,JavaScript,,94,39,94,4,193,RealOrangeOne/react-native-busy-indicator,7.0,0.0,3.0,0.0,78.0,0.0,5.0,5.0,0.0,18.0,18.0,0.0,18.0,359.0,95.0,92.0,91.0,92.0,84.0,0,2254,0.003105590062111801,0.0,0.0013309671694764862,0.03460514640638864,0.0,0.035936113575865125,359.0
Yaska/redux-mediaquery,23,0,0,0,0,0,1,0,7,5.0,61317163,Yaska/redux-mediaquery,https://github.com/Yaska/redux-mediaquery,2016-06-16 18:37:41,JavaScript,,93,6,93,2,192,Yaska/redux-mediaquery,5.0,0.0,1.0,0.0,22.0,2.0,0.0,2.0,0.0,0.0,0.0,0.0,16.0,213.0,57.0,91.0,30.0,91.0,1.0,0,2088,0.0023946360153256703,0.0,0.0004789272030651341,0.01053639846743295,0.0,0.011015325670498085,213.0
thejsway/thejsway_fr-code,9,0,0,0,0,1,1,0,0,0.0,43372525,thejsway/thejsway_fr-code,https://github.com/thejsway/thejsway_fr-code,2015-09-29 14:26:47,JavaScript,,92,146,92,17,191,thejsway/thejsway_fr-code,4.0,0.0,0.0,0.0,94.0,8.0,3.0,11.0,9.0,9.0,18.0,0.0,8.0,361.0,96.0,90.0,97.0,90.0,84.0,0,2349,0.0017028522775649213,0.0,0.0,0.04001702852277565,-1,-0.9599829714772243,361.0
humangeo/leaflet-tilefilter,0,1,1,0,0,2,2,0,0,2.0,20414622,humangeo/leaflet-tilefilter,https://github.com/humangeo/leaflet-tilefilter,2014-06-02 18:25:38,JavaScript,,91,19,91,6,190,humangeo/leaflet-tilefilter,7.0,0.0,0.0,0.0,25.0,5.0,3.0,8.0,0.0,0.0,0.0,0.0,5.0,251.0,77.0,89.0,72.0,89.0,1.0,0,2833,0.0024708789269325803,0.0,0.0,0.008824567596187787,-1,-0.9911754324038122,251.0
bentolor/java9-in-action,3,0,0,0,0,0,0,0,6,0.0,62308160,bentolor/java9-in-action,https://github.com/bentolor/java9-in-action,2016-06-30 12:17:18,JavaScript,,90,42,90,0,189,bentolor/java9-in-action,5.0,0.0,0.0,0.0,26.0,0.0,0.0,0.0,0.0,4.0,4.0,0.0,4.0,329.0,90.0,88.0,92.0,88.0,61.0,0,2074,0.0024108003857280617,0.0,0.0,0.01253616200578592,-1,-0.9874638379942141,329.0
css-modules/css-modules-loader-core,2,1,0,0,0,1,2,0,3,2.0,36403782,css-modules/css-modules-loader-core,https://github.com/css-modules/css-modules-loader-core,2015-05-28 00:11:23,JavaScript,,89,33,89,32,188,css-modules/css-modules-loader-core,8.0,0.0,0.0,0.0,145.0,19.0,7.0,26.0,13.0,198.0,211.0,0.0,7.0,367.0,97.0,87.0,87.0,87.0,106.0,0,2473,0.003234937323089365,0.0,0.0,0.05863323898099474,-1,-0.9413667610190053,367.0
stevenhauser/i-have-to-return-some-videotapes,4,0,0,0,0,1,1,0,3,0.0,45651925,stevenhauser/i-have-to-return-some-videotapes,https://github.com/stevenhauser/i-have-to-return-some-videotapes,2015-11-06 01:41:57,JavaScript,,88,20,88,4,187,stevenhauser/i-have-to-return-some-videotapes,3.0,0.0,0.0,0.0,168.0,4.0,4.0,8.0,0.0,9.0,9.0,0.0,6.0,321.0,89.0,86.0,74.0,86.0,75.0,0,2311,0.0012981393336218088,0.0,0.0,0.07269580268282129,-1,-0.9273041973171787,321.0
lavrton/Progressive-Web-App-Loading,0,0,0,0,0,0,1,0,0,0.0,63711521,lavrton/Progressive-Web-App-Loading,https://github.com/lavrton/Progressive-Web-App-Loading,2016-07-19 16:45:57,JavaScript,,87,13,87,0,186,lavrton/Progressive-Web-App-Loading,2.0,0.0,0.0,0.0,5.0,0.0,0.0,0.0,0.0,1.0,1.0,0.0,1.0,281.0,83.0,85.0,63.0,85.0,48.0,0,2055,0.0009732360097323601,0.0,0.0,0.0024330900243309003,-1,-0.9975669099756691,281.0
omarish/tweetable,6,0,0,0,0,0,1,0,7,2.0,35747404,omarish/tweetable,https://github.com/omarish/tweetable,2015-05-17 01:40:11,JavaScript,,86,8,86,1,185,omarish/tweetable,2.0,0.0,0.0,0.0,11.0,1.0,0.0,1.0,0.0,0.0,0.0,0.0,8.0,211.0,55.0,84.0,42.0,84.0,1.0,0,2484,0.0008051529790660225,0.0,0.0,0.004428341384863124,-1,-0.9955716586151369,211.0
vanng822/pagination,21,1,0,0,0,0,1,0,21,7.0,5010553,vanng822/pagination,https://github.com/vanng822/pagination,2012-07-12 21:25:04,JavaScript,,85,23,85,1,184,vanng822/pagination,5.0,0.0,5.0,0.0,97.0,1.0,5.0,6.0,0.0,3.0,3.0,0.0,26.0,305.0,86.0,83.0,81.0,83.0,58.0,0,3523,0.001419244961680386,0.0,0.001419244961680386,0.02753335225659949,0.0,0.028952597218279873,305.0
josegonzalez/real-aws-status,10,1,0,0,0,1,2,0,1,0.0,60803988,josegonzalez/real-aws-status,https://github.com/josegonzalez/real-aws-status,2016-06-09 20:12:06,JavaScript,,84,3,84,8,183,josegonzalez/real-aws-status,5.0,2675.0,4.0,3.0,20.0,6.0,10.0,16.0,0.0,1.0,1.0,0.0,6.0,227.0,63.0,82.0,15.0,82.0,48.0,0,2095,0.002386634844868735,0.001431980906921241,0.0019093078758949881,0.00954653937947494,0.75,0.76145584725537,227.0
node-hocus-pocus/legerdemain,10,0,0,0,0,2,3,0,2,5.0,41674561,node-hocus-pocus/legerdemain,https://github.com/node-hocus-pocus/legerdemain,2015-08-31 12:39:05,JavaScript,,83,4,83,5,182,node-hocus-pocus/legerdemain,2.0,0.0,0.0,0.0,24.0,3.0,1.0,4.0,2.0,1.0,3.0,0.0,4.0,240.0,69.0,81.0,20.0,81.0,58.0,0,2378,0.0008410428931875525,0.0,0.0,0.010092514718250631,-1,-0.9899074852817493,240.0
shama/base-element,15,4,0,0,0,13,16,0,25,11.0,34996782,shama/base-element,https://github.com/shama/base-element,2015-05-03 18:51:25,JavaScript,,82,7,82,4,181,shama/base-element,4.0,0.0,0.0,0.0,130.0,4.0,7.0,11.0,0.0,12.0,12.0,2.0,44.0,277.0,82.0,80.0,36.0,80.0,81.0,0,2498,0.0016012810248198558,0.0,0.0,0.05204163330664532,-1,-0.9479583666933546,277.0
piliyu/react-getting-started,0,0,0,0,0,0,0,0,0,0.0,41653829,piliyu/react-getting-started,https://github.com/piliyu/react-getting-started,2015-08-31 03:29:42,JavaScript,,81,33,81,0,180,piliyu/react-getting-started,1.0,0.0,0.0,0.0,4.0,0.0,0.0,0.0,0.0,0.0,0.0,0.0,3.0,246.0,74.0,79.0,87.0,79.0,1.0,0,2378,0.00042052144659377626,0.0,0.0,0.001682085786375105,-1,-0.9983179142136249,246.0
dermike/conversational-ui,0,1,0,0,0,1,4,0,5,2.0,59319345,dermike/conversational-ui,https://github.com/dermike/conversational-ui,2016-05-20 19:00:09,JavaScript,,80,20,80,0,179,dermike/conversational-ui,2.0,0.0,0.0,0.0,25.0,0.0,1.0,1.0,0.0,0.0,0.0,0.0,6.0,231.0,65.0,78.0,74.0,78.0,1.0,0,2115,0.0009456264775413711,0.0,0.0,0.01182033096926714,-1,-0.9881796690307328,231.0
dmatteo/jsdomify,2,2,0,0,0,3,6,0,4,10.0,32510452,dmatteo/jsdomify,https://github.com/dmatteo/jsdomify,2015-03-19 08:50:36,JavaScript,,78,11,78,2,177,dmatteo/jsdomify,4.0,0.0,0.0,0.0,185.0,1.0,14.0,15.0,1.0,382.0,383.0,0.0,15.0,334.0,92.0,77.0,57.0,77.0,123.0,0,2543,0.0015729453401494297,0.0,0.0,0.07274872198191112,-1,-0.9272512780180888,334.0
rollup/three-jsnext,0,0,0,0,0,4,6,1,2,5.0,38784344,rollup/three-jsnext,https://github.com/rollup/three-jsnext,2015-07-08 22:53:58,JavaScript,,77,118,77,5,176,rollup/three-jsnext,2.0,0.0,0.0,0.0,54.0,5.0,3.0,8.0,0.0,3.0,3.0,0.0,6.0,305.0,86.0,76.0,95.0,76.0,58.0,0,2432,0.0008223684210526315,0.0,0.0,0.022203947368421052,-1,-0.977796052631579,305.0
city41/node-sql-fixtures,0,0,0,0,0,4,7,4,2,1.0,24515017,city41/node-sql-fixtures,https://github.com/city41/node-sql-fixtures,2014-09-26 20:52:58,JavaScript,,76,13,76,6,175,city41/node-sql-fixtures,6.0,0.0,0.0,0.0,135.0,5.0,30.0,35.0,1.0,12.0,13.0,5.0,42.0,296.0,85.0,75.0,63.0,75.0,83.0,0,2717,0.002208317997791682,0.0,0.0,0.049687154950312847,-1,-0.9503128450496872,296.0
aurelia/bootstrapper,10,4,0,0,0,0,10,0,2,7.0,27837192,aurelia/bootstrapper,https://github.com/aurelia/bootstrapper,2014-12-10 20:00:17,JavaScript,,75,36,75,12,174,aurelia/bootstrapper,22.0,0.0,30.0,0.0,252.0,1.0,39.0,40.0,13.0,33.0,46.0,0.0,15.0,330.0,91.0,74.0,90.0,74.0,92.0,0,2642,0.008327024981074944,0.0,0.011355034065102196,0.09538228614685844,0.0,0.10673732021196064,330.0
yinfxs/ibird,0,4,0,0,0,3,8,0,2,5.0,60183648,yinfxs/ibird,https://github.com/yinfxs/ibird,2016-06-01 14:23:48,JavaScript,,74,8,74,0,173,yinfxs/ibird,1.0,0.0,0.0,0.0,340.0,0.0,0.0,0.0,0.0,0.0,0.0,0.0,18.0,189.0,47.0,73.0,42.0,73.0,1.0,0,2103,0.00047551117451260106,0.0,0.0,0.16167379933428436,-1,-0.8383262006657156,189.0
codepan/ionic,0,0,0,0,0,0,0,0,0,0.0,44088009,codepan/ionic,https://github.com/codepan/ionic,2015-10-12 06:24:27,JavaScript,,73,80,73,4,172,codepan/ionic,2.0,0.0,0.0,0.0,2.0,4.0,0.0,4.0,0.0,0.0,0.0,0.0,1.0,239.0,68.0,72.0,94.0,72.0,1.0,0,2336,0.0008561643835616438,0.0,0.0,0.0008561643835616438,-1,-0.9991438356164384,239.0
feeblejs/feeble,0,0,0,0,0,0,4,0,0,2.0,63790078,feeblejs/feeble,https://github.com/feeblejs/feeble,2016-07-20 14:53:57,JavaScript,,72,7,72,0,171,feeblejs/feeble,3.0,0.0,6.0,0.0,173.0,0.0,4.0,4.0,0.0,5.0,5.0,0.0,33.0,244.0,72.0,71.0,36.0,71.0,66.0,0,2054,0.0014605647517039922,0.0,0.0029211295034079843,0.08422590068159688,0.0,0.08714703018500487,244.0
alexbeletsky/brick,3,0,0,0,0,0,3,0,0,1.0,33413608,alexbeletsky/brick,https://github.com/alexbeletsky/brick,2015-04-04 17:18:09,JavaScript,,71,6,71,0,170,alexbeletsky/brick,1.0,0.0,0.0,0.0,14.0,0.0,0.0,0.0,0.0,0.0,0.0,0.0,3.0,171.0,42.0,70.0,30.0,70.0,1.0,0,2527,0.0003957261574990107,0.0,0.0,0.00554016620498615,-1,-0.9944598337950139,171.0
thenables/composition,0,0,0,0,0,0,0,0,0,1.0,28164006,thenables/composition,https://github.com/thenables/composition,2014-12-18 01:56:09,JavaScript,,70,6,70,1,169,thenables/composition,6.0,0.0,0.0,0.0,30.0,0.0,0.0,0.0,0.0,5.0,5.0,0.0,3.0,234.0,67.0,69.0,30.0,69.0,66.0,0,2634,0.002277904328018223,0.0,0.0,0.011389521640091117,-1,-0.9886104783599089,234.0
krakenjs/generator-swaggerize,25,2,0,0,0,6,8,0,38,5.0,25485575,krakenjs/generator-swaggerize,https://github.com/krakenjs/generator-swaggerize,2014-10-20 20:38:57,JavaScript,,69,34,69,12,168,krakenjs/generator-swaggerize,22.0,0.0,3.0,0.0,199.0,11.0,37.0,48.0,1.0,60.0,61.0,2.0,17.0,318.0,88.0,68.0,89.0,68.0,93.0,0,2693,0.008169327887114742,0.0,0.0011139992573338284,0.07389528406981062,0.0,0.07500928332714445,318.0
madshargreave/gitchecker,13,0,0,0,0,0,0,0,5,3.0,48900372,madshargreave/gitchecker,https://github.com/madshargreave/gitchecker,2016-01-02 05:59:22,JavaScript,,68,9,68,1,167,madshargreave/gitchecker,1.0,0.0,0.0,0.0,22.0,1.0,1.0,2.0,0.0,0.0,0.0,0.0,5.0,184.0,46.0,67.0,49.0,67.0,1.0,0,2254,0.00044365572315882877,0.0,0.0,0.009760425909494233,-1,-0.9902395740905058,184.0
ljunb/react-native-iCityAction,4,5,0,0,0,0,0,0,0,1.0,58206445,ljunb/react-native-iCityAction,https://github.com/ljunb/react-native-iCityAction,2016-05-06 12:42:13,JavaScript,,67,21,67,0,166,ljunb/react-native-iCityAction,2.0,0.0,0.0,0.0,22.0,0.0,0.0,0.0,0.0,0.0,0.0,0.0,6.0,211.0,55.0,66.0,78.0,66.0,1.0,0,2129,0.0009394081728511038,0.0,0.0,0.010333489901362142,-1,-0.9896665100986378,211.0
prettydiff/biddle,12,2,0,1,0,1,7,0,1,0.0,62554825,prettydiff/biddle,https://github.com/prettydiff/biddle,2016-07-04 10:45:38,JavaScript,,66,4,66,6,165,prettydiff/biddle,6.0,0.0,0.0,0.0,785.0,0.0,0.0,0.0,0.0,0.0,0.0,10.0,79.0,151.0,32.0,65.0,20.0,65.0,1.0,0,2070,0.002898550724637681,0.0,0.0,0.37922705314009664,-1,-0.6207729468599034,151.0
nathanmarks/jss-theme-reactor,1,1,0,0,0,0,1,0,1,3.0,66155061,nathanmarks/jss-theme-reactor,https://github.com/nathanmarks/jss-theme-reactor,2016-08-20 15:54:05,JavaScript,,65,8,65,9,164,nathanmarks/jss-theme-reactor,6.0,0.0,0.0,0.0,100.0,7.0,16.0,23.0,2.0,21.0,23.0,4.0,14.0,258.0,79.0,64.0,42.0,64.0,88.0,0,2023,0.002965892239248641,0.0,0.0,0.049431537320810674,-1,-0.9505684626791894,258.0
voronianski/xml2obj-stream,10,2,0,0,0,3,8,0,18,7.0,25814520,voronianski/xml2obj-stream,https://github.com/voronianski/xml2obj-stream,2014-10-27 10:51:01,JavaScript,,64,7,64,1,163,voronianski/xml2obj-stream,1.0,0.0,0.0,0.0,44.0,1.0,0.0,1.0,0.0,0.0,0.0,0.0,34.0,163.0,36.0,63.0,36.0,63.0,1.0,0,2686,0.00037230081906180194,0.0,0.0,0.016381236038719285,-1,-0.9836187639612807,163.0
sogko/todomvc-relay-go,8,0,0,0,0,5,5,0,4,4.0,43556589,sogko/todomvc-relay-go,https://github.com/sogko/todomvc-relay-go,2015-10-02 14:13:11,JavaScript,,63,8,63,3,162,sogko/todomvc-relay-go,1.0,0.0,0.0,0.0,6.0,2.0,1.0,3.0,1.0,0.0,1.0,0.0,2.0,214.0,58.0,62.0,42.0,62.0,48.0,0,2346,0.00042625745950554135,0.0,0.0,0.0025575447570332483,-1,-0.9974424552429667,214.0
uy-xela/atom-tomatimer,15,6,0,0,0,0,4,0,8,1.0,57433440,uy-xela/atom-tomatimer,https://github.com/uy-xela/atom-tomatimer,2016-04-30 08:21:45,JavaScript,,62,7,62,5,161,uy-xela/atom-tomatimer,3.0,0.0,0.0,0.0,77.0,5.0,2.0,7.0,0.0,18.0,18.0,0.0,18.0,242.0,71.0,61.0,36.0,61.0,84.0,0,2135,0.001405152224824356,0.0,0.0,0.036065573770491806,-1,-0.9639344262295082,242.0
depop/archived-graphql-helpers,4,0,0,0,0,0,0,0,6,9.0,61054912,depop/archived-graphql-helpers,https://github.com/depop/archived-graphql-helpers,2016-06-13 17:08:46,JavaScript,,61,5,61,4,160,depop/archived-graphql-helpers,1.0,0.0,0.0,0.0,29.0,4.0,2.0,6.0,0.0,0.0,0.0,0.0,9.0,148.0,31.0,60.0,27.0,60.0,1.0,0,2091,0.00047824007651841227,0.0,0.0,0.013868962219033954,-1,-0.986131037780966,148.0
bakery/parse-graphql-server,5,5,0,0,0,4,9,0,0,3.0,62622899,bakery/parse-graphql-server,https://github.com/bakery/parse-graphql-server,2016-07-05 09:19:13,JavaScript,,60,13,60,1,159,bakery/parse-graphql-server,1.0,0.0,0.0,0.0,15.0,1.0,1.0,2.0,0.0,1.0,1.0,0.0,3.0,229.0,64.0,59.0,63.0,59.0,48.0,0,2069,0.0004833252779120348,0.0,0.0,0.007249879168680522,-1,-0.9927501208313195,229.0
axross/tap-notify,0,3,0,0,0,2,3,0,1,3.0,46161469,axross/tap-notify,https://github.com/axross/tap-notify,2015-11-14 04:31:33,JavaScript,,59,10,59,4,158,axross/tap-notify,2.0,0.0,2.0,0.0,16.0,2.0,2.0,4.0,1.0,3.0,4.0,0.0,6.0,231.0,65.0,58.0,54.0,58.0,61.0,0,2303,0.0008684324793747286,0.0,0.0008684324793747286,0.006947459834997829,0.0,0.007815892314372557,231.0
raquelxmoss/cycle-color-picker,3,1,1,0,0,4,7,0,3,4.0,59546641,raquelxmoss/cycle-color-picker,https://github.com/raquelxmoss/cycle-color-picker,2016-05-24 06:32:22,JavaScript,,58,9,58,2,157,raquelxmoss/cycle-color-picker,5.0,0.0,1.0,0.0,95.0,2.0,0.0,2.0,0.0,10.0,10.0,0.0,8.0,240.0,69.0,57.0,49.0,57.0,77.0,0,2111,0.0023685457129322598,0.0,0.0004737091425864519,0.045002368545712934,0.0,0.045476077688299386,240.0
yoshuawuyts/server-router,2,0,0,0,0,2,4,0,3,2.0,50759587,yoshuawuyts/server-router,https://github.com/yoshuawuyts/server-router,2016-01-31 05:00:11,JavaScript,,57,8,57,2,156,yoshuawuyts/server-router,12.0,0.0,1.0,0.0,78.0,2.0,5.0,7.0,0.0,27.0,27.0,0.0,21.0,244.0,72.0,56.0,42.0,56.0,90.0,0,2225,0.005393258426966292,0.0,0.00044943820224719103,0.0350561797752809,0.0,0.03550561797752809,244.0
BoLaMN/loopback-component-admin,2,2,0,0,0,0,1,0,0,1.0,48898802,BoLaMN/loopback-component-admin,https://github.com/BoLaMN/loopback-component-admin,2016-01-02 04:38:54,JavaScript,,56,27,56,12,155,BoLaMN/loopback-component-admin,7.0,0.0,0.0,0.0,32.0,0.0,0.0,0.0,0.0,0.0,0.0,0.0,4.0,194.0,49.0,55.0,83.0,55.0,1.0,0,2254,0.003105590062111801,0.0,0.0,0.01419698314108252,-1,-0.9858030168589175,194.0
davideast/firebase-ionic-login-sample,0,1,0,0,0,0,1,0,0,0.0,48177364,davideast/firebase-ionic-login-sample,https://github.com/davideast/firebase-ionic-login-sample,2015-12-17 13:58:56,JavaScript,,55,19,55,1,154,davideast/firebase-ionic-login-sample,1.0,0.0,0.0,0.0,2.0,0.0,0.0,0.0,0.0,0.0,0.0,0.0,1.0,181.0,44.0,54.0,72.0,54.0,1.0,0,2270,0.0004405286343612335,0.0,0.0,0.000881057268722467,-1,-0.9991189427312775,181.0
react-component/m-drawer,0,2,0,0,0,1,2,0,0,4.0,57108556,react-component/m-drawer,https://github.com/react-component/m-drawer,2016-04-26 07:47:41,JavaScript,,54,12,54,15,153,react-component/m-drawer,5.0,0.0,0.0,0.0,30.0,6.0,4.0,10.0,9.0,63.0,72.0,0.0,8.0,262.0,81.0,53.0,60.0,53.0,96.0,0,2139,0.0023375409069658717,0.0,0.0,0.014025245441795231,-1,-0.9859747545582047,262.0
kimeshan/mf-proto,47,2,0,0,0,0,3,0,0,2.0,48221565,kimeshan/mf-proto,https://github.com/kimeshan/mf-proto,2015-12-18 07:43:40,JavaScript,,53,20,53,2,152,kimeshan/mf-proto,1.0,0.0,0.0,0.0,5.0,2.0,0.0,2.0,0.0,0.0,0.0,0.0,4.0,179.0,43.0,52.0,74.0,52.0,1.0,0,2269,0.00044072278536800354,0.0,0.0,0.0022036139268400176,-1,-0.99779638607316,179.0
simon-engledew/dockerweb,0,1,1,0,0,0,0,0,2,1.0,62121480,simon-engledew/dockerweb,https://github.com/simon-engledew/dockerweb,2016-06-28 07:55:41,JavaScript,,52,6,52,0,151,simon-engledew/dockerweb,3.0,0.0,0.0,0.0,15.0,0.0,0.0,0.0,0.0,0.0,0.0,0.0,10.0,133.0,26.0,51.0,30.0,51.0,1.0,0,2076,0.001445086705202312,0.0,0.0,0.0072254335260115606,-1,-0.9927745664739884,133.0
graphistry/cljs,3,0,0,0,0,1,2,0,5,3.0,43050521,graphistry/cljs,https://github.com/graphistry/cljs,2015-09-24 07:03:58,JavaScript,,51,6,51,2,150,graphistry/cljs,5.0,0.0,0.0,0.0,41.0,2.0,4.0,6.0,0.0,6.0,6.0,0.0,2.0,198.0,50.0,50.0,30.0,50.0,68.0,0,2354,0.0021240441801189465,0.0,0.0,0.017417162276975363,-1,-0.9825828377230247,198.0
mixmaxhq/electron-editor-context-menu,3,1,0,0,0,0,0,0,6,5.0,51183535,mixmaxhq/electron-editor-context-menu,https://github.com/mixmaxhq/electron-editor-context-menu,2016-02-06 00:56:10,JavaScript,,50,9,50,3,149,mixmaxhq/electron-editor-context-menu,10.0,0.0,0.0,0.0,24.0,3.0,4.0,7.0,0.0,10.0,10.0,0.0,7.0,224.0,62.0,49.0,49.0,49.0,77.0,0,2219,0.004506534474988734,0.0,0.0,0.010815682739972961,-1,-0.9891843172600271,224.0
wacai/pt-goodjob,10,0,0,0,0,2,2,0,0,7.0,62552116,wacai/pt-goodjob,https://github.com/wacai/pt-goodjob,2016-07-04 10:00:21,JavaScript,,49,31,49,1,148,wacai/pt-goodjob,1.0,0.0,0.0,0.0,14.0,1.0,0.0,1.0,0.0,0.0,0.0,0.0,5.0,183.0,45.0,48.0,86.0,48.0,1.0,0,2070,0.0004830917874396135,0.0,0.0,0.00676328502415459,-1,-0.9932367149758454,183.0
eliquious/electronify-server,17,0,0,0,0,2,3,0,19,6.0,46212580,eliquious/electronify-server,https://github.com/eliquious/electronify-server,2015-11-15 10:01:39,JavaScript,,48,7,48,1,147,eliquious/electronify-server,4.0,0.0,3.0,0.0,39.0,1.0,6.0,7.0,0.0,9.0,9.0,0.0,10.0,205.0,53.0,47.0,36.0,47.0,75.0,0,2302,0.0017376194613379669,0.0,0.0013032145960034753,0.016941789748045177,0.0,0.018245004344048653,205.0
thelastpickle/cassandra-zipkin-tracing,0,0,0,0,0,1,4,0,5,0.0,43086061,thelastpickle/cassandra-zipkin-tracing,https://github.com/thelastpickle/cassandra-zipkin-tracing,2015-09-24 18:45:55,JavaScript,,46,10,46,5,145,thelastpickle/cassandra-zipkin-tracing,3.0,0.0,0.0,0.0,15.0,3.0,7.0,10.0,2.0,2.0,4.0,0.0,5.0,207.0,54.0,46.0,54.0,46.0,61.0,0,2354,0.001274426508071368,0.0,0.0,0.006372132540356839,-1,-0.9936278674596432,207.0
batdevis/swagger_engine,0,1,0,0,0,2,4,0,4,5.0,35430479,batdevis/swagger_engine,https://github.com/batdevis/swagger_engine,2015-05-11 14:54:09,JavaScript,,45,49,45,11,144,batdevis/swagger_engine,3.0,0.0,0.0,0.0,41.0,8.0,4.0,12.0,3.0,3.0,6.0,0.0,15.0,251.0,77.0,45.0,93.0,45.0,68.0,0,2490,0.0012048192771084338,0.0,0.0,0.01646586345381526,-1,-0.9835341365461847,251.0
ivandoric/one-page-app-with-drupal-and-vue,0,0,0,1,0,1,2,0,0,0.0,47992113,ivandoric/one-page-app-with-drupal-and-vue,https://github.com/ivandoric/one-page-app-with-drupal-and-vue,2015-12-14 18:01:06,JavaScript,,44,20,44,3,143,ivandoric/one-page-app-with-drupal-and-vue,1.0,0.0,12.0,0.0,14.0,3.0,1.0,4.0,0.0,0.0,0.0,0.0,1.0,163.0,36.0,44.0,74.0,44.0,1.0,0,2273,0.0004399472063352398,0.0,0.005279366476022877,0.0061592608886933565,0.0,0.011438627364716233,163.0
Vicfeel/OTMaps,14,4,0,0,0,3,8,0,4,6.0,58173499,Vicfeel/OTMaps,https://github.com/Vicfeel/OTMaps,2016-05-06 02:07:30,JavaScript,,43,22,43,7,142,Vicfeel/OTMaps,2.0,0.0,0.0,0.0,42.0,7.0,2.0,9.0,0.0,0.0,0.0,0.0,21.0,167.0,40.0,43.0,80.0,43.0,1.0,0,2129,0.0009394081728511038,0.0,0.0,0.01972757162987318,-1,-0.9802724283701268,167.0
taggon/tidev,6,0,0,0,0,0,0,0,0,3.0,34940469,taggon/tidev,https://github.com/taggon/tidev,2015-05-02 08:18:40,JavaScript,,42,12,42,0,141,taggon/tidev,2.0,0.0,0.0,0.0,4.0,0.0,2.0,2.0,0.0,1.0,1.0,1.0,3.0,192.0,48.0,42.0,60.0,42.0,48.0,0,2499,0.0008003201280512205,0.0,0.0,0.001600640256102441,-1,-0.9983993597438976,192.0
kunalgolani/eslint-config,11,0,0,0,0,12,13,0,1,2.0,62632224,kunalgolani/eslint-config,https://github.com/kunalgolani/eslint-config,2016-07-05 11:41:39,JavaScript,,41,16,41,23,140,kunalgolani/eslint-config,10.0,0.0,0.0,0.0,111.0,2.0,10.0,12.0,27.0,41.0,68.0,0.0,8.0,246.0,74.0,41.0,69.0,41.0,95.0,0,2069,0.004833252779120348,0.0,0.0,0.053649105848235866,-1,-0.9463508941517641,246.0
webdriverio-boneyard/wdio-mocha-framework,0,1,0,0,0,1,4,0,8,12.0,42412978,webdriverio-boneyard/wdio-mocha-framework,https://github.com/webdriverio-boneyard/wdio-mocha-framework,2015-09-13 21:07:55,JavaScript,,40,30,40,10,139,webdriverio-boneyard/wdio-mocha-framework,13.0,0.0,0.0,0.0,353.0,0.0,0.0,0.0,0.0,0.0,0.0,1.0,13.0,166.0,39.0,40.0,85.0,40.0,1.0,0,2365,0.0054968287526427064,0.0,0.0,0.1492600422832981,-1,-0.8507399577167019,166.0
botwiki/botmakers.org,9,1,0,0,0,5,9,0,11,0.0,42634420,botwiki/botmakers.org,https://github.com/botwiki/botmakers.org,2015-09-17 04:15:32,JavaScript,,39,11,39,6,138,botwiki/botmakers.org,3.0,0.0,0.0,0.0,59.0,1.0,0.0,1.0,6.0,0.0,6.0,0.0,8.0,203.0,52.0,39.0,57.0,39.0,68.0,0,2361,0.0012706480304955528,0.0,0.0,0.024989411266412537,-1,-0.9750105887335875,203.0
jhades/ng2-minimal,5,0,0,0,0,4,6,0,0,0.0,46295603,jhades/ng2-minimal,https://github.com/jhades/ng2-minimal,2015-11-16 19:02:48,JavaScript,,38,4,38,0,137,jhades/ng2-minimal,5.0,0.0,0.0,0.0,119.0,0.0,3.0,3.0,0.0,4.0,4.0,0.0,67.0,157.0,34.0,38.0,20.0,38.0,61.0,0,2301,0.0021729682746631897,0.0,0.0,0.05171664493698392,-1,-0.9482833550630161,157.0
JSJitsu/hero-starter,35,1,0,0,0,2,11,0,5,2.0,43996522,JSJitsu/hero-starter,https://github.com/JSJitsu/hero-starter,2015-10-10 05:56:35,JavaScript,,37,129,37,3,136,JSJitsu/hero-starter,19.0,0.0,0.0,0.0,140.0,1.0,24.0,25.0,2.0,9.0,11.0,0.0,31.0,249.0,76.0,37.0,96.0,37.0,79.0,0,2338,0.008126603934987169,0.0,0.0,0.059880239520958084,-1,-0.9401197604790419,249.0
girliemac/dash-rickroll,0,1,0,0,0,2,3,1,2,4.0,43622827,girliemac/dash-rickroll,https://github.com/girliemac/dash-rickroll,2015-10-04 02:47:55,JavaScript,,36,21,36,1,135,girliemac/dash-rickroll,1.0,0.0,0.0,0.0,6.0,1.0,0.0,1.0,0.0,0.0,0.0,0.0,6.0,151.0,32.0,36.0,78.0,36.0,1.0,0,2344,0.0004266211604095563,0.0,0.0,0.002559726962457338,-1,-0.9974402730375427,151.0
newghost/redblade,0,0,0,0,0,0,0,0,0,0.0,44729363,newghost/redblade,https://github.com/newghost/redblade,2015-10-22 07:33:01,JavaScript,,35,0,35,0,134,newghost/redblade,2.0,0.0,0.0,0.0,12.0,0.0,0.0,0.0,0.0,0.0,0.0,0.0,11.0,72.0,19.0,35.0,1.0,35.0,1.0,0,2326,0.0008598452278589854,0.0,0.0,0.005159071367153913,-1,-0.9948409286328461,72.0
buckhx/diglet,19,2,0,0,0,1,3,0,0,3.0,43912808,buckhx/diglet,https://github.com/buckhx/diglet,2015-10-08 19:50:48,JavaScript,,34,2,34,29,133,buckhx/diglet,3.0,71.0,13.0,18.0,308.0,29.0,18.0,47.0,0.0,6.0,6.0,0.0,29.0,144.0,30.0,34.0,8.0,34.0,68.0,0,2340,0.001282051282051282,0.007692307692307693,0.005555555555555556,0.13162393162393163,1.3846153846153846,1.5217948717948717,144.0
freeqaz/redux-simple-router-example,0,1,0,0,0,0,1,0,1,1.0,46455877,freeqaz/redux-simple-router-example,https://github.com/freeqaz/redux-simple-router-example,2015-11-19 00:10:31,JavaScript,,33,4,33,2,132,freeqaz/redux-simple-router-example,2.0,0.0,0.0,0.0,12.0,1.0,0.0,1.0,1.0,0.0,1.0,0.0,9.0,134.0,28.0,33.0,20.0,33.0,48.0,0,2298,0.0008703220191470844,0.0,0.0,0.005221932114882507,-1,-0.9947780678851175,134.0
lovetheory/nkc2,50,1,0,0,0,0,0,0,23,2.0,49789537,lovetheory/nkc2,https://github.com/lovetheory/nkc2,2016-01-16 20:22:50,JavaScript,,32,13,32,0,131,lovetheory/nkc2,13.0,0.0,0.0,0.0,1812.0,0.0,3.0,3.0,0.0,66.0,66.0,0.0,40.0,221.0,60.0,32.0,63.0,32.0,94.0,0,2240,0.005803571428571429,0.0,0.0,0.8089285714285714,-1,-0.19107142857142856,221.0
mcollina/we-are-not-object-oriented-anymore-demo,2,0,0,0,0,0,0,0,0,0.0,45044281,mcollina/we-are-not-object-oriented-anymore-demo,https://github.com/mcollina/we-are-not-object-oriented-anymore-demo,2015-10-27 13:52:58,JavaScript,,31,8,31,0,130,mcollina/we-are-not-object-oriented-anymore-demo,2.0,0.0,0.0,0.0,8.0,0.0,0.0,0.0,0.0,0.0,0.0,0.0,2.0,105.0,23.0,31.0,42.0,31.0,1.0,0,2321,0.0008616975441619991,0.0,0.0,0.0034467901766479965,-1,-0.996553209823352,105.0
yoshuawuyts/npm-install-package,4,0,0,0,0,0,1,0,4,3.0,43690573,yoshuawuyts/npm-install-package,https://github.com/yoshuawuyts/npm-install-package,2015-10-05 14:47:49,JavaScript,,30,2,30,2,129,yoshuawuyts/npm-install-package,3.0,0.0,0.0,0.0,11.0,0.0,0.0,0.0,0.0,0.0,0.0,0.0,4.0,69.0,17.0,30.0,8.0,30.0,1.0,0,2343,0.0012804097311139564,0.0,0.0,0.004694835680751174,-1,-0.9953051643192489,69.0
cohitre/redux-json-api,14,0,0,0,0,0,9,0,6,0.0,43620129,cohitre/redux-json-api,https://github.com/cohitre/redux-json-api,2015-10-04 00:41:56,JavaScript,,29,3,29,0,128,cohitre/redux-json-api,1.0,0.0,0.0,0.0,8.0,0.0,0.0,0.0,0.0,0.0,0.0,0.0,1.0,74.0,20.0,29.0,15.0,29.0,1.0,0,2344,0.0004266211604095563,0.0,0.0,0.0034129692832764505,-1,-0.9965870307167235,74.0
dainnilsson/flask-u2f-tutorial,0,0,0,0,0,0,0,0,0,0.0,44251539,dainnilsson/flask-u2f-tutorial,https://github.com/dainnilsson/flask-u2f-tutorial,2015-10-14 14:05:23,JavaScript,,28,10,28,1,127,dainnilsson/flask-u2f-tutorial,3.0,0.0,0.0,0.0,17.0,0.0,4.0,4.0,1.0,1.0,2.0,0.0,4.0,165.0,38.0,28.0,54.0,28.0,55.0,0,2334,0.0012853470437017994,0.0,0.0,0.00728363324764353,-1,-0.9927163667523564,165.0
cmxiaocai/Hi-Timed,7,3,0,0,0,1,2,0,0,0.0,45307986,cmxiaocai/Hi-Timed,https://github.com/cmxiaocai/Hi-Timed,2015-10-31 15:55:45,JavaScript,,27,8,27,0,126,cmxiaocai/Hi-Timed,1.0,0.0,0.0,0.0,9.0,0.0,0.0,0.0,0.0,0.0,0.0,0.0,8.0,97.0,22.0,27.0,42.0,27.0,1.0,0,2317,0.00043159257660768235,0.0,0.0,0.003884333189469141,-1,-0.9961156668105309,97.0
kidnes/webpack_vue_easyui,3,0,0,0,0,0,0,0,2,1.0,42569213,kidnes/webpack_vue_easyui,https://github.com/kidnes/webpack_vue_easyui,2015-09-16 06:31:59,JavaScript,,26,6,26,0,125,kidnes/webpack_vue_easyui,1.0,0.0,0.0,0.0,4.0,0.0,0.0,0.0,0.0,0.0,0.0,0.0,2.0,83.0,21.0,26.0,30.0,26.0,1.0,0,2362,0.0004233700254022015,0.0,0.0,0.001693480101608806,-1,-0.9983065198983911,83.0
mafintosh/stream-set,0,1,0,0,0,0,1,0,8,2.0,43904828,mafintosh/stream-set,https://github.com/mafintosh/stream-set,2015-10-08 17:13:54,JavaScript,,25,3,25,0,124,mafintosh/stream-set,1.0,0.0,0.0,0.0,6.0,0.0,0.0,0.0,0.0,0.0,0.0,0.0,4.0,66.0,14.0,25.0,15.0,25.0,1.0,0,2340,0.00042735042735042735,0.0,0.0,0.002564102564102564,-1,-0.9974358974358974,66.0
maeltm/node-google-id-token-verifier,6,0,0,0,0,0,0,0,0,4.0,44214755,maeltm/node-google-id-token-verifier,https://github.com/maeltm/node-google-id-token-verifier,2015-10-14 00:49:44,JavaScript,,24,3,24,4,123,maeltm/node-google-id-token-verifier,2.0,0.0,0.0,0.0,27.0,3.0,1.0,4.0,1.0,5.0,6.0,0.0,8.0,131.0,25.0,24.0,15.0,24.0,68.0,0,2334,0.000856898029134533,0.0,0.0,0.011568123393316195,-1,-0.9884318766066839,131.0
react-d3/react-d3-tooltip,8,2,0,0,0,1,2,0,11,4.0,43230896,react-d3/react-d3-tooltip,https://github.com/react-d3/react-d3-tooltip,2015-09-27 02:15:03,JavaScript,,23,23,23,15,122,react-d3/react-d3-tooltip,9.0,0.0,0.0,0.0,88.0,13.0,10.0,23.0,2.0,6.0,8.0,0.0,10.0,200.0,51.0,23.0,81.0,23.0,73.0,0,2351,0.0038281582305401958,0.0,0.0,0.03743088047639302,-1,-0.962569119523607,200.0
AdamBrodzinski/phoenix-rethinkdb-example,6,0,0,0,0,1,4,0,4,0.0,44034009,AdamBrodzinski/phoenix-rethinkdb-example,https://github.com/AdamBrodzinski/phoenix-rethinkdb-example,2015-10-11 00:50:37,JavaScript,,22,3,22,0,121,AdamBrodzinski/phoenix-rethinkdb-example,1.0,0.0,0.0,0.0,6.0,0.0,0.0,0.0,0.0,0.0,0.0,0.0,2.0,60.0,11.0,22.0,15.0,22.0,1.0,0,2337,0.0004278990158322636,0.0,0.0,0.0025673940949935813,-1,-0.9974326059050064,60.0
AnalyzeOrFeed/aof-replay-client,0,1,0,0,0,0,3,0,0,4.0,42420897,AnalyzeOrFeed/aof-replay-client,https://github.com/AnalyzeOrFeed/aof-replay-client,2015-09-14 01:48:21,JavaScript,,21,4,21,1,120,AnalyzeOrFeed/aof-replay-client,2.0,4050.0,11.0,15.0,88.0,1.0,0.0,1.0,0.0,0.0,0.0,0.0,4.0,63.0,12.0,21.0,20.0,21.0,1.0,0,2364,0.0008460236886632825,0.006345177664974619,0.004653130287648054,0.03722504230118443,1.3636363636363635,1.405514536225196,63.0
predixdesignsystem/px-app-nav,7,1,0,0,0,3,6,0,2,5.0,43081488,predixdesignsystem/px-app-nav,https://github.com/predixdesignsystem/px-app-nav,2015-09-24 17:17:53,JavaScript,,20,27,20,0,119,predixdesignsystem/px-app-nav,31.0,0.0,11.0,0.0,394.0,0.0,72.0,72.0,0.0,41.0,41.0,0.0,18.0,214.0,58.0,20.0,83.0,20.0,91.0,0,2354,0.013169073916737469,0.0,0.004672897196261682,0.16737468139337297,0.0,0.17204757858963465,214.0
CrossLead/angular-zendesk-widget,0,1,0,0,0,1,4,0,4,6.0,44981515,CrossLead/angular-zendesk-widget,https://github.com/CrossLead/angular-zendesk-widget,2015-10-26 16:25:06,JavaScript,,19,11,19,4,118,CrossLead/angular-zendesk-widget,8.0,0.0,4.0,0.0,40.0,3.0,4.0,7.0,1.0,7.0,8.0,0.0,4.0,168.0,41.0,19.0,57.0,19.0,73.0,0,2322,0.0034453057708871662,0.0,0.0017226528854435831,0.017226528854435832,0.0,0.018949181739879417,168.0
tobilg/docker-mongodb-marathon,19,0,0,0,0,2,8,0,17,3.0,44663468,tobilg/docker-mongodb-marathon,https://github.com/tobilg/docker-mongodb-marathon,2015-10-21 08:41:34,JavaScript,,18,16,18,0,117,tobilg/docker-mongodb-marathon,5.0,0.0,0.0,0.0,14.0,0.0,3.0,3.0,0.0,2.0,2.0,0.0,6.0,160.0,35.0,18.0,69.0,18.0,55.0,0,2327,0.0021486892995272885,0.0,0.0,0.006016330038676407,-1,-0.9939836699613236,160.0
linagora/awesome-angular-swipe,0,1,0,0,0,0,1,0,0,0.0,43491896,linagora/awesome-angular-swipe,https://github.com/linagora/awesome-angular-swipe,2015-10-01 11:04:40,JavaScript,,17,4,17,4,116,linagora/awesome-angular-swipe,6.0,0.0,0.0,0.0,48.0,4.0,6.0,10.0,0.0,11.0,11.0,5.0,8.0,133.0,26.0,17.0,20.0,17.0,79.0,0,2347,0.0025564550489987218,0.0,0.0,0.020451640391989774,-1,-0.9795483596080102,133.0
kylewelsby/airplay-chromecast,0,0,0,0,0,0,0,0,0,0.0,44456779,kylewelsby/airplay-chromecast,https://github.com/kylewelsby/airplay-chromecast,2015-10-17 22:22:10,JavaScript,,16,2,16,1,115,kylewelsby/airplay-chromecast,1.0,0.0,0.0,0.0,3.0,1.0,0.0,1.0,0.0,0.0,0.0,0.0,1.0,41.0,8.0,16.0,8.0,16.0,1.0,0,2331,0.000429000429000429,0.0,0.0,0.001287001287001287,-1,-0.9987129987129987,41.0
cameronhunter/alexa-annotations,0,0,0,0,0,1,1,0,0,0.0,43049967,cameronhunter/alexa-annotations,https://github.com/cameronhunter/alexa-annotations,2015-09-24 06:52:04,JavaScript,,15,4,15,0,114,cameronhunter/alexa-annotations,5.0,0.0,0.0,0.0,133.0,0.0,0.0,0.0,0.0,26.0,26.0,0.0,21.0,139.0,29.0,15.0,20.0,15.0,89.0,0,2354,0.0021240441801189465,0.0,0.0,0.05649957519116398,-1,-0.943500424808836,139.0
ahomu/rx.observable.combinetemplate,5,0,0,0,0,1,1,0,4,4.0,35555279,ahomu/rx.observable.combinetemplate,https://github.com/ahomu/rx.observable.combinetemplate,2015-05-13 14:53:29,JavaScript,,14,2,14,1,113,ahomu/rx.observable.combinetemplate,1.0,0.0,0.0,0.0,29.0,1.0,1.0,2.0,0.0,0.0,0.0,0.0,4.0,37.0,7.0,14.0,8.0,14.0,1.0,0,2488,0.00040192926045016077,0.0,0.0,0.011655948553054662,-1,-0.9883440514469454,37.0
alejo8591/unipiloto-am-3,7,0,0,0,0,1,7,0,3,0.0,43324348,alejo8591/unipiloto-am-3,https://github.com/alejo8591/unipiloto-am-3,2015-09-28 20:10:58,JavaScript,,13,7,13,0,112,alejo8591/unipiloto-am-3,3.0,0.0,0.0,0.0,21.0,0.0,17.0,17.0,0.0,0.0,0.0,0.0,5.0,63.0,12.0,13.0,36.0,13.0,1.0,0,2350,0.001276595744680851,0.0,0.0,0.008936170212765958,-1,-0.9910638297872341,63.0
lasergoat/homepress,15,0,0,0,0,1,8,0,12,0.0,43392725,lasergoat/homepress,https://github.com/lasergoat/homepress,2015-09-29 20:30:40,JavaScript,,12,0,12,0,111,lasergoat/homepress,3.0,0.0,0.0,0.0,42.0,0.0,0.0,0.0,0.0,0.0,0.0,0.0,24.0,26.0,4.0,12.0,1.0,12.0,1.0,0,2349,0.001277139208173691,0.0,0.0,0.017879948914431672,-1,-0.9821200510855683,26.0
implicit-explicit/meetup_hacking,8,0,0,0,0,2,4,0,0,6.0,34940018,implicit-explicit/meetup_hacking,https://github.com/implicit-explicit/meetup_hacking,2015-05-02 07:59:14,JavaScript,,11,2,11,6,110,implicit-explicit/meetup_hacking,7.0,0.0,0.0,0.0,53.0,0.0,0.0,0.0,0.0,0.0,0.0,0.0,7.0,31.0,6.0,11.0,8.0,11.0,1.0,0,2499,0.0028011204481792717,0.0,0.0,0.021208483393357343,-1,-0.9787915166066427,31.0
lizhanhui/rocketmq-cockpit,2,0,0,0,0,3,3,0,0,0.0,35474859,lizhanhui/rocketmq-cockpit,https://github.com/lizhanhui/rocketmq-cockpit,2015-05-12 07:57:59,JavaScript,,10,9,10,5,109,lizhanhui/rocketmq-cockpit,4.0,0.0,0.0,0.0,367.0,0.0,0.0,0.0,0.0,0.0,0.0,0.0,2.0,70.0,18.0,10.0,49.0,10.0,1.0,0,2489,0.0016070711128967456,0.0,0.0,0.1474487746082764,-1,-0.8525512253917236,70.0
lukaslaobeyer/simplereflowserver,0,0,0,0,0,0,0,0,1,0.0,34994059,lukaslaobeyer/simplereflowserver,https://github.com/lukaslaobeyer/simplereflowserver,2015-05-03 17:18:29,JavaScript,,9,1,9,0,108,lukaslaobeyer/simplereflowserver,1.0,0.0,0.0,0.0,6.0,0.0,0.0,0.0,0.0,0.0,0.0,0.0,2.0,26.0,4.0,9.0,7.0,9.0,1.0,0,2498,0.00040032025620496394,0.0,0.0,0.0024019215372297837,-1,-0.9975980784627703,26.0
opencartbrasil/url-amigavel-automatica,5,0,0,0,0,0,0,0,0,0.0,34968910,opencartbrasil/url-amigavel-automatica,https://github.com/opencartbrasil/url-amigavel-automatica,2015-05-03 00:57:42,JavaScript,,8,5,8,0,107,opencartbrasil/url-amigavel-automatica,1.0,0.0,0.0,0.0,20.0,0.0,2.0,2.0,0.0,0.0,0.0,0.0,7.0,44.0,9.0,8.0,27.0,8.0,1.0,0,2498,0.00040032025620496394,0.0,0.0,0.008006405124099279,-1,-0.9919935948759008,44.0
JakeCooper/Globo-Gym-Reboot,5,0,0,0,0,0,0,0,0,4.0,35569700,JakeCooper/Globo-Gym-Reboot,https://github.com/JakeCooper/Globo-Gym-Reboot,2015-05-13 19:24:25,JavaScript,,7,2,7,11,106,JakeCooper/Globo-Gym-Reboot,9.0,0.0,0.0,0.0,430.0,11.0,6.0,17.0,0.0,138.0,138.0,0.0,8.0,123.0,24.0,7.0,8.0,7.0,101.0,0,2488,0.003617363344051447,0.0,0.0,0.17282958199356913,-1,-0.8271704180064309,123.0
jacopotarantino/Lovelace,42,5,0,0,0,0,6,0,23,19.0,35346777,jacopotarantino/Lovelace,https://github.com/jacopotarantino/Lovelace,2015-05-09 21:49:55,JavaScript,,6,0,6,12,105,jacopotarantino/Lovelace,3.0,0.0,0.0,0.0,77.0,12.0,6.0,18.0,0.0,2.0,2.0,4.0,19.0,68.0,16.0,6.0,1.0,6.0,55.0,0,2492,0.001203852327447833,0.0,0.0,0.03089887640449438,-1,-0.9691011235955056,68.0
cgmartin/angular-spa-browserify-example,54,3,0,0,0,5,28,0,20,1.0,35463878,cgmartin/angular-spa-browserify-example,https://github.com/cgmartin/angular-spa-browserify-example,2015-05-12 03:08:33,JavaScript,,5,0,5,0,104,cgmartin/angular-spa-browserify-example,2.0,0.0,0.0,0.0,120.0,0.0,0.0,0.0,0.0,0.0,0.0,0.0,20.0,12.0,3.0,5.0,1.0,5.0,1.0,0,2489,0.0008035355564483728,0.0,0.0,0.04821213338690237,-1,-0.9517878666130977,12.0
spark3dp/webapp-samples,11,0,0,0,0,1,2,0,0,0.0,35571258,spark3dp/webapp-samples,https://github.com/spark3dp/webapp-samples,2015-05-13 19:57:42,JavaScript,,4,9,4,0,103,spark3dp/webapp-samples,7.0,0.0,0.0,0.0,740.0,0.0,0.0,0.0,0.0,0.0,0.0,0.0,31.0,58.0,10.0,4.0,49.0,4.0,1.0,0,2488,0.0028135048231511255,0.0,0.0,0.297427652733119,-1,-0.702572347266881,58.0
yourhead/ImageFunStack,4,0,0,0,0,0,0,0,10,0.0,34973987,yourhead/ImageFunStack,https://github.com/yourhead/ImageFunStack,2015-05-03 04:43:51,JavaScript,,3,0,3,0,102,yourhead/ImageFunStack,1.0,0.0,0.0,0.0,11.0,0.0,0.0,0.0,0.0,0.0,0.0,0.0,7.0,8.0,1.0,3.0,1.0,3.0,1.0,0,2498,0.00040032025620496394,0.0,0.0,0.004403522818254604,-1,-0.9955964771817454,8.0
Scoutski/mystery,23,0,0,0,0,1,7,0,0,0.0,35401765,Scoutski/mystery,https://github.com/Scoutski/mystery,2015-05-11 04:17:40,JavaScript,,2,0,2,3,101,Scoutski/mystery,1.0,0.0,0.0,0.0,29.0,3.0,2.0,5.0,0.0,4.0,4.0,0.0,3.0,66.0,14.0,2.0,1.0,2.0,61.0,0,2490,0.00040160642570281126,0.0,0.0,0.011646586345381526,-1,-0.9883534136546185,66.0
tmorozov/tim-expedia-api,0,0,0,0,0,0,0,0,0,0.0,34919869,tmorozov/tim-expedia-api,https://github.com/tmorozov/tim-expedia-api,2015-05-01 19:24:55,JavaScript,,1,2,1,2,100,tmorozov/tim-expedia-api,1.0,0.0,0.0,0.0,25.0,2.0,0.0,2.0,0.0,0.0,0.0,0.0,1.0,11.0,2.0,1.0,8.0,1.0,1.0,0,2500,0.0004,0.0,0.0,0.01,-1,-0.99,11.0
